course,id,title,domain_label,reference_contribution,reference_confidence,reference_confidence_score,evidence_level,url
Cursos de Actualización en Vivo: Maximiza tu Conocimiento en Todos los Cursos,420,Tu primera campaña de Amazon ADS para tu eCommerce,Publicidad y experimentos,"Podría orientar un brief inicial de publicidad en Amazon con objetivo y evidencia requerida, sin activar campañas ni asumir rentabilidad.",INFERRED,0.8,CATALOG_REFERENCE,https://www.beglobalpro.org/cursos/contenido/d7d44101-5358-4ef0-ae55-920b6c7c840a/420
Cursos de Actualización en Vivo: Maximiza tu Conocimiento en Todos los Cursos,475,Vende con éxito en Amazon ADS: Herramientas y técnicas para destacarte en la mayor plataforma de eCommerce,Publicidad y experimentos,Podría servir para formular preguntas sobre herramientas publicitarias de Amazon; el título no permite identificar técnicas concretas ni resultados.,INFERRED,0.72,CATALOG_REFERENCE,https://www.beglobalpro.org/cursos/contenido/d7d44101-5358-4ef0-ae55-920b6c7c840a/475
Cursos de Actualización en Vivo: Maximiza tu Conocimiento en Todos los Cursos,447,Vende sin stock con dropshipping,Inventario y logística,"Podría apoyar un checklist de dependencias de entrega al explorar dropshipping, sin asumir disponibilidad del proveedor ni ausencia de riesgos.",INFERRED,0.76,CATALOG_REFERENCE,https://www.beglobalpro.org/cursos/contenido/d7d44101-5358-4ef0-ae55-920b6c7c840a/447
Cursos de Actualización en Vivo: Maximiza tu Conocimiento en Todos los Cursos,450,Email Marketing para vender más,Conversación y conversión,"Podría apoyar el borrador de una secuencia comercial por correo y sus objetivos, sin enviar mensajes ni prometer ventas adicionales.",INFERRED,0.78,CATALOG_REFERENCE,https://www.beglobalpro.org/cursos/contenido/d7d44101-5358-4ef0-ae55-920b6c7c840a/450
Cursos de Actualización en Vivo: Maximiza tu Conocimiento en Todos los Cursos,453,"Chat Selling, vende más por mensajería",Conversación y conversión,"Podría orientar respuestas comerciales por mensajería adaptadas al bloqueo del comprador, manteniendo validación humana antes de cualquier contacto externo.",INFERRED,0.8,CATALOG_REFERENCE,https://www.beglobalpro.org/cursos/contenido/d7d44101-5358-4ef0-ae55-920b6c7c840a/453
Cursos de Actualización en Vivo: Maximiza tu Conocimiento en Todos los Cursos,454,La fórmula del crecimiento para todo negocio digital,Conversación y conversión,Podría servir como referencia amplia para diagnosticar crecimiento comercial; falta contenido para identificar la fórmula anunciada y evaluar sus supuestos.,INFERRED,0.6,CATALOG_REFERENCE,https://www.beglobalpro.org/cursos/contenido/d7d44101-5358-4ef0-ae55-920b6c7c840a/454
Cursos de Actualización en Vivo: Maximiza tu Conocimiento en Todos los Cursos,515,No le tengas miedo a perder,Productividad y ejecución,"Podría motivar una conversación sobre barreras para iniciar tareas, sin convertir el miedo a perder en diagnóstico psicológico.",INFERRED,0.6,CATALOG_REFERENCE,https://www.beglobalpro.org/cursos/contenido/d7d44101-5358-4ef0-ae55-920b6c7c840a/515
Cursos de Actualización en Vivo: Maximiza tu Conocimiento en Todos los Cursos,441,Impuestos en el eCommerce,Revisión legal y fiscal,"Podría ayudar a reunir preguntas fiscales del negocio digital para un contador, sin determinar obligaciones tributarias vigentes del miembro.",INFERRED,0.8,CATALOG_REFERENCE,https://www.beglobalpro.org/cursos/contenido/d7d44101-5358-4ef0-ae55-920b6c7c840a/441
Cursos de Actualización en Vivo: Maximiza tu Conocimiento en Todos los Cursos,442,Finanzas sanas para tu eCommerce,Costos y rentabilidad,"Podría orientar una revisión preliminar de información financiera del comercio, con supuestos explícitos y sin afirmar un método contable específico.",INFERRED,0.74,CATALOG_REFERENCE,https://www.beglobalpro.org/cursos/contenido/d7d44101-5358-4ef0-ae55-920b6c7c840a/442
Cursos de Actualización en Vivo: Maximiza tu Conocimiento en Todos los Cursos,443,Ecommerce Accouting,Costos y rentabilidad,Podría ubicarse como referencia contable general para ordenar registros del ecommerce; el título no precisa procedimientos ni estándares aplicables.,INFERRED,0.68,CATALOG_REFERENCE,https://www.beglobalpro.org/cursos/contenido/d7d44101-5358-4ef0-ae55-920b6c7c840a/443
Cursos de Actualización en Vivo: Maximiza tu Conocimiento en Todos los Cursos,444,Como manejar tus finanzas en una eCommerce,Costos y rentabilidad,"Podría apoyar preguntas sobre manejo del dinero del negocio y datos faltantes, sin emitir recomendaciones financieras definitivas.",INFERRED,0.76,CATALOG_REFERENCE,https://www.beglobalpro.org/cursos/contenido/d7d44101-5358-4ef0-ae55-920b6c7c840a/444
Cursos de Actualización en Vivo: Maximiza tu Conocimiento en Todos los Cursos,445,Contabilidad para tu eCommerce,Costos y rentabilidad,Podría aportar una referencia para preparar registros y dudas contables del ecommerce antes de una revisión con el profesional correspondiente.,INFERRED,0.77,CATALOG_REFERENCE,https://www.beglobalpro.org/cursos/contenido/d7d44101-5358-4ef0-ae55-920b6c7c840a/445
Cursos de Actualización en Vivo: Maximiza tu Conocimiento en Todos los Cursos,472,Conoce los impuestos que impactan a tu eCommerce,Revisión legal y fiscal,"Podría orientar la identificación de preguntas tributarias relacionadas con ventas digitales, sujetas a jurisdicción y revisión fiscal profesional actualizada.",INFERRED,0.8,CATALOG_REFERENCE,https://www.beglobalpro.org/cursos/contenido/d7d44101-5358-4ef0-ae55-920b6c7c840a/472
Cursos de Actualización en Vivo: Maximiza tu Conocimiento en Todos los Cursos,484,Impuestos para emprendedores en México,Revisión legal y fiscal,"Podría ayudar a preparar una consulta fiscal en México con datos del emprendimiento, sin calcular obligaciones ni validar regímenes vigentes.",INFERRED,0.8,CATALOG_REFERENCE,https://www.beglobalpro.org/cursos/contenido/d7d44101-5358-4ef0-ae55-920b6c7c840a/484
Cursos de Actualización en Vivo: Maximiza tu Conocimiento en Todos los Cursos,503,Potencializa tu negocio con el correcto manejo de tus impuestos,Revisión legal y fiscal,Podría organizar dudas sobre gestión tributaria para revisión profesional; el título promocional no acredita ahorros ni beneficios fiscales reales.,INFERRED,0.74,CATALOG_REFERENCE,https://www.beglobalpro.org/cursos/contenido/d7d44101-5358-4ef0-ae55-920b6c7c840a/503
Cursos de Actualización en Vivo: Maximiza tu Conocimiento en Todos los Cursos,526,Impuestos en tu eCommerce,Revisión legal y fiscal,"Podría servir para reunir documentos y preguntas de impuestos del ecommerce, manteniendo toda conclusión fiscal pendiente de asesoría profesional.",INFERRED,0.79,CATALOG_REFERENCE,https://www.beglobalpro.org/cursos/contenido/d7d44101-5358-4ef0-ae55-920b6c7c840a/526
Cursos de Actualización en Vivo: Maximiza tu Conocimiento en Todos los Cursos,433,Los pilares para vender más en Mercado Libre,Conversación y conversión,"Podría apoyar un diagnóstico inicial de obstáculos comerciales en Mercado Libre, sin atribuir al curso pilares específicos aún no observados.",INFERRED,0.7,CATALOG_REFERENCE,https://www.beglobalpro.org/cursos/contenido/d7d44101-5358-4ef0-ae55-920b6c7c840a/433
Cursos de Actualización en Vivo: Maximiza tu Conocimiento en Todos los Cursos,434,Vende en Mercado Libre,Tienda y catálogo,Podría orientar al miembro hacia una referencia introductoria del canal Mercado Libre y un checklist preliminar de preparación comercial.,INFERRED,0.7,CATALOG_REFERENCE,https://www.beglobalpro.org/cursos/contenido/d7d44101-5358-4ef0-ae55-920b6c7c840a/434
Cursos de Actualización en Vivo: Maximiza tu Conocimiento en Todos los Cursos,435,Los pilares para vender por Mercado Libre,Conversación y conversión,Podría servir para listar preguntas sobre la venta en Mercado Libre; faltan los contenidos para concretar los pilares anunciados.,INFERRED,0.7,CATALOG_REFERENCE,https://www.beglobalpro.org/cursos/contenido/d7d44101-5358-4ef0-ae55-920b6c7c840a/435
Cursos de Actualización en Vivo: Maximiza tu Conocimiento en Todos los Cursos,481,Impulsa tu Negocio en Mercado Libre: Técnicas y Estrategias de Posicionamiento para el Éxito en el Marketplace,Tienda y catálogo,"Podría apoyar una revisión de visibilidad del catálogo en Mercado Libre, sin deducir criterios actuales de posicionamiento ni garantizar éxito.",INFERRED,0.75,CATALOG_REFERENCE,https://www.beglobalpro.org/cursos/contenido/d7d44101-5358-4ef0-ae55-920b6c7c840a/481
Cursos de Actualización en Vivo: Maximiza tu Conocimiento en Todos los Cursos,505,Dominando Mercado Libre: Estrategias avanzadas,Conversación y conversión,Podría ubicarse como referencia posterior para obstáculos comerciales en Mercado Libre; las estrategias avanzadas requieren descripción antes de recomendarse específicamente.,INFERRED,0.62,CATALOG_REFERENCE,https://www.beglobalpro.org/cursos/contenido/d7d44101-5358-4ef0-ae55-920b6c7c840a/505
Cursos de Actualización en Vivo: Maximiza tu Conocimiento en Todos los Cursos,456,Laboratorio de ventas,Conversación y conversión,"Podría señalar una referencia práctica para revisar un problema de ventas, aunque el índice no especifica ejercicios ni criterios de evaluación.",INFERRED,0.64,CATALOG_REFERENCE,https://www.beglobalpro.org/cursos/contenido/d7d44101-5358-4ef0-ae55-920b6c7c840a/456
Cursos de Actualización en Vivo: Maximiza tu Conocimiento en Todos los Cursos,471,Laboratorio de ventas 2.0,Conversación y conversión,Podría complementar una ruta de práctica comercial; la numeración del laboratorio no revela diferencias de contenido respecto a la sesión anterior.,INFERRED,0.62,CATALOG_REFERENCE,https://www.beglobalpro.org/cursos/contenido/d7d44101-5358-4ef0-ae55-920b6c7c840a/471
Cursos de Actualización en Vivo: Maximiza tu Conocimiento en Todos los Cursos,497,Descubre los Pasos Iniciales para Definir y Posicionar tu Marca,Marca y propuesta de valor,Podría apoyar preguntas iniciales para definir identidad y posicionamiento de marca antes de redactar una propuesta de valor del miembro.,INFERRED,0.8,CATALOG_REFERENCE,https://www.beglobalpro.org/cursos/contenido/d7d44101-5358-4ef0-ae55-920b6c7c840a/497
Cursos de Actualización en Vivo: Maximiza tu Conocimiento en Todos los Cursos,513,Descubre los Pasos Iniciales para Definir y Posicionar tu Marca II Parte,Marca y propuesta de valor,"Podría servir como continuación de una revisión de posicionamiento, sin asumir qué decisiones de marca amplía esta segunda parte.",INFERRED,0.76,CATALOG_REFERENCE,https://www.beglobalpro.org/cursos/contenido/d7d44101-5358-4ef0-ae55-920b6c7c840a/513
Cursos de Actualización en Vivo: Maximiza tu Conocimiento en Todos los Cursos,534,Colores que conquistan,Marca y propuesta de valor,"Podría orientar la elección preliminar de una paleta coherente con la identidad comercial, sin atribuir efectos persuasivos demostrados a colores.",INFERRED,0.69,CATALOG_REFERENCE,https://www.beglobalpro.org/cursos/contenido/d7d44101-5358-4ef0-ae55-920b6c7c840a/534
Cursos de Actualización en Vivo: Maximiza tu Conocimiento en Todos los Cursos,545,Diseña tu huella: creación de logos,Marca y propuesta de valor,"Podría apoyar un brief de logotipo con identidad y usos esperados, manteniendo revisión humana de originalidad y posibles conflictos de marca.",INFERRED,0.79,CATALOG_REFERENCE,https://www.beglobalpro.org/cursos/contenido/d7d44101-5358-4ef0-ae55-920b6c7c840a/545
Cursos de Actualización en Vivo: Maximiza tu Conocimiento en Todos los Cursos,569,bienvenida 2024,Orientación y ruta académica,Referencia a bienvenida de 2024; hace falta descripción o transcripción para saber qué orientación concreta podría recibir el miembro.,AMBIGUOUS,0.15,CATALOG_REFERENCE,https://www.beglobalpro.org/cursos/contenido/d7d44101-5358-4ef0-ae55-920b6c7c840a/569
Cursos de Actualización en Vivo: Maximiza tu Conocimiento en Todos los Cursos,425,Fotografía de productos sin cámara pro,Contenido y creatividad,"Podría apoyar una lista de tomas de producto con equipo accesible, sin asumir configuraciones fotográficas específicas descritas por el docente.",INFERRED,0.8,CATALOG_REFERENCE,https://www.beglobalpro.org/cursos/contenido/d7d44101-5358-4ef0-ae55-920b6c7c840a/425
Cursos de Actualización en Vivo: Maximiza tu Conocimiento en Todos los Cursos,504,Construyendo comunidades en línea: Fundamentos del Community Management,Atención y posventa,"Podría orientar respuestas y pautas preliminares de interacción con una comunidad digital, con escalamiento humano de conflictos y consultas sensibles.",INFERRED,0.76,CATALOG_REFERENCE,https://www.beglobalpro.org/cursos/contenido/d7d44101-5358-4ef0-ae55-920b6c7c840a/504
Cursos de Actualización en Vivo: Maximiza tu Conocimiento en Todos los Cursos,523,Creación de contenido para vender más,Contenido y creatividad,"Podría apoyar ideas y borradores de piezas comerciales según el producto, sin presentar la creación de contenido como garantía de ventas.",INFERRED,0.76,CATALOG_REFERENCE,https://www.beglobalpro.org/cursos/contenido/d7d44101-5358-4ef0-ae55-920b6c7c840a/523
Cursos de Actualización en Vivo: Maximiza tu Conocimiento en Todos los Cursos,430,Objetivos de campaña en Facebook ADS y hacks para vender en redes sociales,Publicidad y experimentos,"Podría ayudar a comparar objetivos de campaña de Meta antes de elaborar un brief, sin asumir disponibilidad actual de las opciones mencionadas.",INFERRED,0.8,CATALOG_REFERENCE,https://www.beglobalpro.org/cursos/contenido/d7d44101-5358-4ef0-ae55-920b6c7c840a/430
Cursos de Actualización en Vivo: Maximiza tu Conocimiento en Todos los Cursos,436,"Funnel de conversión, qué es y cómo funciona?",Conversación y conversión,Podría servir de referencia conceptual al dibujar el recorrido del comprador y localizar una etapa donde se pierden oportunidades comerciales.,INFERRED,0.8,CATALOG_REFERENCE,https://www.beglobalpro.org/cursos/contenido/d7d44101-5358-4ef0-ae55-920b6c7c840a/436
Cursos de Actualización en Vivo: Maximiza tu Conocimiento en Todos los Cursos,437,Funnel de ventas para tu eCommerce,Conversación y conversión,"Podría orientar un mapa sencillo del recorrido de compra de la tienda, adaptado al canal y bloqueo reportado por el miembro.",INFERRED,0.79,CATALOG_REFERENCE,https://www.beglobalpro.org/cursos/contenido/d7d44101-5358-4ef0-ae55-920b6c7c840a/437
Cursos de Actualización en Vivo: Maximiza tu Conocimiento en Todos los Cursos,438,Crea Funnells que conviertan más,Conversación y conversión,Podría aportar una referencia para formular hipótesis de mejora del embudo; el título no prueba aumentos de conversión ni mecanismos específicos.,INFERRED,0.73,CATALOG_REFERENCE,https://www.beglobalpro.org/cursos/contenido/d7d44101-5358-4ef0-ae55-920b6c7c840a/438
Cursos de Actualización en Vivo: Maximiza tu Conocimiento en Todos los Cursos,439,"El funnel de ventas perfecto, sesión práctica",Conversación y conversión,"Podría guiar la selección de una referencia práctica para revisar un embudo, sin asumir que exista un diseño universalmente perfecto.",INFERRED,0.74,CATALOG_REFERENCE,https://www.beglobalpro.org/cursos/contenido/d7d44101-5358-4ef0-ae55-920b6c7c840a/439
Cursos de Actualización en Vivo: Maximiza tu Conocimiento en Todos los Cursos,466,Maquina de ventas inicios,Conversación y conversión,Podría orientar preguntas iniciales sobre un sistema comercial dentro de la sección de funnels; el nombre no revela componentes verificables.,INFERRED,0.61,CATALOG_REFERENCE,https://www.beglobalpro.org/cursos/contenido/d7d44101-5358-4ef0-ae55-920b6c7c840a/466
Cursos de Actualización en Vivo: Maximiza tu Conocimiento en Todos los Cursos,500,Maximiza tus ventas: Curso de Funnels de ventas para impulsar tu negocio,Conversación y conversión,"Podría apoyar un diagnóstico de etapas del funnel y posibles tareas de mejora, sin prometer maximización de ventas del negocio.",INFERRED,0.75,CATALOG_REFERENCE,https://www.beglobalpro.org/cursos/contenido/d7d44101-5358-4ef0-ae55-920b6c7c840a/500
Cursos de Actualización en Vivo: Maximiza tu Conocimiento en Todos los Cursos,565,maximiza tus ventas de temporada,Conversación y conversión,"Podría orientar el borrador de una oferta estacional con condiciones verificadas, sin asumir demanda adicional ni resultados de campaña.",INFERRED,0.75,CATALOG_REFERENCE,https://www.beglobalpro.org/cursos/contenido/d7d44101-5358-4ef0-ae55-920b6c7c840a/565
Cursos de Actualización en Vivo: Maximiza tu Conocimiento en Todos los Cursos,431,"Shopify, como funciona?",Tienda y catálogo,Podría servir de referencia introductoria para explicar al miembro el papel de Shopify y preparar dudas antes de construir su tienda.,INFERRED,0.8,CATALOG_REFERENCE,https://www.beglobalpro.org/cursos/contenido/d7d44101-5358-4ef0-ae55-920b6c7c840a/431
Cursos de Actualización en Vivo: Maximiza tu Conocimiento en Todos los Cursos,432,Tiendas en linea con Shopify,Tienda y catálogo,"Podría orientar una lista inicial de elementos de tienda en Shopify, sin operar cuentas ni reconstruir pasos no presentes en el índice.",INFERRED,0.78,CATALOG_REFERENCE,https://www.beglobalpro.org/cursos/contenido/d7d44101-5358-4ef0-ae55-920b6c7c840a/432
Cursos de Actualización en Vivo: Maximiza tu Conocimiento en Todos los Cursos,474,Desarrolla tu marca en Shopify: Estrategias efectivas para construir una tienda Online de éxito,Marca y propuesta de valor,"Podría apoyar la coherencia entre identidad de marca y presentación de la tienda Shopify, sin acreditar éxito comercial de las estrategias.",INFERRED,0.77,CATALOG_REFERENCE,https://www.beglobalpro.org/cursos/contenido/d7d44101-5358-4ef0-ae55-920b6c7c840a/474
Cursos de Actualización en Vivo: Maximiza tu Conocimiento en Todos los Cursos,476,Herramientas de IA para tu eCommerce: Potencia tu negocio y supera a la competencia,IA aplicada al negocio,"Podría orientar la búsqueda de aplicaciones de IA al bloqueo del ecommerce, requiriendo revisión humana y verificación actual de herramientas.",INFERRED,0.78,CATALOG_REFERENCE,https://www.beglobalpro.org/cursos/contenido/d7d44101-5358-4ef0-ae55-920b6c7c840a/476
Cursos de Actualización en Vivo: Maximiza tu Conocimiento en Todos los Cursos,496,Domina la Inteligencia Artificial: Aprende los fundamentos y avances recientes,IA aplicada al negocio,"Podría aportar una referencia introductoria sobre IA para formular preguntas y revisar salidas, sin tratar los avances anunciados como información vigente.",INFERRED,0.74,CATALOG_REFERENCE,https://www.beglobalpro.org/cursos/contenido/d7d44101-5358-4ef0-ae55-920b6c7c840a/496
Cursos de Actualización en Vivo: Maximiza tu Conocimiento en Todos los Cursos,566,proceso de aprendizaje,Productividad y ejecución,Podría apoyar una reflexión sobre hábitos de estudio y seguimiento de tareas; el título no precisa una metodología de aprendizaje.,INFERRED,0.62,CATALOG_REFERENCE,https://www.beglobalpro.org/cursos/contenido/d7d44101-5358-4ef0-ae55-920b6c7c840a/566
Cursos de Actualización en Vivo: Maximiza tu Conocimiento en Todos los Cursos,567,anuncios de alto impacto,Publicidad y experimentos,"Podría orientar un brief para revisar claridad y propósito de anuncios, sin inferir qué factores generan el impacto comercial anunciado.",INFERRED,0.7,CATALOG_REFERENCE,https://www.beglobalpro.org/cursos/contenido/d7d44101-5358-4ef0-ae55-920b6c7c840a/567
Cursos de Actualización en Vivo: Maximiza tu Conocimiento en Todos los Cursos,568,De la idea a la marca,Marca y propuesta de valor,Podría ayudar a convertir una idea de negocio en preguntas de identidad y diferenciación antes de preparar mensajes de marca.,INFERRED,0.75,CATALOG_REFERENCE,https://www.beglobalpro.org/cursos/contenido/d7d44101-5358-4ef0-ae55-920b6c7c840a/568
Cursos de Actualización en Vivo: Maximiza tu Conocimiento en Todos los Cursos,579,Fotografía de producto,Contenido y creatividad,"Podría apoyar una misión de recopilar imágenes claras del producto para revisar su presentación, sin inventar técnicas fotográficas particulares.",INFERRED,0.79,CATALOG_REFERENCE,https://www.beglobalpro.org/cursos/contenido/d7d44101-5358-4ef0-ae55-920b6c7c840a/579
Cursos de Actualización en Vivo: Maximiza tu Conocimiento en Todos los Cursos,637,Estrategias de Ventas Efectivas,Conversación y conversión,Podría ofrecer una referencia general para explorar obstáculos de conversión; el índice no especifica las estrategias ni evidencia su efectividad.,INFERRED,0.65,CATALOG_REFERENCE,https://www.beglobalpro.org/cursos/contenido/d7d44101-5358-4ef0-ae55-920b6c7c840a/637
Cursos de Actualización en Vivo: Maximiza tu Conocimiento en Todos los Cursos,645,Como Vender Productos de BGP en Mercado Libre,Tienda y catálogo,"Podría orientar un checklist para presentar productos Be Global Pro en Mercado Libre, verificando disponibilidad y condiciones reales antes de sugerir publicaciones.",INFERRED,0.8,CATALOG_REFERENCE,https://www.beglobalpro.org/cursos/contenido/d7d44101-5358-4ef0-ae55-920b6c7c840a/645
Cursos de Actualización en Vivo: Maximiza tu Conocimiento en Todos los Cursos,646,Personaliza tu tienda en línea,Tienda y catálogo,"Podría apoyar una revisión de identidad y estructura visual de la tienda del miembro, sin realizar cambios directamente en la plataforma.",INFERRED,0.77,CATALOG_REFERENCE,https://www.beglobalpro.org/cursos/contenido/d7d44101-5358-4ef0-ae55-920b6c7c840a/646
Cursos de Actualización en Vivo: Maximiza tu Conocimiento en Todos los Cursos,649,Crea tu primera campaña de Facebook,Publicidad y experimentos,"Podría servir como referencia inicial al preparar objetivos, audiencia e insumos de una campaña de Facebook pendiente de aprobación humana.",INFERRED,0.8,CATALOG_REFERENCE,https://www.beglobalpro.org/cursos/contenido/d7d44101-5358-4ef0-ae55-920b6c7c840a/649
Cursos de Actualización en Vivo: Maximiza tu Conocimiento en Todos los Cursos,652,Crea una campaña de Facebook parte 2,Publicidad y experimentos,Podría ampliar la ruta de preparación de una campaña de Facebook; faltan detalles para distinguir los pasos de esta segunda parte.,INFERRED,0.76,CATALOG_REFERENCE,https://www.beglobalpro.org/cursos/contenido/d7d44101-5358-4ef0-ae55-920b6c7c840a/652
Cursos de Actualización en Vivo: Maximiza tu Conocimiento en Todos los Cursos,696,Bienvenida del mes,Orientación y ruta académica,Referencia de bienvenida mensual sin tema específico; se necesita descripción antes de asociarla con una misión de ecommerce del miembro.,AMBIGUOUS,0.15,CATALOG_REFERENCE,https://www.beglobalpro.org/cursos/contenido/d7d44101-5358-4ef0-ae55-920b6c7c840a/696
Cursos de Actualización en Vivo: Maximiza tu Conocimiento en Todos los Cursos,570,Básicos de Shopify,Tienda y catálogo,"Podría orientar una ruta inicial para preparar una tienda Shopify según experiencia del miembro, sin afirmar requisitos actuales de la plataforma.",INFERRED,0.77,CATALOG_REFERENCE,https://www.beglobalpro.org/cursos/contenido/d7d44101-5358-4ef0-ae55-920b6c7c840a/570
Cursos de Actualización en Vivo: Maximiza tu Conocimiento en Todos los Cursos,571,Seguimientos Efectivos Antes y Después,Atención y posventa,"Podría ayudar a preparar seguimientos anteriores y posteriores a la compra, sujetos a contexto y sin enviar comunicaciones al cliente.",INFERRED,0.7,CATALOG_REFERENCE,https://www.beglobalpro.org/cursos/contenido/d7d44101-5358-4ef0-ae55-920b6c7c840a/571
Cursos de Actualización en Vivo: Maximiza tu Conocimiento en Todos los Cursos,572,"Brandig ""Datos Básicos para tu Negocio",Marca y propuesta de valor,"Podría orientar preguntas básicas de identidad para redactar mensajes coherentes del negocio, sin reconstruir contenidos concretos a partir del título.",INFERRED,0.76,CATALOG_REFERENCE,https://www.beglobalpro.org/cursos/contenido/d7d44101-5358-4ef0-ae55-920b6c7c840a/572
Cursos de Actualización en Vivo: Maximiza tu Conocimiento en Todos los Cursos,573,Básicos de Capcut,Contenido y creatividad,"Podría señalar una referencia introductoria de edición para preparar un video sencillo del producto, ajustado a las habilidades del miembro.",INFERRED,0.78,CATALOG_REFERENCE,https://www.beglobalpro.org/cursos/contenido/d7d44101-5358-4ef0-ae55-920b6c7c840a/573
Cursos de Actualización en Vivo: Maximiza tu Conocimiento en Todos los Cursos,574,Facebook ads principiantes,Publicidad y experimentos,"Podría orientar una ruta de aprendizaje inicial de anuncios en Meta antes de diseñar experimentos, sin ejecutar ni financiar campañas.",INFERRED,0.77,CATALOG_REFERENCE,https://www.beglobalpro.org/cursos/contenido/d7d44101-5358-4ef0-ae55-920b6c7c840a/574
Cursos de Actualización en Vivo: Maximiza tu Conocimiento en Todos los Cursos,575,Tipo de Clientes y como abordarlos,Conversación y conversión,"Podría apoyar preguntas para adaptar una respuesta comercial al cliente, sin asignar categorías rígidas ni inferir características personales sensibles.",INFERRED,0.78,CATALOG_REFERENCE,https://www.beglobalpro.org/cursos/contenido/d7d44101-5358-4ef0-ae55-920b6c7c840a/575
Cursos de Actualización en Vivo: Maximiza tu Conocimiento en Todos los Cursos,576,Básicos de Canva,Contenido y creatividad,"Podría orientar una misión de preparar una pieza sencilla en Canva, sin atribuir funciones ni procedimientos específicos al material no leído.",INFERRED,0.79,CATALOG_REFERENCE,https://www.beglobalpro.org/cursos/contenido/d7d44101-5358-4ef0-ae55-920b6c7c840a/576
Cursos de Actualización en Vivo: Maximiza tu Conocimiento en Todos los Cursos,577,Optimiza tus Redes Sociales,Contenido y creatividad,"Podría apoyar una revisión inicial de coherencia y claridad de perfiles sociales, dejando pendientes las técnicas concretas de optimización.",INFERRED,0.7,CATALOG_REFERENCE,https://www.beglobalpro.org/cursos/contenido/d7d44101-5358-4ef0-ae55-920b6c7c840a/577
Cursos de Actualización en Vivo: Maximiza tu Conocimiento en Todos los Cursos,654,Bienvenida,Orientación y ruta académica,Referencia de bienvenida ubicada en marzo de 2024; el índice no permite determinar una aportación operativa específica para el agente.,AMBIGUOUS,0.15,CATALOG_REFERENCE,https://www.beglobalpro.org/cursos/contenido/d7d44101-5358-4ef0-ae55-920b6c7c840a/654
Cursos de Actualización en Vivo: Maximiza tu Conocimiento en Todos los Cursos,655,Fundamentos del Marketing Digital,Conversación y conversión,"Podría aportar una referencia introductoria para ubicar canales y objetivos del negocio, sin reconstruir un marco completo de marketing digital.",INFERRED,0.7,CATALOG_REFERENCE,https://www.beglobalpro.org/cursos/contenido/d7d44101-5358-4ef0-ae55-920b6c7c840a/655
Cursos de Actualización en Vivo: Maximiza tu Conocimiento en Todos los Cursos,681,Posiciona tu producto en Mercadolibre con publicidad,Publicidad y experimentos,"Podría apoyar un brief de publicidad para la visibilidad de un producto en Mercado Libre, sin garantizar posicionamiento ni activar anuncios.",INFERRED,0.8,CATALOG_REFERENCE,https://www.beglobalpro.org/cursos/contenido/d7d44101-5358-4ef0-ae55-920b6c7c840a/681
Cursos de Actualización en Vivo: Maximiza tu Conocimiento en Todos los Cursos,682,Organización de tiempo personal y de tu negocio,Productividad y ejecución,"Podría orientar una agenda breve que concilie tiempo personal y tareas del negocio, basada en disponibilidad real del miembro.",INFERRED,0.8,CATALOG_REFERENCE,https://www.beglobalpro.org/cursos/contenido/d7d44101-5358-4ef0-ae55-920b6c7c840a/682
Cursos de Actualización en Vivo: Maximiza tu Conocimiento en Todos los Cursos,688,"SEO, cómo visualizar tu marca en resultados de Google",Contenido y creatividad,"Podría ayudar a preparar una revisión de contenidos orientada a búsqueda orgánica, sin asumir criterios actuales de clasificación de Google.",INFERRED,0.77,CATALOG_REFERENCE,https://www.beglobalpro.org/cursos/contenido/d7d44101-5358-4ef0-ae55-920b6c7c840a/688
Cursos de Actualización en Vivo: Maximiza tu Conocimiento en Todos los Cursos,689,Embudo de ventas,Conversación y conversión,Podría apoyar la representación del camino desde interés hasta compra para identificar una siguiente acción comercial concreta del miembro.,INFERRED,0.78,CATALOG_REFERENCE,https://www.beglobalpro.org/cursos/contenido/d7d44101-5358-4ef0-ae55-920b6c7c840a/689
Cursos de Actualización en Vivo: Maximiza tu Conocimiento en Todos los Cursos,694,Actualización de Facebook Ads,Publicidad y experimentos,Podría servir como referencia histórica sobre cambios en Meta Ads; faltan detalles y verificación actual antes de usarla en instrucciones operativas.,INFERRED,0.67,CATALOG_REFERENCE,https://www.beglobalpro.org/cursos/contenido/d7d44101-5358-4ef0-ae55-920b6c7c840a/694
Cursos de Actualización en Vivo: Maximiza tu Conocimiento en Todos los Cursos,715,Bienvenida del mes,Orientación y ruta académica,Referencia de bienvenida del mes de mayo; no hay descripción suficiente para recomendar una tarea específica vinculada a esta sesión.,AMBIGUOUS,0.15,CATALOG_REFERENCE,https://www.beglobalpro.org/cursos/contenido/d7d44101-5358-4ef0-ae55-920b6c7c840a/715
Cursos de Actualización en Vivo: Maximiza tu Conocimiento en Todos los Cursos,1099,Mentoria,Orientación y ruta académica,Referencia a acompañamiento sin tema declarado; el agente necesitaría una descripción o transcripción para justificar su utilidad ante un bloqueo.,AMBIGUOUS,0.18,CATALOG_REFERENCE,https://www.beglobalpro.org/cursos/contenido/d7d44101-5358-4ef0-ae55-920b6c7c840a/1099
Cursos de Actualización en Vivo: Maximiza tu Conocimiento en Todos los Cursos,717,organización de tiempo,Productividad y ejecución,Podría apoyar la elección de una tarea realizable con el tiempo disponible del miembro y un compromiso verificable de seguimiento.,INFERRED,0.78,CATALOG_REFERENCE,https://www.beglobalpro.org/cursos/contenido/d7d44101-5358-4ef0-ae55-920b6c7c840a/717
Cursos de Actualización en Vivo: Maximiza tu Conocimiento en Todos los Cursos,716,Resultado Final del Plan de Acción,Medición y diagnóstico,"Podría orientar una revisión de evidencias al terminar un plan de acción, sin suponer cuáles eran sus objetivos ni resultados.",INFERRED,0.7,CATALOG_REFERENCE,https://www.beglobalpro.org/cursos/contenido/d7d44101-5358-4ef0-ae55-920b6c7c840a/716
Cursos de Actualización en Vivo: Maximiza tu Conocimiento en Todos los Cursos,718,Validación de campañas en Facebook,Medición y diagnóstico,"Podría apoyar un checklist de datos para revisar campañas de Facebook, sin derivar umbrales de éxito ni aprobar gasto publicitario.",INFERRED,0.78,CATALOG_REFERENCE,https://www.beglobalpro.org/cursos/contenido/d7d44101-5358-4ef0-ae55-920b6c7c840a/718
Cursos de Actualización en Vivo: Maximiza tu Conocimiento en Todos los Cursos,720,Como enlazar tus redes sociales,Automatización guiada,"Podría servir para documentar conexiones deseadas entre perfiles sociales y preguntas técnicas, sin vincular cuentas ni solicitar credenciales del miembro.",INFERRED,0.76,CATALOG_REFERENCE,https://www.beglobalpro.org/cursos/contenido/d7d44101-5358-4ef0-ae55-920b6c7c840a/720
Cursos de Actualización en Vivo: Maximiza tu Conocimiento en Todos los Cursos,719,Live de Mentoría,Orientación y ruta académica,Referencia a mentoría en vivo sin problema ni tema explícitos; requiere descripción adicional antes de asociarla a una misión específica.,AMBIGUOUS,0.18,CATALOG_REFERENCE,https://www.beglobalpro.org/cursos/contenido/d7d44101-5358-4ef0-ae55-920b6c7c840a/719
Cursos de Actualización en Vivo: Maximiza tu Conocimiento en Todos los Cursos,721,Configura tu kit de Marca en Canva,Marca y propuesta de valor,"Podría orientar un checklist de identidad visual para un kit en Canva, sin asegurar disponibilidad de funciones ni configurar cuentas.",INFERRED,0.8,CATALOG_REFERENCE,https://www.beglobalpro.org/cursos/contenido/d7d44101-5358-4ef0-ae55-920b6c7c840a/721
Cursos de Actualización en Vivo: Maximiza tu Conocimiento en Todos los Cursos,722,Diseño de Contenido para tus redes sociales,Contenido y creatividad,"Podría apoyar un brief de piezas para redes con objetivo y formato definidos, manteniendo revisión de características reales del producto.",INFERRED,0.79,CATALOG_REFERENCE,https://www.beglobalpro.org/cursos/contenido/d7d44101-5358-4ef0-ae55-920b6c7c840a/722
Cursos de Actualización en Vivo: Maximiza tu Conocimiento en Todos los Cursos,724,Lanzamiento de Producto,Producto y validación,"Podría orientar preguntas de preparación para presentar un producto, sin asumir una metodología de lanzamiento ni demanda comercial ya validada.",INFERRED,0.72,CATALOG_REFERENCE,https://www.beglobalpro.org/cursos/contenido/d7d44101-5358-4ef0-ae55-920b6c7c840a/724
Cursos de Actualización en Vivo: Maximiza tu Conocimiento en Todos los Cursos,697,Capcut parte 2,Contenido y creatividad,Podría servir como continuación de una ruta de edición en CapCut; el índice no especifica las habilidades adicionales de esta parte.,INFERRED,0.71,CATALOG_REFERENCE,https://www.beglobalpro.org/cursos/contenido/d7d44101-5358-4ef0-ae55-920b6c7c840a/697
Cursos de Actualización en Vivo: Maximiza tu Conocimiento en Todos los Cursos,698,Caso Practico Diseño de logos en Canva,Marca y propuesta de valor,"Podría apoyar un brief de práctica de logotipo en Canva, sujeto a revisión de identidad propia y posibles derechos de terceros.",INFERRED,0.8,CATALOG_REFERENCE,https://www.beglobalpro.org/cursos/contenido/d7d44101-5358-4ef0-ae55-920b6c7c840a/698
Cursos de Actualización en Vivo: Maximiza tu Conocimiento en Todos los Cursos,699,Textos que venden,Contenido y creatividad,"Podría orientar borradores de texto comercial con propósito claro, sin asumir eficacia de venta ni técnicas concretas a partir del título.",INFERRED,0.75,CATALOG_REFERENCE,https://www.beglobalpro.org/cursos/contenido/d7d44101-5358-4ef0-ae55-920b6c7c840a/699
Cursos de Actualización en Vivo: Maximiza tu Conocimiento en Todos los Cursos,700,Selección de Productos y Asignación de precios,Producto y validación,"Podría apoyar una comparación inicial de productos junto con precios hipotéticos, distinguiendo datos observados, supuestos y validación comercial pendiente.",INFERRED,0.79,CATALOG_REFERENCE,https://www.beglobalpro.org/cursos/contenido/d7d44101-5358-4ef0-ae55-920b6c7c840a/700
Cursos de Actualización en Vivo: Maximiza tu Conocimiento en Todos los Cursos,701,Como visibilizar tu marca en los resultados de Google,Contenido y creatividad,"Podría servir de referencia para revisar cómo se presenta la marca en búsqueda, sin garantizar visibilidad ni atribuir reglas actuales a Google.",INFERRED,0.75,CATALOG_REFERENCE,https://www.beglobalpro.org/cursos/contenido/d7d44101-5358-4ef0-ae55-920b6c7c840a/701
Cursos de Actualización en Vivo: Maximiza tu Conocimiento en Todos los Cursos,714,Fotografía de Producto,Contenido y creatividad,"Podría orientar una lista de imágenes de producto necesarias para mejorar el catálogo, sin reconstruir técnicas no disponibles en el índice.",INFERRED,0.79,CATALOG_REFERENCE,https://www.beglobalpro.org/cursos/contenido/d7d44101-5358-4ef0-ae55-920b6c7c840a/714
Cursos de Actualización en Vivo: Maximiza tu Conocimiento en Todos los Cursos,766,Bienvenida,Orientación y ruta académica,Referencia introductoria de junio de 2024 sin tema declarado; se necesita contenido adicional para determinar una recomendación educativa útil.,AMBIGUOUS,0.15,CATALOG_REFERENCE,https://www.beglobalpro.org/cursos/contenido/d7d44101-5358-4ef0-ae55-920b6c7c840a/766
Cursos de Actualización en Vivo: Maximiza tu Conocimiento en Todos los Cursos,767,Live de Mentoria,Orientación y ruta académica,Referencia a una sesión de mentoría sin problema identificado; no permite establecer qué entregable podría apoyar al miembro.,AMBIGUOUS,0.18,CATALOG_REFERENCE,https://www.beglobalpro.org/cursos/contenido/d7d44101-5358-4ef0-ae55-920b6c7c840a/767
Cursos de Actualización en Vivo: Maximiza tu Conocimiento en Todos los Cursos,768,Contabilidad en tu Ecommerce,Costos y rentabilidad,"Podría orientar la organización preliminar de registros del negocio para revisión contable, sin determinar tratamientos fiscales ni procedimientos profesionales concretos.",INFERRED,0.77,CATALOG_REFERENCE,https://www.beglobalpro.org/cursos/contenido/d7d44101-5358-4ef0-ae55-920b6c7c840a/768
Cursos de Actualización en Vivo: Maximiza tu Conocimiento en Todos los Cursos,788,Amazon Marca Registrada,Marca y propuesta de valor,"Podría orientar preguntas sobre marca propia en Amazon y revisión de requisitos, escalando registro y propiedad intelectual a un profesional.",INFERRED,0.68,CATALOG_REFERENCE,https://www.beglobalpro.org/cursos/contenido/d7d44101-5358-4ef0-ae55-920b6c7c840a/788
Cursos de Actualización en Vivo: Maximiza tu Conocimiento en Todos los Cursos,802,Lanzamiento de Producto,Producto y validación,"Podría apoyar la preparación de hipótesis y evidencias previas a un lanzamiento, sin convertir el título en garantía de aceptación comercial.",INFERRED,0.72,CATALOG_REFERENCE,https://www.beglobalpro.org/cursos/contenido/d7d44101-5358-4ef0-ae55-920b6c7c840a/802
Cursos de Actualización en Vivo: Maximiza tu Conocimiento en Todos los Cursos,851,Estructura de un Copy,Contenido y creatividad,"Podría orientar la organización de un borrador publicitario con mensaje claro, sin atribuir una fórmula específica al docente o al curso.",INFERRED,0.8,CATALOG_REFERENCE,https://www.beglobalpro.org/cursos/contenido/d7d44101-5358-4ef0-ae55-920b6c7c840a/851
Cursos de Actualización en Vivo: Maximiza tu Conocimiento en Todos los Cursos,862,Tipos de Contenido para mantener activas tus Redes sociales,Contenido y creatividad,"Podría apoyar una propuesta de variedad editorial para mantener presencia social, adaptada a recursos disponibles y sin prometer alcance o ventas.",INFERRED,0.79,CATALOG_REFERENCE,https://www.beglobalpro.org/cursos/contenido/d7d44101-5358-4ef0-ae55-920b6c7c840a/862
Cursos de Actualización en Vivo: Maximiza tu Conocimiento en Todos los Cursos,867,Anuncios Ganadores para Campañas Publicitarias,Publicidad y experimentos,Podría servir de referencia para hipótesis creativas de anuncios; la palabra ganadores no demuestra resultados ni reemplaza pruebas controladas.,INFERRED,0.74,CATALOG_REFERENCE,https://www.beglobalpro.org/cursos/contenido/d7d44101-5358-4ef0-ae55-920b6c7c840a/867
Cursos de Actualización en Vivo: Maximiza tu Conocimiento en Todos los Cursos,885,Plan de Acción,Productividad y ejecución,"Podría orientar un esquema sencillo de tareas y evidencia esperada, sin inferir objetivos ni plazos específicos del plan mencionado.",INFERRED,0.71,CATALOG_REFERENCE,https://www.beglobalpro.org/cursos/contenido/d7d44101-5358-4ef0-ae55-920b6c7c840a/885
Cursos de Actualización en Vivo: Maximiza tu Conocimiento en Todos los Cursos,897,Mentoria,Orientación y ruta académica,Referencia a mentoría sin tema explícito en agosto de 2024; falta descripción para conectarla con un problema comercial concreto.,AMBIGUOUS,0.18,CATALOG_REFERENCE,https://www.beglobalpro.org/cursos/contenido/d7d44101-5358-4ef0-ae55-920b6c7c840a/897
Cursos de Actualización en Vivo: Maximiza tu Conocimiento en Todos los Cursos,889,Experiencia del Usuario,Tienda y catálogo,"Podría apoyar una revisión inicial de fricciones en el recorrido del visitante de una tienda, sin afirmar criterios de evaluación específicos.",INFERRED,0.72,CATALOG_REFERENCE,https://www.beglobalpro.org/cursos/contenido/d7d44101-5358-4ef0-ae55-920b6c7c840a/889
Cursos de Actualización en Vivo: Maximiza tu Conocimiento en Todos los Cursos,886,Academia de Éxito,Orientación y ruta académica,El nombre Academia de Éxito no identifica una materia o entregable; requiere descripción antes de recomendar acciones específicas al miembro.,AMBIGUOUS,0.16,CATALOG_REFERENCE,https://www.beglobalpro.org/cursos/contenido/d7d44101-5358-4ef0-ae55-920b6c7c840a/886
Cursos de Actualización en Vivo: Maximiza tu Conocimiento en Todos los Cursos,888,Lanzamiento de Producto,Producto y validación,"Podría señalar una referencia para ordenar preparativos de presentación del producto, manteniendo pendientes la demanda, condiciones comerciales y resultados reales.",INFERRED,0.72,CATALOG_REFERENCE,https://www.beglobalpro.org/cursos/contenido/d7d44101-5358-4ef0-ae55-920b6c7c840a/888
Cursos de Actualización en Vivo: Maximiza tu Conocimiento en Todos los Cursos,890,Ventas Exitosas,Conversación y conversión,Podría ubicarse como referencia comercial general; el título no precisa estrategias ni permite respaldar que una acción produzca ventas exitosas.,INFERRED,0.6,CATALOG_REFERENCE,https://www.beglobalpro.org/cursos/contenido/d7d44101-5358-4ef0-ae55-920b6c7c840a/890
Cursos de Actualización en Vivo: Maximiza tu Conocimiento en Todos los Cursos,892,Academia de Exito,Orientación y ruta académica,La denominación Academia de Exito carece de tema específico; no permite distinguir esta sesión de otras ni asignar una misión operativa.,AMBIGUOUS,0.16,CATALOG_REFERENCE,https://www.beglobalpro.org/cursos/contenido/d7d44101-5358-4ef0-ae55-920b6c7c840a/892
Cursos de Actualización en Vivo: Maximiza tu Conocimiento en Todos los Cursos,893,Contabilidad en tu Ecommerce,Costos y rentabilidad,"Podría servir para organizar información del ecommerce antes de una consulta contable, sin asumir reglas fiscales ni métodos de registro enseñados.",INFERRED,0.77,CATALOG_REFERENCE,https://www.beglobalpro.org/cursos/contenido/d7d44101-5358-4ef0-ae55-920b6c7c840a/893
Cursos de Actualización en Vivo: Maximiza tu Conocimiento en Todos los Cursos,723,Marketing de Contenido,Contenido y creatividad,Podría apoyar la selección de objetivos editoriales según el negocio del miembro y preparar un primer borrador de contenido útil.,INFERRED,0.77,CATALOG_REFERENCE,https://www.beglobalpro.org/cursos/contenido/d7d44101-5358-4ef0-ae55-920b6c7c840a/723
Cursos de Actualización en Vivo: Maximiza tu Conocimiento en Todos los Cursos,725,Hacks para vender por redes sociales,Conversación y conversión,Podría orientar preguntas sobre obstáculos de venta en redes; el índice no identifica los hacks ni acredita su efectividad comercial.,INFERRED,0.66,CATALOG_REFERENCE,https://www.beglobalpro.org/cursos/contenido/d7d44101-5358-4ef0-ae55-920b6c7c840a/725
Cursos de Actualización en Vivo: Maximiza tu Conocimiento en Todos los Cursos,870,Lanzamiento de Productos,Producto y validación,"Podría orientar una lista inicial de decisiones para presentar productos, sin asumir que la sesión valida demanda o éxito del lanzamiento.",INFERRED,0.72,CATALOG_REFERENCE,https://www.beglobalpro.org/cursos/contenido/d7d44101-5358-4ef0-ae55-920b6c7c840a/870
Cursos de Actualización en Vivo: Maximiza tu Conocimiento en Todos los Cursos,876,Lanzamiento de Producto,Producto y validación,"Podría complementar una ruta de preparación de lanzamiento, pero falta descripción para distinguir su contribución frente a otras sesiones del mismo tema.",INFERRED,0.72,CATALOG_REFERENCE,https://www.beglobalpro.org/cursos/contenido/d7d44101-5358-4ef0-ae55-920b6c7c840a/876
Cursos de Actualización en Vivo: Maximiza tu Conocimiento en Todos los Cursos,874,Como crear reels para tus redes sociales,Contenido y creatividad,"Podría apoyar una misión de bosquejar un reel con mensaje y tomas del producto, sin inventar procedimientos concretos de grabación.",INFERRED,0.8,CATALOG_REFERENCE,https://www.beglobalpro.org/cursos/contenido/d7d44101-5358-4ef0-ae55-920b6c7c840a/874
Cursos de Actualización en Vivo: Maximiza tu Conocimiento en Todos los Cursos,871,LIVE de Mentoria,Orientación y ruta académica,Referencia a mentoría en vivo de julio sin materia específica; necesita descripción para determinar cómo podría apoyar el siguiente entregable.,AMBIGUOUS,0.18,CATALOG_REFERENCE,https://www.beglobalpro.org/cursos/contenido/d7d44101-5358-4ef0-ae55-920b6c7c840a/871
Cursos de Actualización en Vivo: Maximiza tu Conocimiento en Todos los Cursos,872,Edicion de videos en Capcut,Contenido y creatividad,"Podría orientar la revisión de un video y una lista de ajustes en CapCut, sin editar ni atribuir técnicas al material no leído.",INFERRED,0.8,CATALOG_REFERENCE,https://www.beglobalpro.org/cursos/contenido/d7d44101-5358-4ef0-ae55-920b6c7c840a/872
Cursos de Actualización en Vivo: Maximiza tu Conocimiento en Todos los Cursos,873,Mentes Maestras,Orientación y ruta académica,El nombre Mentes Maestras no permite identificar una competencia o ejercicio; requiere descripción antes de establecer un aporte específico al agente.,AMBIGUOUS,0.16,CATALOG_REFERENCE,https://www.beglobalpro.org/cursos/contenido/d7d44101-5358-4ef0-ae55-920b6c7c840a/873
Cursos de Actualización en Vivo: Maximiza tu Conocimiento en Todos los Cursos,875,Como generar mas alcance sin pagar publicidad en instagram,Contenido y creatividad,"Podría apoyar hipótesis de contenido orgánico en Instagram y su seguimiento, sin garantizar mayor alcance ni asumir criterios actuales del algoritmo.",INFERRED,0.77,CATALOG_REFERENCE,https://www.beglobalpro.org/cursos/contenido/d7d44101-5358-4ef0-ae55-920b6c7c840a/875
Neuro Copy: La Ciencia de Escribir para Vender Más,10,1-1-Bienvenida,Orientación y ruta académica,Referencia de bienvenida sin contenido temático; se necesita descripción de la sesión para determinar qué tarea podría apoyar al miembro.,AMBIGUOUS,0.15,CATALOG_REFERENCE,https://www.beglobalpro.org/cursos/contenido/501c713a-e84a-4bd1-b902-e75390a122f5/10
Neuro Copy: La Ciencia de Escribir para Vender Más,12,1.1 Importancia del Neurocopy,Contenido y creatividad,"Podría orientar preguntas sobre el enfoque de redacción denominado neurocopy, sin aceptar por el nombre fundamentos científicos ni efectividad comercial.",INFERRED,0.7,CATALOG_REFERENCE,https://www.beglobalpro.org/cursos/contenido/501c713a-e84a-4bd1-b902-e75390a122f5/12
Neuro Copy: La Ciencia de Escribir para Vender Más,13,1.2 La efectividad del Neurocopy,Contenido y creatividad,"Podría señalar una referencia para examinar afirmaciones de eficacia del copy, requiriendo evidencia antes de trasladarlas a recomendaciones para el miembro.",INFERRED,0.68,CATALOG_REFERENCE,https://www.beglobalpro.org/cursos/contenido/501c713a-e84a-4bd1-b902-e75390a122f5/13
Neuro Copy: La Ciencia de Escribir para Vender Más,15,1.3 Discurso inteligente no vende,Contenido y creatividad,Podría apoyar una revisión del tono de un texto comercial; el título no prueba que la complejidad del discurso impida vender.,INFERRED,0.67,CATALOG_REFERENCE,https://www.beglobalpro.org/cursos/contenido/501c713a-e84a-4bd1-b902-e75390a122f5/15
Neuro Copy: La Ciencia de Escribir para Vender Más,16,1.4 Ponte en el lugar del consumidor,Contenido y creatividad,"Podría orientar preguntas para revisar el mensaje desde necesidades expresadas por el consumidor, sin inferir preferencias no confirmadas del público.",INFERRED,0.8,CATALOG_REFERENCE,https://www.beglobalpro.org/cursos/contenido/501c713a-e84a-4bd1-b902-e75390a122f5/16
Neuro Copy: La Ciencia de Escribir para Vender Más,18,"1.5 Leer, Leer, Leer",Contenido y creatividad,Podría sugerir una referencia sobre hábitos de lectura al mejorar textos comerciales; falta detalle sobre materiales o ejercicios concretos.,INFERRED,0.65,CATALOG_REFERENCE,https://www.beglobalpro.org/cursos/contenido/501c713a-e84a-4bd1-b902-e75390a122f5/18
Neuro Copy: La Ciencia de Escribir para Vender Más,19,1.6 Lee en voz alta,Contenido y creatividad,"Podría apoyar una revisión de fluidez oral del borrador de copy, sin atribuir resultados persuasivos específicos a la lectura en voz alta.",INFERRED,0.78,CATALOG_REFERENCE,https://www.beglobalpro.org/cursos/contenido/501c713a-e84a-4bd1-b902-e75390a122f5/19
Neuro Copy: La Ciencia de Escribir para Vender Más,20,"1.7 Ni tan largo, ni tan corto",Contenido y creatividad,"Podría orientar preguntas sobre extensión apropiada del mensaje según contexto y canal, sin inferir una longitud universalmente efectiva.",INFERRED,0.73,CATALOG_REFERENCE,https://www.beglobalpro.org/cursos/contenido/501c713a-e84a-4bd1-b902-e75390a122f5/20
Neuro Copy: La Ciencia de Escribir para Vender Más,21,"1.8 Ejemplo ni tan largo, ni tan corto",Contenido y creatividad,"Podría ofrecer una referencia práctica para revisar extensión del copy, aunque el ejemplo y sus criterios no aparecen en el índice.",INFERRED,0.7,CATALOG_REFERENCE,https://www.beglobalpro.org/cursos/contenido/501c713a-e84a-4bd1-b902-e75390a122f5/21
Neuro Copy: La Ciencia de Escribir para Vender Más,22,1.9 Lo simple enamora,Contenido y creatividad,"Podría apoyar una revisión de claridad y sencillez en textos comerciales, sin afirmar que la simplificación produzca una respuesta emocional determinada.",INFERRED,0.72,CATALOG_REFERENCE,https://www.beglobalpro.org/cursos/contenido/501c713a-e84a-4bd1-b902-e75390a122f5/22
Neuro Copy: La Ciencia de Escribir para Vender Más,23,1.10 Ejemplo lo simple enamora,Contenido y creatividad,Podría señalar un ejemplo para comparar claridad de mensajes; falta el contenido para evaluar cómo se aplica la sencillez propuesta.,INFERRED,0.68,CATALOG_REFERENCE,https://www.beglobalpro.org/cursos/contenido/501c713a-e84a-4bd1-b902-e75390a122f5/23
Neuro Copy: La Ciencia de Escribir para Vender Más,24,1.11 La acción vende,Contenido y creatividad,"Podría orientar una revisión de llamadas a la acción en el copy, sin convertir el título en evidencia de aumento de ventas.",INFERRED,0.7,CATALOG_REFERENCE,https://www.beglobalpro.org/cursos/contenido/501c713a-e84a-4bd1-b902-e75390a122f5/24
Neuro Copy: La Ciencia de Escribir para Vender Más,25,1.12 Ejemplo la acción vende,Contenido y creatividad,Podría aportar una referencia práctica para examinar un mensaje orientado a acción; el ejemplo real y sus resultados permanecen desconocidos.,INFERRED,0.68,CATALOG_REFERENCE,https://www.beglobalpro.org/cursos/contenido/501c713a-e84a-4bd1-b902-e75390a122f5/25
Neuro Copy: La Ciencia de Escribir para Vender Más,26,1.13 El poder del tu,Contenido y creatividad,"Podría apoyar preguntas sobre el uso de segunda persona en un mensaje, sin asegurar efectos persuasivos por una elección de pronombre.",INFERRED,0.71,CATALOG_REFERENCE,https://www.beglobalpro.org/cursos/contenido/501c713a-e84a-4bd1-b902-e75390a122f5/26
Neuro Copy: La Ciencia de Escribir para Vender Más,27,1.14 Ejemplo del poder del tu,Contenido y creatividad,Podría servir para revisar un ejemplo de redacción dirigida al lector; el índice no muestra el texto ni criterios de efectividad.,INFERRED,0.68,CATALOG_REFERENCE,https://www.beglobalpro.org/cursos/contenido/501c713a-e84a-4bd1-b902-e75390a122f5/27
Neuro Copy: La Ciencia de Escribir para Vender Más,28,1.15 Estrategia integral,Contenido y creatividad,"Podría orientar una revisión de coherencia entre piezas de copy del negocio, aunque la estrategia integral anunciada carece de componentes explícitos.",INFERRED,0.62,CATALOG_REFERENCE,https://www.beglobalpro.org/cursos/contenido/501c713a-e84a-4bd1-b902-e75390a122f5/28
Neuro Copy: La Ciencia de Escribir para Vender Más,29,1.16 Personalización biologica,Contenido y creatividad,Podría señalar un enfoque de personalización para examinar críticamente; no acredita diferencias biológicas ni autoriza inferencias sensibles sobre los consumidores.,INFERRED,0.6,CATALOG_REFERENCE,https://www.beglobalpro.org/cursos/contenido/501c713a-e84a-4bd1-b902-e75390a122f5/29
Neuro Copy: La Ciencia de Escribir para Vender Más,30,1.17 Ejemplo personalización biologica,Contenido y creatividad,"Podría remitir a un ejemplo de personalización para revisión crítica, sin validar mecanismos biológicos ni reproducir segmentaciones sensibles no justificadas.",INFERRED,0.6,CATALOG_REFERENCE,https://www.beglobalpro.org/cursos/contenido/501c713a-e84a-4bd1-b902-e75390a122f5/30
Neuro Copy: La Ciencia de Escribir para Vender Más,31,2.1 Bienvenida modulo 2,Orientación y ruta académica,Referencia de bienvenida al segundo módulo sin materia específica; requiere descripción para decidir su utilidad en una tarea del agente.,AMBIGUOUS,0.15,CATALOG_REFERENCE,https://www.beglobalpro.org/cursos/contenido/501c713a-e84a-4bd1-b902-e75390a122f5/31
Neuro Copy: La Ciencia de Escribir para Vender Más,32,2.2 Modelo toma decisiones,Conversación y conversión,"Podría apoyar preguntas sobre decisiones del comprador al revisar un mensaje, sin reconstruir el modelo ni atribuirle validez psicológica.",INFERRED,0.68,CATALOG_REFERENCE,https://www.beglobalpro.org/cursos/contenido/501c713a-e84a-4bd1-b902-e75390a122f5/32
Neuro Copy: La Ciencia de Escribir para Vender Más,33,2.3 Modelo zona de confort,Productividad y ejecución,"Podría orientar una reflexión sobre barreras percibidas para actuar, sin asumir un modelo psicológico validado a partir del título.",INFERRED,0.6,CATALOG_REFERENCE,https://www.beglobalpro.org/cursos/contenido/501c713a-e84a-4bd1-b902-e75390a122f5/33
Neuro Copy: La Ciencia de Escribir para Vender Más,34,2.4 Ejercicio practico,Orientación y ruta académica,La referencia a un ejercicio práctico no identifica qué se practica; falta descripción para proponer una misión específica de copywriting.,AMBIGUOUS,0.2,CATALOG_REFERENCE,https://www.beglobalpro.org/cursos/contenido/501c713a-e84a-4bd1-b902-e75390a122f5/34
Neuro Copy: La Ciencia de Escribir para Vender Más,35,2.5 Caption,Contenido y creatividad,"Podría orientar un borrador de texto acompañante para una publicación, adaptado al producto y canal sin asumir una estructura del docente.",INFERRED,0.77,CATALOG_REFERENCE,https://www.beglobalpro.org/cursos/contenido/501c713a-e84a-4bd1-b902-e75390a122f5/35
Neuro Copy: La Ciencia de Escribir para Vender Más,36,2.6 tip caption 1,Contenido y creatividad,Podría complementar una revisión de captions para publicaciones; el índice no revela el primer consejo ni permite aplicarlo literalmente.,INFERRED,0.67,CATALOG_REFERENCE,https://www.beglobalpro.org/cursos/contenido/501c713a-e84a-4bd1-b902-e75390a122f5/36
Neuro Copy: La Ciencia de Escribir para Vender Más,37,2.7 tip caption 2,Contenido y creatividad,"Podría servir como segunda referencia sobre captions, aunque faltan detalles para identificar una mejora específica frente al consejo anterior.",INFERRED,0.67,CATALOG_REFERENCE,https://www.beglobalpro.org/cursos/contenido/501c713a-e84a-4bd1-b902-e75390a122f5/37
Neuro Copy: La Ciencia de Escribir para Vender Más,38,2.8 Video Viral,Contenido y creatividad,"Podría orientar hipótesis creativas para un video y su revisión posterior, sin considerar la viralidad un resultado predecible o garantizado.",INFERRED,0.7,CATALOG_REFERENCE,https://www.beglobalpro.org/cursos/contenido/501c713a-e84a-4bd1-b902-e75390a122f5/38
Neuro Copy: La Ciencia de Escribir para Vender Más,39,2.9 Hacks de persuasión,Contenido y creatividad,"Podría apoyar una revisión crítica de recursos persuasivos del texto, sin adoptar técnicas ocultas ni atribuir eficacia a hacks no descritos.",INFERRED,0.67,CATALOG_REFERENCE,https://www.beglobalpro.org/cursos/contenido/501c713a-e84a-4bd1-b902-e75390a122f5/39
Neuro Copy: La Ciencia de Escribir para Vender Más,40,2.10 Hack 1,Orientación y ruta académica,El primer hack carece de nombre temático; hace falta descripción para determinar su aporte al copy sin inventar una técnica.,AMBIGUOUS,0.18,CATALOG_REFERENCE,https://www.beglobalpro.org/cursos/contenido/501c713a-e84a-4bd1-b902-e75390a122f5/40
Neuro Copy: La Ciencia de Escribir para Vender Más,41,2.11 Hack 2,Orientación y ruta académica,El segundo hack solo tiene numeración; no permite precisar una mejora de contenido ni recomendar su aplicación sin contexto adicional.,AMBIGUOUS,0.18,CATALOG_REFERENCE,https://www.beglobalpro.org/cursos/contenido/501c713a-e84a-4bd1-b902-e75390a122f5/41
Neuro Copy: La Ciencia de Escribir para Vender Más,42,2.12 Hack 3,Orientación y ruta académica,El tercer hack no identifica recurso persuasivo alguno; requiere contenido adicional antes de convertirlo en una sugerencia para el agente.,AMBIGUOUS,0.18,CATALOG_REFERENCE,https://www.beglobalpro.org/cursos/contenido/501c713a-e84a-4bd1-b902-e75390a122f5/42
Neuro Copy: La Ciencia de Escribir para Vender Más,43,2.13 Hack 4,Orientación y ruta académica,El cuarto hack permanece sin tema explícito; el agente necesita descripción para saber qué problema de redacción podría abordar.,AMBIGUOUS,0.18,CATALOG_REFERENCE,https://www.beglobalpro.org/cursos/contenido/501c713a-e84a-4bd1-b902-e75390a122f5/43
Neuro Copy: La Ciencia de Escribir para Vender Más,44,2.14 Hack 5,Orientación y ruta académica,La quinta entrada numerada no revela su técnica; no puede asignarse una aportación concreta al mensaje comercial sin conocerla.,AMBIGUOUS,0.18,CATALOG_REFERENCE,https://www.beglobalpro.org/cursos/contenido/501c713a-e84a-4bd1-b902-e75390a122f5/44
Neuro Copy: La Ciencia de Escribir para Vender Más,45,2.15 Hack 6,Orientación y ruta académica,El sexto hack no incluye concepto identificable; faltan datos para vincularlo responsablemente con una misión particular de escritura comercial.,AMBIGUOUS,0.18,CATALOG_REFERENCE,https://www.beglobalpro.org/cursos/contenido/501c713a-e84a-4bd1-b902-e75390a122f5/45
Neuro Copy: La Ciencia de Escribir para Vender Más,46,2.16 Hack 7,Orientación y ruta académica,La séptima referencia de hacks no delimita su contenido; requiere descripción antes de atribuirle utilidad específica para un borrador.,AMBIGUOUS,0.18,CATALOG_REFERENCE,https://www.beglobalpro.org/cursos/contenido/501c713a-e84a-4bd1-b902-e75390a122f5/46
Neuro Copy: La Ciencia de Escribir para Vender Más,47,2.17 Hack 8,Orientación y ruta académica,El octavo hack se conoce solo por su posición; el agente no puede deducir la técnica ni el contexto de aplicación.,AMBIGUOUS,0.18,CATALOG_REFERENCE,https://www.beglobalpro.org/cursos/contenido/501c713a-e84a-4bd1-b902-e75390a122f5/47
Neuro Copy: La Ciencia de Escribir para Vender Más,48,2.18 Hack 9,Orientación y ruta académica,La novena entrada no identifica un tema de persuasión; hace falta descripción para justificar una recomendación educativa específica.,AMBIGUOUS,0.18,CATALOG_REFERENCE,https://www.beglobalpro.org/cursos/contenido/501c713a-e84a-4bd1-b902-e75390a122f5/48
Neuro Copy: La Ciencia de Escribir para Vender Más,49,2.19 Hack 10,Orientación y ruta académica,El décimo hack carece de explicación temática; no permite proponer cambios concretos al copy del miembro sin información adicional.,AMBIGUOUS,0.18,CATALOG_REFERENCE,https://www.beglobalpro.org/cursos/contenido/501c713a-e84a-4bd1-b902-e75390a122f5/49
Neuro Copy: La Ciencia de Escribir para Vender Más,50,2.20 Hack 11,Orientación y ruta académica,El undécimo hack solo aporta un número de secuencia; requiere contenido antes de asignarle una función en la revisión comercial.,AMBIGUOUS,0.18,CATALOG_REFERENCE,https://www.beglobalpro.org/cursos/contenido/501c713a-e84a-4bd1-b902-e75390a122f5/50
Neuro Copy: La Ciencia de Escribir para Vender Más,51,2.21 Hack 12,Orientación y ruta académica,La referencia al duodécimo hack no revela su mecanismo; se necesita descripción para recomendarlo ante un bloqueo de redacción.,AMBIGUOUS,0.18,CATALOG_REFERENCE,https://www.beglobalpro.org/cursos/contenido/501c713a-e84a-4bd1-b902-e75390a122f5/51
Neuro Copy: La Ciencia de Escribir para Vender Más,52,2.22 Hack 13,Orientación y ruta académica,El decimotercer hack no nombra una habilidad; el agente debe solicitar más contexto antes de sugerir una aplicación específica.,AMBIGUOUS,0.18,CATALOG_REFERENCE,https://www.beglobalpro.org/cursos/contenido/501c713a-e84a-4bd1-b902-e75390a122f5/52
Neuro Copy: La Ciencia de Escribir para Vender Más,53,2.23 Hack 14,Orientación y ruta académica,El decimocuarto hack sigue sin tema identificable; no permite afirmar qué aporta respecto a otras técnicas del mismo módulo.,AMBIGUOUS,0.18,CATALOG_REFERENCE,https://www.beglobalpro.org/cursos/contenido/501c713a-e84a-4bd1-b902-e75390a122f5/53
Neuro Copy: La Ciencia de Escribir para Vender Más,54,2.24 Consejo extra,Orientación y ruta académica,La referencia a un consejo extra no informa su materia; hace falta contenido para asociarlo con una mejora verificable del borrador.,AMBIGUOUS,0.18,CATALOG_REFERENCE,https://www.beglobalpro.org/cursos/contenido/501c713a-e84a-4bd1-b902-e75390a122f5/54
Neuro Copy: La Ciencia de Escribir para Vender Más,55,3.1 Bienvenida Modulo 3,Orientación y ruta académica,Referencia de bienvenida al tercer módulo sin aporte temático explícito; requiere descripción antes de recomendar una tarea específica al miembro.,AMBIGUOUS,0.15,CATALOG_REFERENCE,https://www.beglobalpro.org/cursos/contenido/501c713a-e84a-4bd1-b902-e75390a122f5/55
Neuro Copy: La Ciencia de Escribir para Vender Más,56,3.2 6 pasos del neurocopy,Contenido y creatividad,"Podría orientar preguntas sobre un proceso de elaboración de copy en seis pasos, sin reconstruirlos ni asumir respaldo científico del nombre.",INFERRED,0.72,CATALOG_REFERENCE,https://www.beglobalpro.org/cursos/contenido/501c713a-e84a-4bd1-b902-e75390a122f5/56
Neuro Copy: La Ciencia de Escribir para Vender Más,57,3.3 Conoce tu producto paso 1,Producto y validación,"Podría apoyar la recopilación de características verificadas del producto antes de redactar mensajes, sin inventar beneficios ni diferenciales comerciales.",INFERRED,0.8,CATALOG_REFERENCE,https://www.beglobalpro.org/cursos/contenido/501c713a-e84a-4bd1-b902-e75390a122f5/57
Neuro Copy: La Ciencia de Escribir para Vender Más,58,3.4 Conoce a tu cliente paso 2,Conversación y conversión,"Podría orientar preguntas al miembro para describir necesidades y contexto del cliente, sin asumir motivaciones privadas ni perfiles sensibles.",INFERRED,0.79,CATALOG_REFERENCE,https://www.beglobalpro.org/cursos/contenido/501c713a-e84a-4bd1-b902-e75390a122f5/58
Neuro Copy: La Ciencia de Escribir para Vender Más,59,3.5 Investigación paso 3,Contenido y creatividad,"Podría apoyar la preparación de preguntas de investigación previa al copy, aunque el título no identifica fuentes ni métodos específicos.",INFERRED,0.7,CATALOG_REFERENCE,https://www.beglobalpro.org/cursos/contenido/501c713a-e84a-4bd1-b902-e75390a122f5/59
Neuro Copy: La Ciencia de Escribir para Vender Más,60,3.6 Modelo neuro paso 4,Contenido y creatividad,Podría señalar una referencia de modelo aplicado a redacción para examen crítico; el índice no define su mecanismo ni valida su fundamento.,INFERRED,0.6,CATALOG_REFERENCE,https://www.beglobalpro.org/cursos/contenido/501c713a-e84a-4bd1-b902-e75390a122f5/60
Neuro Copy: La Ciencia de Escribir para Vender Más,61,3.7 Creación del copy paso 5,Contenido y creatividad,"Podría orientar una misión de redactar el primer copy con datos del producto y público, manteniendo revisión humana antes de usarlo.",INFERRED,0.8,CATALOG_REFERENCE,https://www.beglobalpro.org/cursos/contenido/501c713a-e84a-4bd1-b902-e75390a122f5/61
Neuro Copy: La Ciencia de Escribir para Vender Más,62,"3.8 Lanza, analiza y mejora. paso 6",Medición y diagnóstico,"Podría apoyar un esquema de hipótesis, observación y revisión del mensaje, sin publicar autónomamente ni atribuir métricas específicas al curso.",INFERRED,0.8,CATALOG_REFERENCE,https://www.beglobalpro.org/cursos/contenido/501c713a-e84a-4bd1-b902-e75390a122f5/62
Neuro Copy: La Ciencia de Escribir para Vender Más,63,3.9 Fin del modulo 3,Orientación y ruta académica,"Referencia de cierre del tercer módulo sin materia concreta; falta contenido para saber si incluye repaso, tareas o nuevas ideas.",AMBIGUOUS,0.15,CATALOG_REFERENCE,https://www.beglobalpro.org/cursos/contenido/501c713a-e84a-4bd1-b902-e75390a122f5/63
Neuro Copy: La Ciencia de Escribir para Vender Más,64,4.1 Bienvenida Modulo 4,Orientación y ruta académica,La bienvenida al cuarto módulo no identifica una habilidad concreta; necesita descripción adicional para vincularse con un entregable del miembro.,AMBIGUOUS,0.15,CATALOG_REFERENCE,https://www.beglobalpro.org/cursos/contenido/501c713a-e84a-4bd1-b902-e75390a122f5/64
Neuro Copy: La Ciencia de Escribir para Vender Más,65,4.2 8 factores para vender mas,Conversación y conversión,"Podría orientar preguntas de diagnóstico sobre factores comerciales, sin inventar los ocho elementos anunciados ni presentar mayores ventas como resultado garantizado.",INFERRED,0.65,CATALOG_REFERENCE,https://www.beglobalpro.org/cursos/contenido/501c713a-e84a-4bd1-b902-e75390a122f5/65
Neuro Copy: La Ciencia de Escribir para Vender Más,66,4.3 Factor 1,Orientación y ruta académica,El primer factor no está nombrado; se requiere descripción para saber qué aspecto de la venta podría ayudar a revisar.,AMBIGUOUS,0.18,CATALOG_REFERENCE,https://www.beglobalpro.org/cursos/contenido/501c713a-e84a-4bd1-b902-e75390a122f5/66
Neuro Copy: La Ciencia de Escribir para Vender Más,67,4.4 Factor 2,Orientación y ruta académica,La segunda entrada de factores solo indica orden; no permite inferir una palanca comercial ni recomendar una tarea concreta.,AMBIGUOUS,0.18,CATALOG_REFERENCE,https://www.beglobalpro.org/cursos/contenido/501c713a-e84a-4bd1-b902-e75390a122f5/67
Neuro Copy: La Ciencia de Escribir para Vender Más,68,4.5 Factor 3,Orientación y ruta académica,El tercer factor carece de materia identificable; falta contexto antes de relacionarlo con un bloqueo específico de ventas del miembro.,AMBIGUOUS,0.18,CATALOG_REFERENCE,https://www.beglobalpro.org/cursos/contenido/501c713a-e84a-4bd1-b902-e75390a122f5/68
Neuro Copy: La Ciencia de Escribir para Vender Más,69,4.6 Factor 4,Orientación y ruta académica,El cuarto factor no especifica su función; el agente debe disponer de descripción antes de usarlo como fundamento de una recomendación.,AMBIGUOUS,0.18,CATALOG_REFERENCE,https://www.beglobalpro.org/cursos/contenido/501c713a-e84a-4bd1-b902-e75390a122f5/69
Neuro Copy: La Ciencia de Escribir para Vender Más,70,4.7 Factor 5,Orientación y ruta académica,La referencia al quinto factor no revela su contenido; impide precisar qué evidencia o acción comercial podría apoyar al miembro.,AMBIGUOUS,0.18,CATALOG_REFERENCE,https://www.beglobalpro.org/cursos/contenido/501c713a-e84a-4bd1-b902-e75390a122f5/70
Neuro Copy: La Ciencia de Escribir para Vender Más,71,4.8 Factor 6,Orientación y ruta académica,El sexto factor aparece únicamente numerado; necesita descripción para diferenciar su contribución de otros elementos del módulo de ventas.,AMBIGUOUS,0.18,CATALOG_REFERENCE,https://www.beglobalpro.org/cursos/contenido/501c713a-e84a-4bd1-b902-e75390a122f5/71
Neuro Copy: La Ciencia de Escribir para Vender Más,72,4.9 Factor 7,Orientación y ruta académica,El séptimo factor no identifica una competencia o mecanismo; se requiere contenido adicional para recomendar una misión específica del agente.,AMBIGUOUS,0.18,CATALOG_REFERENCE,https://www.beglobalpro.org/cursos/contenido/501c713a-e84a-4bd1-b902-e75390a122f5/72
Neuro Copy: La Ciencia de Escribir para Vender Más,73,4.10 Factor 8,Orientación y ruta académica,El octavo factor no tiene tema explícito; no puede convertirse en un criterio comercial sin conocer su descripción o transcripción.,AMBIGUOUS,0.18,CATALOG_REFERENCE,https://www.beglobalpro.org/cursos/contenido/501c713a-e84a-4bd1-b902-e75390a122f5/73
Neuro Copy: La Ciencia de Escribir para Vender Más,74,5.1 Bienvenida Modulo 5,Orientación y ruta académica,Referencia de bienvenida al quinto módulo; el índice no permite saber si incorpora orientación de canales u otro contenido específico.,AMBIGUOUS,0.15,CATALOG_REFERENCE,https://www.beglobalpro.org/cursos/contenido/501c713a-e84a-4bd1-b902-e75390a122f5/74
Neuro Copy: La Ciencia de Escribir para Vender Más,75,¿Cómo funciona amazon seller?,Tienda y catálogo,"Podría orientar preguntas introductorias sobre el canal Amazon Seller al elegir una ruta, sin asumir requisitos actuales ni operar cuentas.",INFERRED,0.79,CATALOG_REFERENCE,https://www.beglobalpro.org/cursos/contenido/501c713a-e84a-4bd1-b902-e75390a122f5/75
Neuro Copy: La Ciencia de Escribir para Vender Más,76,¿Cómo funciona la tienda online?,Tienda y catálogo,Podría aportar una referencia inicial para explicar la función de una tienda online y preparar dudas sobre su estructura comercial.,INFERRED,0.78,CATALOG_REFERENCE,https://www.beglobalpro.org/cursos/contenido/501c713a-e84a-4bd1-b902-e75390a122f5/76
Neuro Copy: La Ciencia de Escribir para Vender Más,77,¿Cómo funciona mercado libre?,Tienda y catálogo,"Podría ayudar a ubicar Mercado Libre como canal de venta para el miembro, dejando requisitos y procedimientos sujetos a verificación actual.",INFERRED,0.79,CATALOG_REFERENCE,https://www.beglobalpro.org/cursos/contenido/501c713a-e84a-4bd1-b902-e75390a122f5/77
Neuro Copy: La Ciencia de Escribir para Vender Más,78,¿Cómo funcionan las redes sociales?,Contenido y creatividad,"Podría orientar una explicación introductoria del papel de redes sociales en la comunicación comercial, sin inferir reglas concretas de cada plataforma.",INFERRED,0.72,CATALOG_REFERENCE,https://www.beglobalpro.org/cursos/contenido/501c713a-e84a-4bd1-b902-e75390a122f5/78
Neuro Copy: La Ciencia de Escribir para Vender Más,427,Como persuadir a través del Copywritig,Contenido y creatividad,"Podría apoyar la revisión de argumentos y claridad de un copy, evitando promesas no verificadas o atribuciones de eficacia persuasiva.",INFERRED,0.78,CATALOG_REFERENCE,https://www.beglobalpro.org/cursos/contenido/501c713a-e84a-4bd1-b902-e75390a122f5/427
Neuro Copy: La Ciencia de Escribir para Vender Más,480,Textos que venden: curso de copywriting para generar impacto y atraer a tu audiencia,Contenido y creatividad,"Podría orientar borradores dirigidos a una audiencia definida y su revisión crítica, sin garantizar impacto comercial por el nombre de la sesión.",INFERRED,0.78,CATALOG_REFERENCE,https://www.beglobalpro.org/cursos/contenido/501c713a-e84a-4bd1-b902-e75390a122f5/480
Aprende a crear tu tienda en línea con Shopify desde cero,388,Bienvenida,Orientación y ruta académica,Referencia de bienvenida sin instrucciones temáticas visibles; se necesita descripción para saber qué preparación concreta podría recomendar el agente.,AMBIGUOUS,0.15,CATALOG_REFERENCE,https://www.beglobalpro.org/cursos/contenido/2e4cf728-95b9-460c-b439-4c68cfa06b45/388
Aprende a crear tu tienda en línea con Shopify desde cero,390,Qué es Shopify?,Tienda y catálogo,"Podría orientar una explicación inicial del papel de Shopify y preguntas de elección de canal, sin asumir condiciones comerciales actuales.",INFERRED,0.8,CATALOG_REFERENCE,https://www.beglobalpro.org/cursos/contenido/2e4cf728-95b9-460c-b439-4c68cfa06b45/390
Aprende a crear tu tienda en línea con Shopify desde cero,391,Crea tu cuenta,Tienda y catálogo,"Podría apoyar un checklist de preparación para abrir una tienda Shopify por el miembro, sin crear cuentas ni solicitar credenciales.",INFERRED,0.76,CATALOG_REFERENCE,https://www.beglobalpro.org/cursos/contenido/2e4cf728-95b9-460c-b439-4c68cfa06b45/391
Aprende a crear tu tienda en línea con Shopify desde cero,392,Elige tu plan,Costos y rentabilidad,"Podría orientar una comparación de necesidades y costos de planes Shopify, requiriendo precios actuales y sin elegir un gasto por el miembro.",INFERRED,0.74,CATALOG_REFERENCE,https://www.beglobalpro.org/cursos/contenido/2e4cf728-95b9-460c-b439-4c68cfa06b45/392
Aprende a crear tu tienda en línea con Shopify desde cero,396,Activación de la seguridad (2 pasos),Tienda y catálogo,"Podría servir de referencia para revisar si la tienda tiene protección de acceso, sin solicitar códigos ni modificar la autenticación.",INFERRED,0.8,CATALOG_REFERENCE,https://www.beglobalpro.org/cursos/contenido/2e4cf728-95b9-460c-b439-4c68cfa06b45/396
Aprende a crear tu tienda en línea con Shopify desde cero,397,Comprar y conectar dominio,Tienda y catálogo,"Podría orientar preguntas sobre dominio propio y su conexión prevista, sin comprar dominios ni alterar configuraciones técnicas del miembro.",INFERRED,0.8,CATALOG_REFERENCE,https://www.beglobalpro.org/cursos/contenido/2e4cf728-95b9-460c-b439-4c68cfa06b45/397
Aprende a crear tu tienda en línea con Shopify desde cero,519,Mi dominio lo adquirí en GoDaddy,Tienda y catálogo,"Podría identificar una referencia para tiendas con dominio adquirido en GoDaddy, preparando dudas de conexión sin acceder al proveedor.",INFERRED,0.77,CATALOG_REFERENCE,https://www.beglobalpro.org/cursos/contenido/2e4cf728-95b9-460c-b439-4c68cfa06b45/519
Aprende a crear tu tienda en línea con Shopify desde cero,400,Como elegir tu plantilla,Tienda y catálogo,"Podría apoyar un listado de criterios visuales y funcionales para comparar plantillas Shopify, sin recomendar compras ni asumir compatibilidades actuales.",INFERRED,0.8,CATALOG_REFERENCE,https://www.beglobalpro.org/cursos/contenido/2e4cf728-95b9-460c-b439-4c68cfa06b45/400
Aprende a crear tu tienda en línea con Shopify desde cero,401,Conociendo el editor de plantillas,Tienda y catálogo,"Podría orientar una ruta de aprendizaje del editor para que el miembro identifique dónde preparar cambios, sin modificar la tienda.",INFERRED,0.78,CATALOG_REFERENCE,https://www.beglobalpro.org/cursos/contenido/2e4cf728-95b9-460c-b439-4c68cfa06b45/401
Aprende a crear tu tienda en línea con Shopify desde cero,402,Logo y baners,Marca y propuesta de valor,"Podría apoyar un brief coherente de logotipo y banners para la tienda, con revisión de derechos y datos reales del negocio.",INFERRED,0.78,CATALOG_REFERENCE,https://www.beglobalpro.org/cursos/contenido/2e4cf728-95b9-460c-b439-4c68cfa06b45/402
Aprende a crear tu tienda en línea con Shopify desde cero,403,Colores,Marca y propuesta de valor,"Podría orientar una propuesta de paleta para mantener consistencia visual en Shopify, sin atribuir efectos comerciales universales a cada color.",INFERRED,0.75,CATALOG_REFERENCE,https://www.beglobalpro.org/cursos/contenido/2e4cf728-95b9-460c-b439-4c68cfa06b45/403
Aprende a crear tu tienda en línea con Shopify desde cero,404,Mostrar colecciones en la página de inicio,Tienda y catálogo,"Podría apoyar un esquema de colecciones visibles desde el inicio para facilitar exploración del catálogo, sin cambiar la navegación publicada.",INFERRED,0.8,CATALOG_REFERENCE,https://www.beglobalpro.org/cursos/contenido/2e4cf728-95b9-460c-b439-4c68cfa06b45/404
Aprende a crear tu tienda en línea con Shopify desde cero,405,Tipografía,Marca y propuesta de valor,"Podría orientar una revisión de legibilidad y coherencia tipográfica de la tienda, sin asegurar que el curso establezca criterios específicos.",INFERRED,0.76,CATALOG_REFERENCE,https://www.beglobalpro.org/cursos/contenido/2e4cf728-95b9-460c-b439-4c68cfa06b45/405
Aprende a crear tu tienda en línea con Shopify desde cero,406,Páginas informativas,Tienda y catálogo,"Podría ayudar a inventariar páginas informativas necesarias y datos faltantes, sin inventar políticas comerciales ni redactar compromisos legales como válidos.",INFERRED,0.78,CATALOG_REFERENCE,https://www.beglobalpro.org/cursos/contenido/2e4cf728-95b9-460c-b439-4c68cfa06b45/406
Aprende a crear tu tienda en línea con Shopify desde cero,407,Organización de menus,Tienda y catálogo,"Podría apoyar un borrador de navegación por categorías y páginas relevantes, ajustado al catálogo y sin intervenir en menús publicados.",INFERRED,0.8,CATALOG_REFERENCE,https://www.beglobalpro.org/cursos/contenido/2e4cf728-95b9-460c-b439-4c68cfa06b45/407
Aprende a crear tu tienda en línea con Shopify desde cero,408,"Páginas de productos, carrito y pantalla de pago",Tienda y catálogo,"Podría orientar un checklist del recorrido entre ficha, carrito y pago, identificando dudas para revisión humana antes del lanzamiento.",INFERRED,0.8,CATALOG_REFERENCE,https://www.beglobalpro.org/cursos/contenido/2e4cf728-95b9-460c-b439-4c68cfa06b45/408
Aprende a crear tu tienda en línea con Shopify desde cero,1210,Abriendo Mercado pago,Tienda y catálogo,"Podría señalar una referencia de preparación para Mercado Pago, sin abrir cuentas, recopilar datos financieros ni resolver requisitos de identidad.",INFERRED,0.76,CATALOG_REFERENCE,https://www.beglobalpro.org/cursos/contenido/2e4cf728-95b9-460c-b439-4c68cfa06b45/1210
Aprende a crear tu tienda en línea con Shopify desde cero,1211,Como funciona la plataforma de mercado pago,Tienda y catálogo,"Podría orientar preguntas sobre el papel de Mercado Pago en la tienda, sin realizar operaciones ni confirmar condiciones vigentes del proveedor.",INFERRED,0.77,CATALOG_REFERENCE,https://www.beglobalpro.org/cursos/contenido/2e4cf728-95b9-460c-b439-4c68cfa06b45/1211
Aprende a crear tu tienda en línea con Shopify desde cero,1212,Seguridad de tu cuenta de mercado pago,Tienda y catálogo,"Podría apoyar un recordatorio de revisión de seguridad de Mercado Pago, sin manejar claves, códigos, fondos o configuraciones de acceso.",INFERRED,0.8,CATALOG_REFERENCE,https://www.beglobalpro.org/cursos/contenido/2e4cf728-95b9-460c-b439-4c68cfa06b45/1212
Aprende a crear tu tienda en línea con Shopify desde cero,1209,Abriendo tu cuenta en PayPal,Tienda y catálogo,"Podría orientar una lista de dudas previas a abrir PayPal por el miembro, sin crear la cuenta ni pedir datos sensibles.",INFERRED,0.76,CATALOG_REFERENCE,https://www.beglobalpro.org/cursos/contenido/2e4cf728-95b9-460c-b439-4c68cfa06b45/1209
Aprende a crear tu tienda en línea con Shopify desde cero,1208,Configurar métodos de pago en shopify,Tienda y catálogo,"Podría apoyar un checklist de opciones de cobro para revisión del equipo, sin conectar pasarelas ni procesar pagos desde el agente.",INFERRED,0.8,CATALOG_REFERENCE,https://www.beglobalpro.org/cursos/contenido/2e4cf728-95b9-460c-b439-4c68cfa06b45/1208
Aprende a crear tu tienda en línea con Shopify desde cero,412,Vinculación de redes sociales,Automatización guiada,"Podría documentar qué perfiles sociales se desea relacionar con Shopify y qué autorización falta, sin ejecutar vinculaciones entre cuentas.",INFERRED,0.76,CATALOG_REFERENCE,https://www.beglobalpro.org/cursos/contenido/2e4cf728-95b9-460c-b439-4c68cfa06b45/412
Aprende a crear tu tienda en línea con Shopify desde cero,413,Códigos de descuento,Conversación y conversión,"Podría orientar un borrador de promoción con condiciones y costos verificados, sin crear descuentos ni prometer que aumentarán las ventas.",INFERRED,0.79,CATALOG_REFERENCE,https://www.beglobalpro.org/cursos/contenido/2e4cf728-95b9-460c-b439-4c68cfa06b45/413
Aprende a crear tu tienda en línea con Shopify desde cero,414,Carritos abandonados,Conversación y conversión,"Podría apoyar preguntas sobre abandono de compra y borradores de recuperación, sin acceder a datos de clientes ni enviar comunicaciones.",INFERRED,0.79,CATALOG_REFERENCE,https://www.beglobalpro.org/cursos/contenido/2e4cf728-95b9-460c-b439-4c68cfa06b45/414
Aprende a crear tu tienda en línea con Shopify desde cero,415,Informes y estadisticas,Medición y diagnóstico,"Podría orientar una solicitud de datos de rendimiento de la tienda y una revisión inicial, sin inventar métricas ausentes.",INFERRED,0.8,CATALOG_REFERENCE,https://www.beglobalpro.org/cursos/contenido/2e4cf728-95b9-460c-b439-4c68cfa06b45/415
Aprende a crear tu tienda en línea con Shopify desde cero,416,Gestión de pedidos y clientes,Inventario y logística,"Podría apoyar un checklist de seguimiento de pedidos y dudas operativas, sin modificar órdenes ni acceder a información de otros clientes.",INFERRED,0.78,CATALOG_REFERENCE,https://www.beglobalpro.org/cursos/contenido/2e4cf728-95b9-460c-b439-4c68cfa06b45/416
Aprende a crear tu tienda en línea con Shopify desde cero,417,Apps,Tienda y catálogo,"Podría orientar preguntas sobre necesidades que una aplicación Shopify cubriría, aunque el título no permite identificar herramientas ni funciones concretas.",INFERRED,0.63,CATALOG_REFERENCE,https://www.beglobalpro.org/cursos/contenido/2e4cf728-95b9-460c-b439-4c68cfa06b45/417
Aprende a crear tu tienda en línea con Shopify desde cero,418,App de Instagram para página principal,Tienda y catálogo,"Podría apoyar un brief sobre presencia de Instagram en la página inicial, sin instalar aplicaciones ni asumir compatibilidad actual de servicios.",INFERRED,0.77,CATALOG_REFERENCE,https://www.beglobalpro.org/cursos/contenido/2e4cf728-95b9-460c-b439-4c68cfa06b45/418
Aprende a crear tu tienda en línea con Shopify desde cero,419,"Apps para upsell, downsell y crossell",Conversación y conversión,"Podría orientar propuestas de ofertas complementarias y alternativas con productos verificados, sin instalar aplicaciones ni garantizar incremento del valor de compra.",INFERRED,0.8,CATALOG_REFERENCE,https://www.beglobalpro.org/cursos/contenido/2e4cf728-95b9-460c-b439-4c68cfa06b45/419
Aprende a crear tu tienda en línea con Shopify desde cero,410,Lanza tu tienda,Tienda y catálogo,"Podría apoyar una lista de revisión previa a publicar la tienda, dejando el lanzamiento y sus permisos bajo control del miembro.",INFERRED,0.77,CATALOG_REFERENCE,https://www.beglobalpro.org/cursos/contenido/2e4cf728-95b9-460c-b439-4c68cfa06b45/410
Aprende a crear tu tienda en línea con Shopify desde cero,499,Cómo integrar Shopify con Whatsapp,Automatización guiada,"Podría documentar un flujo deseado entre Shopify y WhatsApp y sus límites, sin conectar plataformas ni enviar mensajes a terceros.",INFERRED,0.8,CATALOG_REFERENCE,https://www.beglobalpro.org/cursos/contenido/2e4cf728-95b9-460c-b439-4c68cfa06b45/499
Aprende a crear tu tienda en línea con Shopify desde cero,527,Potencializa tu tienda con Shopify,Tienda y catálogo,Podría señalar una referencia general para revisar oportunidades de mejora en Shopify; faltan detalles para identificar tácticas concretas del curso.,INFERRED,0.65,CATALOG_REFERENCE,https://www.beglobalpro.org/cursos/contenido/2e4cf728-95b9-460c-b439-4c68cfa06b45/527
Aprende a crear tu tienda en línea con Shopify desde cero,548,Shopify Boutique express,Tienda y catálogo,"Podría orientar una referencia de tienda tipo boutique en Shopify, pero el nombre express no establece alcance ni plazo de implementación.",INFERRED,0.61,CATALOG_REFERENCE,https://www.beglobalpro.org/cursos/contenido/2e4cf728-95b9-460c-b439-4c68cfa06b45/548
Aprende a crear tu tienda en línea con Shopify desde cero,1221,Shopify desde cero: lo que te nadie te dice al abrir tu tienda,Tienda y catálogo,"Podría apoyar preguntas preventivas al preparar una tienda Shopify desde cero, sin reconstruir advertencias específicas no presentes en el título.",INFERRED,0.73,CATALOG_REFERENCE,https://www.beglobalpro.org/cursos/contenido/2e4cf728-95b9-460c-b439-4c68cfa06b45/1221
Aprende a crear tu tienda en línea con Shopify desde cero,656,Cómo funciona nuestra App de Shopify,Tienda y catálogo,"Podría orientar preguntas sobre la aplicación propia de Shopify para gestionar catálogo, sin asumir sus funciones actuales ni operar la integración.",INFERRED,0.78,CATALOG_REFERENCE,https://www.beglobalpro.org/cursos/contenido/2e4cf728-95b9-460c-b439-4c68cfa06b45/656
Aprende a crear tu tienda en línea con Shopify desde cero,395,Alta de producto una a uno,Tienda y catálogo,"Podría apoyar una ficha de datos necesarios antes de cargar un producto individual, sin inventar características ni publicar en la tienda.",INFERRED,0.8,CATALOG_REFERENCE,https://www.beglobalpro.org/cursos/contenido/2e4cf728-95b9-460c-b439-4c68cfa06b45/395
Aprende a crear tu tienda en línea con Shopify desde cero,399,Como crear una colección de productos,Tienda y catálogo,"Podría orientar una agrupación de productos en colecciones comprensibles para el cliente, sin modificar catálogo ni reglas de colección.",INFERRED,0.8,CATALOG_REFERENCE,https://www.beglobalpro.org/cursos/contenido/2e4cf728-95b9-460c-b439-4c68cfa06b45/399
Aprende a crear tu tienda en línea con Shopify desde cero,398,Carga masiva de productos CSV,Tienda y catálogo,"Podría apoyar una revisión preliminar de datos para carga por CSV, sin inventar el esquema vigente ni importar productos automáticamente.",INFERRED,0.8,CATALOG_REFERENCE,https://www.beglobalpro.org/cursos/contenido/2e4cf728-95b9-460c-b439-4c68cfa06b45/398
Aprende a crear tu tienda en línea con Shopify desde cero,409,Como realizar la configuración de envíos,Inventario y logística,"Podría orientar un checklist de zonas, costos y condiciones de envío verificadas, dejando la configuración operativa bajo responsabilidad humana.",INFERRED,0.8,CATALOG_REFERENCE,https://www.beglobalpro.org/cursos/contenido/2e4cf728-95b9-460c-b439-4c68cfa06b45/409
Aprende a crear tu tienda en línea con Shopify desde cero,1222,Estética que convierte: estructura ideal de una tienda online,Tienda y catálogo,"Podría apoyar una revisión de estructura visual y claridad del recorrido de compra, sin afirmar que una estética específica garantice conversiones.",INFERRED,0.78,CATALOG_REFERENCE,https://www.beglobalpro.org/cursos/contenido/2e4cf728-95b9-460c-b439-4c68cfa06b45/1222
Aprende a crear tu tienda en línea con Shopify desde cero,1223,Tu tienda en modo experto: Optimización y conversiones reales,Medición y diagnóstico,"Podría orientar hipótesis de mejora de la tienda basadas en evidencia de conversión, sin asumir resultados demostrados por el título promocional.",INFERRED,0.73,CATALOG_REFERENCE,https://www.beglobalpro.org/cursos/contenido/2e4cf728-95b9-460c-b439-4c68cfa06b45/1223
Curso Intensivo Ventas en tu tienda online,1274,Introducción al curso,Orientación y ruta académica,La introducción al curso no declara una habilidad específica; requiere descripción para recomendar una primera misión más allá de orientación general.,AMBIGUOUS,0.18,CATALOG_REFERENCE,https://www.beglobalpro.org/cursos/contenido/7c1928c6-3e17-428f-b7ce-e1dd9231dbb0/1274
Curso Intensivo Ventas en tu tienda online,1275,Producto ganador y complementos,Producto y validación,"Podría apoyar hipótesis de producto principal y complementos, sujetas a validación de demanda y sin tratar ganador como resultado asegurado.",INFERRED,0.77,CATALOG_REFERENCE,https://www.beglobalpro.org/cursos/contenido/7c1928c6-3e17-428f-b7ce-e1dd9231dbb0/1275
Curso Intensivo Ventas en tu tienda online,1277,Selección del producto ganador dentro de be global pro,Producto y validación,"Podría orientar una comparación de candidatos del catálogo Be Global Pro, verificando condiciones reales y sin garantizar que alguno sea ganador.",INFERRED,0.8,CATALOG_REFERENCE,https://www.beglobalpro.org/cursos/contenido/7c1928c6-3e17-428f-b7ce-e1dd9231dbb0/1277
Curso Intensivo Ventas en tu tienda online,1278,Asignación de precios y promociones,Costos y rentabilidad,"Podría apoyar estimaciones de precio y promoción con costos aportados por el miembro, mostrando supuestos y sin asegurar rentabilidad comercial.",INFERRED,0.8,CATALOG_REFERENCE,https://www.beglobalpro.org/cursos/contenido/7c1928c6-3e17-428f-b7ce-e1dd9231dbb0/1278
Curso Intensivo Ventas en tu tienda online,1282,Selección del nombre de tu tienda online,Marca y propuesta de valor,"Podría orientar opciones de nombre coherentes con el negocio y preguntas de disponibilidad, escalando posibles conflictos de marca a revisión profesional.",INFERRED,0.8,CATALOG_REFERENCE,https://www.beglobalpro.org/cursos/contenido/7c1928c6-3e17-428f-b7ce-e1dd9231dbb0/1282
Curso Intensivo Ventas en tu tienda online,1283,Creación del logo de tu tienda online,Marca y propuesta de valor,"Podría apoyar un brief de logotipo para la tienda con criterios de identidad y usos, sin afirmar originalidad jurídica del diseño.",INFERRED,0.8,CATALOG_REFERENCE,https://www.beglobalpro.org/cursos/contenido/7c1928c6-3e17-428f-b7ce-e1dd9231dbb0/1283
Curso Intensivo Ventas en tu tienda online,1284,Apertura de Fanpage,Marca y propuesta de valor,"Podría orientar un checklist de identidad e información para una fanpage, dejando su creación y permisos bajo control del miembro.",INFERRED,0.76,CATALOG_REFERENCE,https://www.beglobalpro.org/cursos/contenido/7c1928c6-3e17-428f-b7ce-e1dd9231dbb0/1284
Curso Intensivo Ventas en tu tienda online,1285,Poner username de Facebook,Marca y propuesta de valor,"Podría apoyar propuestas de nombre de usuario coherentes con la marca en Facebook, sin verificar disponibilidad ni modificar perfiles.",INFERRED,0.78,CATALOG_REFERENCE,https://www.beglobalpro.org/cursos/contenido/7c1928c6-3e17-428f-b7ce-e1dd9231dbb0/1285
Curso Intensivo Ventas en tu tienda online,1286,Apertura de Instagram,Marca y propuesta de valor,"Podría orientar la preparación de identidad e información inicial de Instagram, sin crear cuentas ni solicitar datos privados de acceso.",INFERRED,0.76,CATALOG_REFERENCE,https://www.beglobalpro.org/cursos/contenido/7c1928c6-3e17-428f-b7ce-e1dd9231dbb0/1286
Curso Intensivo Ventas en tu tienda online,1287,Vinculación de Facebook con instagram,Automatización guiada,"Podría documentar la conexión deseada entre Facebook e Instagram para revisión del equipo, sin vincular cuentas ni alterar permisos.",INFERRED,0.8,CATALOG_REFERENCE,https://www.beglobalpro.org/cursos/contenido/7c1928c6-3e17-428f-b7ce-e1dd9231dbb0/1287
Curso Intensivo Ventas en tu tienda online,1279,Búsqueda de contenido en las redes sociales,Contenido y creatividad,"Podría apoyar una búsqueda organizada de referencias creativas para el producto, distinguiendo inspiración de autorización para reutilizar material ajeno.",INFERRED,0.8,CATALOG_REFERENCE,https://www.beglobalpro.org/cursos/contenido/7c1928c6-3e17-428f-b7ce-e1dd9231dbb0/1279
Curso Intensivo Ventas en tu tienda online,1280,Descarga de contenido sin marca de agua,Contenido y creatividad,Podría orientar preguntas sobre permisos de reutilización de videos; descargar sin marca de agua no acredita autoría ni licencia del material.,INFERRED,0.73,CATALOG_REFERENCE,https://www.beglobalpro.org/cursos/contenido/7c1928c6-3e17-428f-b7ce-e1dd9231dbb0/1280
Curso Intensivo Ventas en tu tienda online,1289,Calendario de contenido con descripciones,Contenido y creatividad,"Podría apoyar un calendario editorial con borradores de descripciones adaptados al producto, sin programar publicaciones ni inventar sus características.",INFERRED,0.8,CATALOG_REFERENCE,https://www.beglobalpro.org/cursos/contenido/7c1928c6-3e17-428f-b7ce-e1dd9231dbb0/1289
Curso Intensivo Ventas en tu tienda online,1338,Creación de diseño de gráficos con Canva,Contenido y creatividad,"Podría orientar un brief de piezas gráficas en Canva con objetivo y mensaje, manteniendo revisión humana de recursos visuales utilizados.",INFERRED,0.8,CATALOG_REFERENCE,https://www.beglobalpro.org/cursos/contenido/7c1928c6-3e17-428f-b7ce-e1dd9231dbb0/1338
Curso Intensivo Ventas en tu tienda online,1291,Apertura tu tienda en shopify,Tienda y catálogo,"Podría apoyar una lista de preparación para abrir Shopify y dudas del miembro, sin crear cuentas ni asumir condiciones vigentes del servicio.",INFERRED,0.77,CATALOG_REFERENCE,https://www.beglobalpro.org/cursos/contenido/7c1928c6-3e17-428f-b7ce-e1dd9231dbb0/1291
Curso Intensivo Ventas en tu tienda online,1295,Compra de Dominio en shopify,Tienda y catálogo,"Podría orientar criterios y preguntas previas a elegir dominio para Shopify, sin realizar la compra ni comprometer fondos del miembro.",INFERRED,0.79,CATALOG_REFERENCE,https://www.beglobalpro.org/cursos/contenido/7c1928c6-3e17-428f-b7ce-e1dd9231dbb0/1295
Curso Intensivo Ventas en tu tienda online,1296,Vinculación de pasarelas de pago,Tienda y catálogo,"Podría documentar opciones de cobro y dudas de integración para el equipo, sin conectar pasarelas ni procesar información financiera sensible.",INFERRED,0.8,CATALOG_REFERENCE,https://www.beglobalpro.org/cursos/contenido/7c1928c6-3e17-428f-b7ce-e1dd9231dbb0/1296
Curso Intensivo Ventas en tu tienda online,1297,Vinculación de los productos con la app de be global pro,Tienda y catálogo,"Podría orientar un checklist del catálogo que se desea conectar con Be Global Pro, sin sincronizar productos ni asumir disponibilidad actual.",INFERRED,0.8,CATALOG_REFERENCE,https://www.beglobalpro.org/cursos/contenido/7c1928c6-3e17-428f-b7ce-e1dd9231dbb0/1297
Curso Intensivo Ventas en tu tienda online,1298,Configuración de los envios,Inventario y logística,"Podría apoyar la recopilación de costos, zonas y plazos reales de envío, dejando cualquier cambio operativo pendiente de autorización humana.",INFERRED,0.8,CATALOG_REFERENCE,https://www.beglobalpro.org/cursos/contenido/7c1928c6-3e17-428f-b7ce-e1dd9231dbb0/1298
Curso Intensivo Ventas en tu tienda online,1400,Carga de plantilla y diseño de banner principal,Tienda y catálogo,"Podría orientar un brief para plantilla y banner principal de la tienda, sin cargar archivos ni modificar la presentación publicada.",INFERRED,0.79,CATALOG_REFERENCE,https://www.beglobalpro.org/cursos/contenido/7c1928c6-3e17-428f-b7ce-e1dd9231dbb0/1400
Curso Intensivo Ventas en tu tienda online,1401,Añadir videos y testimonios en tu tienda,Contenido y creatividad,"Podría apoyar una revisión de videos y testimonios destinados a la tienda, exigiendo veracidad, consentimiento y sin inventar experiencias de clientes.",INFERRED,0.8,CATALOG_REFERENCE,https://www.beglobalpro.org/cursos/contenido/7c1928c6-3e17-428f-b7ce-e1dd9231dbb0/1401
Curso Intensivo Ventas en tu tienda online,1402,Tabla comparativa y producto de lanzamiento,Producto y validación,"Podría orientar una tabla comparativa del producto de lanzamiento con atributos comprobados, sin exagerar diferencias ni inventar ventajas frente a competidores.",INFERRED,0.77,CATALOG_REFERENCE,https://www.beglobalpro.org/cursos/contenido/7c1928c6-3e17-428f-b7ce-e1dd9231dbb0/1402
Curso Intensivo Ventas en tu tienda online,1403,Sección dinámica y preguntas frecuentes,Tienda y catálogo,"Podría apoyar borradores de preguntas frecuentes y necesidades de presentación dinámica, sin inventar políticas de garantía, devolución o entrega.",INFERRED,0.78,CATALOG_REFERENCE,https://www.beglobalpro.org/cursos/contenido/7c1928c6-3e17-428f-b7ce-e1dd9231dbb0/1403
Curso Intensivo Ventas en tu tienda online,1404,Diseña el pie de pagina de tu tienda online,Tienda y catálogo,"Podría orientar un checklist de enlaces e información del pie de página, sujeto a validación humana de datos comerciales y legales.",INFERRED,0.8,CATALOG_REFERENCE,https://www.beglobalpro.org/cursos/contenido/7c1928c6-3e17-428f-b7ce-e1dd9231dbb0/1404
Curso Intensivo Ventas en tu tienda online,1405,Diseña tu pagina de producto,Tienda y catálogo,"Podría apoyar una estructura de ficha de producto con imágenes, atributos y dudas verificadas, sin publicar ni inventar beneficios.",INFERRED,0.8,CATALOG_REFERENCE,https://www.beglobalpro.org/cursos/contenido/7c1928c6-3e17-428f-b7ce-e1dd9231dbb0/1405
Curso Intensivo Ventas en tu tienda online,1288,Aperturando cuenta publicitaria,Publicidad y experimentos,"Podría orientar preguntas de preparación y permisos de una cuenta publicitaria, sin abrirla, solicitar credenciales ni asumir políticas actuales.",INFERRED,0.77,CATALOG_REFERENCE,https://www.beglobalpro.org/cursos/contenido/7c1928c6-3e17-428f-b7ce-e1dd9231dbb0/1288
Curso Intensivo Ventas en tu tienda online,1281,Estructura de gráficos para ADS,Publicidad y experimentos,"Podría apoyar un brief gráfico para anuncios con mensaje y propósito verificables, sin atribuir formatos de alto rendimiento al curso.",INFERRED,0.8,CATALOG_REFERENCE,https://www.beglobalpro.org/cursos/contenido/7c1928c6-3e17-428f-b7ce-e1dd9231dbb0/1281
Curso Intensivo Ventas en tu tienda online,1300,Vincular pixel de shopify,Medición y diagnóstico,"Podría orientar una lista de preguntas sobre medición mediante píxel en Shopify, sin instalar rastreadores ni dar por resuelto el consentimiento.",INFERRED,0.8,CATALOG_REFERENCE,https://www.beglobalpro.org/cursos/contenido/7c1928c6-3e17-428f-b7ce-e1dd9231dbb0/1300
Curso Intensivo Ventas en tu tienda online,1301,Como segmentar tus campañas publicitarias,Publicidad y experimentos,"Podría apoyar hipótesis de audiencias basadas en contexto comercial relevante, sin usar atributos sensibles ni configurar campañas automáticamente.",INFERRED,0.8,CATALOG_REFERENCE,https://www.beglobalpro.org/cursos/contenido/7c1928c6-3e17-428f-b7ce-e1dd9231dbb0/1301
Curso Intensivo Ventas en tu tienda online,1302,Practica de la segmentación,Publicidad y experimentos,"Podría servir de referencia práctica para comparar hipótesis de público, aunque el índice no muestra el ejercicio ni sus criterios.",INFERRED,0.76,CATALOG_REFERENCE,https://www.beglobalpro.org/cursos/contenido/7c1928c6-3e17-428f-b7ce-e1dd9231dbb0/1302
Curso Intensivo Ventas en tu tienda online,1303,Como funciona el testeo,Publicidad y experimentos,"Podría orientar preguntas sobre diseño de una prueba publicitaria, sin inferir tamaños de muestra, presupuestos o reglas no disponibles.",INFERRED,0.74,CATALOG_REFERENCE,https://www.beglobalpro.org/cursos/contenido/7c1928c6-3e17-428f-b7ce-e1dd9231dbb0/1303
Curso Intensivo Ventas en tu tienda online,1313,Primera Campaña publicitaria de testeo,Publicidad y experimentos,"Podría apoyar un borrador de primer experimento publicitario con objetivo y evidencia esperada, sin activar anuncios ni comprometer presupuesto.",INFERRED,0.8,CATALOG_REFERENCE,https://www.beglobalpro.org/cursos/contenido/7c1928c6-3e17-428f-b7ce-e1dd9231dbb0/1313
Curso Intensivo Ventas en tu tienda online,1314,⁠Análisis de estadísticas y escalamiento de campañas,Medición y diagnóstico,"Podría orientar una revisión de estadísticas antes de discutir escalamiento, dejando cualquier gasto adicional sujeto a evidencia y decisión humana.",INFERRED,0.8,CATALOG_REFERENCE,https://www.beglobalpro.org/cursos/contenido/7c1928c6-3e17-428f-b7ce-e1dd9231dbb0/1314
Curso Intensivo Ventas en tu tienda online,1358,Revisando campañas publicitarias,Medición y diagnóstico,"Podría apoyar preguntas para revisar campañas existentes con datos aportados por el miembro, sin inventar resultados ni modificar su configuración.",INFERRED,0.77,CATALOG_REFERENCE,https://www.beglobalpro.org/cursos/contenido/7c1928c6-3e17-428f-b7ce-e1dd9231dbb0/1358
Embudo o Funnels de Ventas,657,Introducción a Embudo de Ventas,Conversación y conversión,Podría orientar una explicación inicial del recorrido de venta y ayudar al miembro a ubicar dónde necesita preparar su siguiente tarea.,INFERRED,0.8,CATALOG_REFERENCE,https://www.beglobalpro.org/cursos/contenido/1a60e3b3-5717-4d9f-956b-06dcc62d205b/657
Embudo o Funnels de Ventas,658,3 leyes para crecer un negocio,Conversación y conversión,"Podría sugerir preguntas sobre palancas de crecimiento del negocio, sin inventar las tres leyes anunciadas ni tratarlas como reglas universales.",INFERRED,0.63,CATALOG_REFERENCE,https://www.beglobalpro.org/cursos/contenido/1a60e3b3-5717-4d9f-956b-06dcc62d205b/658
Embudo o Funnels de Ventas,659,¿Qué es un embudo o funnel?,Conversación y conversión,"Podría apoyar un esquema sencillo de etapas de conversión del negocio, sin asumir que el índice describe un modelo particular.",INFERRED,0.8,CATALOG_REFERENCE,https://www.beglobalpro.org/cursos/contenido/1a60e3b3-5717-4d9f-956b-06dcc62d205b/659
Embudo o Funnels de Ventas,660,¿Qué es un Pipeline de ventas?,Conversación y conversión,"Podría orientar una representación del estado de oportunidades comerciales para preparar seguimiento, sin acceder a contactos ni actualizar sistemas de ventas.",INFERRED,0.8,CATALOG_REFERENCE,https://www.beglobalpro.org/cursos/contenido/1a60e3b3-5717-4d9f-956b-06dcc62d205b/660
Embudo o Funnels de Ventas,661,Beneficios del Embudo de Ventas,Conversación y conversión,"Podría servir de referencia para discutir el propósito de ordenar el recorrido comercial, sin garantizar beneficios específicos al implementar un embudo.",INFERRED,0.76,CATALOG_REFERENCE,https://www.beglobalpro.org/cursos/contenido/1a60e3b3-5717-4d9f-956b-06dcc62d205b/661
Embudo o Funnels de Ventas,662,¿Qué es una escalera de valor?,Conversación y conversión,"Podría apoyar preguntas sobre ofertas de distinto alcance dentro del negocio, basadas en productos reales y sin prometer compras sucesivas.",INFERRED,0.8,CATALOG_REFERENCE,https://www.beglobalpro.org/cursos/contenido/1a60e3b3-5717-4d9f-956b-06dcc62d205b/662
Embudo o Funnels de Ventas,663,Caso McDonalds,Orientación y ruta académica,"El caso McDonalds identifica una marca, pero no el problema analizado; falta descripción para precisar su aporte al diagnóstico de embudo.",AMBIGUOUS,0.24,CATALOG_REFERENCE,https://www.beglobalpro.org/cursos/contenido/1a60e3b3-5717-4d9f-956b-06dcc62d205b/663
Embudo o Funnels de Ventas,664,Introducción,Orientación y ruta académica,La introducción de modelos de embudo no identifica un contenido propio; requiere descripción para distinguir su utilidad de otras lecciones.,AMBIGUOUS,0.22,CATALOG_REFERENCE,https://www.beglobalpro.org/cursos/contenido/1a60e3b3-5717-4d9f-956b-06dcc62d205b/664
Embudo o Funnels de Ventas,665,Elementos de los embudos o funnels,Conversación y conversión,"Podría orientar un inventario de componentes que el miembro debe revisar en su embudo, sin atribuir una lista concreta al curso.",INFERRED,0.79,CATALOG_REFERENCE,https://www.beglobalpro.org/cursos/contenido/1a60e3b3-5717-4d9f-956b-06dcc62d205b/665
Embudo o Funnels de Ventas,666,Tipos de embudos parte 1,Conversación y conversión,"Podría apoyar preguntas para comparar alternativas de recorrido comercial, aunque esta primera parte no identifica los modelos que considera.",INFERRED,0.74,CATALOG_REFERENCE,https://www.beglobalpro.org/cursos/contenido/1a60e3b3-5717-4d9f-956b-06dcc62d205b/666
Embudo o Funnels de Ventas,667,Tipos de embudos parte 2,Conversación y conversión,Podría complementar la comparación de tipos de embudo; el índice no permite diferenciar qué modelos añade respecto a la primera parte.,INFERRED,0.73,CATALOG_REFERENCE,https://www.beglobalpro.org/cursos/contenido/1a60e3b3-5717-4d9f-956b-06dcc62d205b/667
Embudo o Funnels de Ventas,668,Modelo LBU,Orientación y ruta académica,El modelo LBU no está definido en el índice; necesita descripción antes de atribuirle pasos o utilidad comercial específica.,AMBIGUOUS,0.25,CATALOG_REFERENCE,https://www.beglobalpro.org/cursos/contenido/1a60e3b3-5717-4d9f-956b-06dcc62d205b/668
Embudo o Funnels de Ventas,669,¿Cómo elegir el mejor modelo de funnels?,Conversación y conversión,"Podría orientar criterios de elección de recorrido de venta según producto y canal, sin asumir un modelo universalmente superior.",INFERRED,0.8,CATALOG_REFERENCE,https://www.beglobalpro.org/cursos/contenido/1a60e3b3-5717-4d9f-956b-06dcc62d205b/669
Embudo o Funnels de Ventas,670,Introducción,Orientación y ruta académica,La introducción de estrategias de funnel no ofrece una materia propia; falta descripción para recomendar una misión distinta de orientación.,AMBIGUOUS,0.22,CATALOG_REFERENCE,https://www.beglobalpro.org/cursos/contenido/1a60e3b3-5717-4d9f-956b-06dcc62d205b/670
Embudo o Funnels de Ventas,671,Fórmula para identificar al perfil del cliente ideal,Conversación y conversión,"Podría apoyar preguntas para describir necesidades verificadas del cliente ideal, sin reconstruir una fórmula ni inferir atributos personales sensibles.",INFERRED,0.8,CATALOG_REFERENCE,https://www.beglobalpro.org/cursos/contenido/1a60e3b3-5717-4d9f-956b-06dcc62d205b/671
Embudo o Funnels de Ventas,672,Propuesta única de valor,Marca y propuesta de valor,"Podría orientar un borrador de diferenciación con atributos reales del negocio, evitando beneficios inventados y comparaciones comerciales sin evidencia.",INFERRED,0.8,CATALOG_REFERENCE,https://www.beglobalpro.org/cursos/contenido/1a60e3b3-5717-4d9f-956b-06dcc62d205b/672
Embudo o Funnels de Ventas,673,"Book, Story, Offer",Contenido y creatividad,"Podría orientar preguntas sobre narrativa y oferta en un mensaje de funnel, pero Book no define por sí mismo un mecanismo verificable.",INFERRED,0.6,CATALOG_REFERENCE,https://www.beglobalpro.org/cursos/contenido/1a60e3b3-5717-4d9f-956b-06dcc62d205b/673
Embudo o Funnels de Ventas,674,Funnel Marketing en Dropshipping,Conversación y conversión,"Podría apoyar un mapa de conversión para una propuesta de dropshipping, verificando condiciones reales del proveedor antes de redactar ofertas.",INFERRED,0.79,CATALOG_REFERENCE,https://www.beglobalpro.org/cursos/contenido/1a60e3b3-5717-4d9f-956b-06dcc62d205b/674
Embudo o Funnels de Ventas,675,Introducción,Orientación y ruta académica,La introducción de herramientas no identifica una plataforma o habilidad; requiere descripción para recomendar un recurso técnico concreto al miembro.,AMBIGUOUS,0.22,CATALOG_REFERENCE,https://www.beglobalpro.org/cursos/contenido/1a60e3b3-5717-4d9f-956b-06dcc62d205b/675
Embudo o Funnels de Ventas,676,Tipos de herramientas para creación e implementación de embudos o funnels,Automatización guiada,"Podría orientar una comparación de necesidades para elegir herramientas de embudo, sin contratar servicios ni asumir funciones y precios actuales.",INFERRED,0.77,CATALOG_REFERENCE,https://www.beglobalpro.org/cursos/contenido/1a60e3b3-5717-4d9f-956b-06dcc62d205b/676
Embudo o Funnels de Ventas,677,Automatización de marketing,Automatización guiada,"Podría apoyar el diseño de un flujo comercial con puntos de revisión humana, sin conectar servicios ni enviar comunicaciones automatizadas.",INFERRED,0.8,CATALOG_REFERENCE,https://www.beglobalpro.org/cursos/contenido/1a60e3b3-5717-4d9f-956b-06dcc62d205b/677
Embudo o Funnels de Ventas,678,Herramientas para Embudos o Funnels,Automatización guiada,"Podría señalar una referencia para identificar opciones tecnológicas de funnel, aunque el título no detalla plataformas ni criterios de selección.",INFERRED,0.71,CATALOG_REFERENCE,https://www.beglobalpro.org/cursos/contenido/1a60e3b3-5717-4d9f-956b-06dcc62d205b/678
Embudo o Funnels de Ventas,680,Práctica: Tutorial de Wpfunnels,Automatización guiada,"Podría orientar preguntas sobre un prototipo de funnel en Wpfunnels, sin instalar herramientas ni asumir compatibilidad actual con el entorno del miembro.",INFERRED,0.79,CATALOG_REFERENCE,https://www.beglobalpro.org/cursos/contenido/1a60e3b3-5717-4d9f-956b-06dcc62d205b/680
Embudo o Funnels de Ventas,679,Práctica: Systeme.io,Automatización guiada,"Podría servir de referencia práctica para un borrador de flujo en Systeme.io, sin operar la plataforma ni reconstruir el ejercicio no leído.",INFERRED,0.76,CATALOG_REFERENCE,https://www.beglobalpro.org/cursos/contenido/1a60e3b3-5717-4d9f-956b-06dcc62d205b/679
De Likes a Ventas: Domina el Social Commerce,229,Introducción al social commerce,Conversación y conversión,Podría apoyar una explicación inicial de venta mediante canales sociales y preguntas para ubicar el bloqueo comercial del miembro.,INFERRED,0.78,CATALOG_REFERENCE,https://www.beglobalpro.org/cursos/contenido/bb7c9254-e2fb-4318-94ee-87818df692e9/229
De Likes a Ventas: Domina el Social Commerce,230,Fundamentos al momento de hacer social commerce,Conversación y conversión,"Podría orientar un checklist preliminar de preparación para vender en redes, sin atribuir al curso fundamentos específicos no descritos.",INFERRED,0.75,CATALOG_REFERENCE,https://www.beglobalpro.org/cursos/contenido/bb7c9254-e2fb-4318-94ee-87818df692e9/230
De Likes a Ventas: Domina el Social Commerce,231,Recorrido por business facebook,Publicidad y experimentos,"Podría orientar una ruta de familiarización con Facebook Business y preguntas de organización, sin acceder a cuentas ni asumir interfaz vigente.",INFERRED,0.77,CATALOG_REFERENCE,https://www.beglobalpro.org/cursos/contenido/bb7c9254-e2fb-4318-94ee-87818df692e9/231
De Likes a Ventas: Domina el Social Commerce,232,Medidas de seguridad business facebook,Publicidad y experimentos,"Podría apoyar un recordatorio de revisión de seguridad del entorno publicitario, sin gestionar accesos ni pedir contraseñas o códigos.",INFERRED,0.8,CATALOG_REFERENCE,https://www.beglobalpro.org/cursos/contenido/bb7c9254-e2fb-4318-94ee-87818df692e9/232
De Likes a Ventas: Domina el Social Commerce,233,Creación y optimización de la fanpage de facebook,Marca y propuesta de valor,"Podría orientar un checklist de identidad e información pública de la fanpage, manteniendo creación y cambios bajo control del miembro.",INFERRED,0.8,CATALOG_REFERENCE,https://www.beglobalpro.org/cursos/contenido/bb7c9254-e2fb-4318-94ee-87818df692e9/233
De Likes a Ventas: Domina el Social Commerce,234,Creación y optimizacion del instagram de empresa,Marca y propuesta de valor,"Podría apoyar la revisión de coherencia del perfil empresarial de Instagram con la marca, sin modificar configuración ni prometer resultados.",INFERRED,0.8,CATALOG_REFERENCE,https://www.beglobalpro.org/cursos/contenido/bb7c9254-e2fb-4318-94ee-87818df692e9/234
De Likes a Ventas: Domina el Social Commerce,235,Creación de historias destacadas y portada de facebook,Contenido y creatividad,"Podría orientar un brief de historias destacadas y portada que presente información útil del negocio, con datos y derechos verificados.",INFERRED,0.8,CATALOG_REFERENCE,https://www.beglobalpro.org/cursos/contenido/bb7c9254-e2fb-4318-94ee-87818df692e9/235
De Likes a Ventas: Domina el Social Commerce,236,Investigación para creación de contenido,Contenido y creatividad,"Podría apoyar una lista de preguntas de investigación para crear piezas relevantes, diferenciando referencias públicas de hechos comprobados del producto.",INFERRED,0.8,CATALOG_REFERENCE,https://www.beglobalpro.org/cursos/contenido/bb7c9254-e2fb-4318-94ee-87818df692e9/236
De Likes a Ventas: Domina el Social Commerce,237,Estrategias de contenido viral para tiktok,Contenido y creatividad,"Podría orientar hipótesis de formatos creativos para TikTok y su evaluación, sin tratar la viralidad como resultado previsible del contenido.",INFERRED,0.77,CATALOG_REFERENCE,https://www.beglobalpro.org/cursos/contenido/bb7c9254-e2fb-4318-94ee-87818df692e9/237
De Likes a Ventas: Domina el Social Commerce,238,Desarrollo del contenido.,Contenido y creatividad,"Podría apoyar el bosquejo de una pieza con objetivo y mensaje, aunque el índice no especifica el proceso de producción.",INFERRED,0.76,CATALOG_REFERENCE,https://www.beglobalpro.org/cursos/contenido/bb7c9254-e2fb-4318-94ee-87818df692e9/238
De Likes a Ventas: Domina el Social Commerce,239,Ejecución del desarrollo de contenido,Contenido y creatividad,"Podría señalar una referencia práctica para transformar un brief en entregable, sin asumir ejercicios concretos ni publicar el contenido automáticamente.",INFERRED,0.75,CATALOG_REFERENCE,https://www.beglobalpro.org/cursos/contenido/bb7c9254-e2fb-4318-94ee-87818df692e9/239
De Likes a Ventas: Domina el Social Commerce,240,Descargar reels y tiktoks sin marca de agua,Contenido y creatividad,Podría orientar una revisión de licencias antes de reutilizar reels o TikToks; quitar marcas de agua no concede derechos sobre videos ajenos.,INFERRED,0.74,CATALOG_REFERENCE,https://www.beglobalpro.org/cursos/contenido/bb7c9254-e2fb-4318-94ee-87818df692e9/240
De Likes a Ventas: Domina el Social Commerce,241,Automatización del contenido para facebook e instagram,Automatización guiada,"Podría apoyar un borrador de flujo editorial para Facebook e Instagram, con revisión humana y sin programar o publicar piezas automáticamente.",INFERRED,0.8,CATALOG_REFERENCE,https://www.beglobalpro.org/cursos/contenido/bb7c9254-e2fb-4318-94ee-87818df692e9/241
De Likes a Ventas: Domina el Social Commerce,242,Planeación de giveaway para aumentar seguidoresv,Conversación y conversión,"Podría orientar preguntas para un borrador de sorteo, escalando reglas y permisos a revisión humana sin garantizar crecimiento de seguidores.",INFERRED,0.78,CATALOG_REFERENCE,https://www.beglobalpro.org/cursos/contenido/bb7c9254-e2fb-4318-94ee-87818df692e9/242
De Likes a Ventas: Domina el Social Commerce,243,Creación de tu cliente ideal,Conversación y conversión,"Podría apoyar una descripción de necesidades y contexto del público con evidencia del miembro, evitando atributos sensibles o preferencias inventadas.",INFERRED,0.8,CATALOG_REFERENCE,https://www.beglobalpro.org/cursos/contenido/bb7c9254-e2fb-4318-94ee-87818df692e9/243
De Likes a Ventas: Domina el Social Commerce,244,Segmentación correcta para campañas publicitarias,Publicidad y experimentos,"Podría orientar hipótesis de audiencias para un experimento comercial, sin asumir segmentación correcta universal ni configurar campañas o filtros sensibles.",INFERRED,0.8,CATALOG_REFERENCE,https://www.beglobalpro.org/cursos/contenido/bb7c9254-e2fb-4318-94ee-87818df692e9/244
De Likes a Ventas: Domina el Social Commerce,245,Tu primera campaña publicitaria para aumentar seguidores en Facebook,Publicidad y experimentos,"Podría apoyar un brief de prueba para aumentar audiencia en Facebook, distinguiendo seguidores de ventas y manteniendo aprobación humana del gasto.",INFERRED,0.8,CATALOG_REFERENCE,https://www.beglobalpro.org/cursos/contenido/bb7c9254-e2fb-4318-94ee-87818df692e9/245
De Likes a Ventas: Domina el Social Commerce,246,Tu primera campaña publicitaria para aumentar seguidores en Instagram,Publicidad y experimentos,"Podría orientar un experimento de crecimiento de audiencia en Instagram con métricas explícitas, sin activar publicidad ni prometer conversión comercial.",INFERRED,0.8,CATALOG_REFERENCE,https://www.beglobalpro.org/cursos/contenido/bb7c9254-e2fb-4318-94ee-87818df692e9/246
De Likes a Ventas: Domina el Social Commerce,247,Métodos de pago,Tienda y catálogo,"Podría apoyar preguntas sobre opciones de cobro para la venta social, sin procesar pagos ni asumir condiciones actuales de proveedores financieros.",INFERRED,0.74,CATALOG_REFERENCE,https://www.beglobalpro.org/cursos/contenido/bb7c9254-e2fb-4318-94ee-87818df692e9/247
De Likes a Ventas: Domina el Social Commerce,248,Estrategia Mercado Libre para generar confianza,Conversación y conversión,"Podría orientar una revisión de señales verificables de confianza al usar Mercado Libre, sin afirmar que la plataforma garantice cada operación.",INFERRED,0.76,CATALOG_REFERENCE,https://www.beglobalpro.org/cursos/contenido/bb7c9254-e2fb-4318-94ee-87818df692e9/248
De Likes a Ventas: Domina el Social Commerce,249,Tu primera campaña de mensajes nacional para vender,Publicidad y experimentos,"Podría apoyar un brief de campaña de mensajes con alcance nacional y capacidad de atención verificada, sin activar anuncios ni contactar compradores.",INFERRED,0.8,CATALOG_REFERENCE,https://www.beglobalpro.org/cursos/contenido/bb7c9254-e2fb-4318-94ee-87818df692e9/249
De Likes a Ventas: Domina el Social Commerce,250,Proceso de venta puntos clave,Conversación y conversión,"Podría orientar un mapa del proceso comercial para localizar dudas del comprador, sin atribuir puntos clave específicos al material no leído.",INFERRED,0.78,CATALOG_REFERENCE,https://www.beglobalpro.org/cursos/contenido/bb7c9254-e2fb-4318-94ee-87818df692e9/250
De Likes a Ventas: Domina el Social Commerce,251,Tu tarea diaria,Productividad y ejecución,"Podría señalar una referencia para establecer un compromiso cotidiano de trabajo, aunque el índice no revela qué tarea diaria se propone.",INFERRED,0.62,CATALOG_REFERENCE,https://www.beglobalpro.org/cursos/contenido/bb7c9254-e2fb-4318-94ee-87818df692e9/251
Facebook Ads para Principiantes: Tu Primer Campaña Rentable,178,Introducción a Facebook ADS,Publicidad y experimentos,"Podría orientar una ruta inicial de publicidad en Facebook y preguntas sobre objetivo comercial, sin asumir configuraciones vigentes de la plataforma.",INFERRED,0.79,CATALOG_REFERENCE,https://www.beglobalpro.org/cursos/contenido/2462cc8c-18e6-4b08-944d-1097d1973087/178
Facebook Ads para Principiantes: Tu Primer Campaña Rentable,179,Configuración del administrador comercial.,Publicidad y experimentos,"Podría apoyar un checklist de información y permisos del administrador comercial, sin cambiar cuentas ni solicitar datos de acceso.",INFERRED,0.8,CATALOG_REFERENCE,https://www.beglobalpro.org/cursos/contenido/2462cc8c-18e6-4b08-944d-1097d1973087/179
Facebook Ads para Principiantes: Tu Primer Campaña Rentable,180,Seguridad del administrador comercial.,Publicidad y experimentos,"Podría orientar preguntas de seguridad y revisión de accesos publicitarios, manteniendo secretos y cualquier cambio operativo fuera del agente.",INFERRED,0.8,CATALOG_REFERENCE,https://www.beglobalpro.org/cursos/contenido/2462cc8c-18e6-4b08-944d-1097d1973087/180
Facebook Ads para Principiantes: Tu Primer Campaña Rentable,181,Introducción a los anuncios publicitarios,Publicidad y experimentos,"Podría servir de referencia básica para explicar qué información necesita un brief de anuncio, sin reconstruir una estructura específica del curso.",INFERRED,0.78,CATALOG_REFERENCE,https://www.beglobalpro.org/cursos/contenido/2462cc8c-18e6-4b08-944d-1097d1973087/181
Facebook Ads para Principiantes: Tu Primer Campaña Rentable,182,Tipo de contenido para tus anuncios publicitarios,Contenido y creatividad,"Podría apoyar la selección preliminar de formatos creativos para un anuncio según producto y recursos disponibles, sin garantizar desempeño comercial.",INFERRED,0.8,CATALOG_REFERENCE,https://www.beglobalpro.org/cursos/contenido/2462cc8c-18e6-4b08-944d-1097d1973087/182
Facebook Ads para Principiantes: Tu Primer Campaña Rentable,183,Campañas de anuncios para vender por facebook e Instagram. (Actualización),Publicidad y experimentos,Podría orientar un brief comercial para Facebook e Instagram; la palabra actualización no confirma que sus prácticas sigan vigentes hoy.,INFERRED,0.78,CATALOG_REFERENCE,https://www.beglobalpro.org/cursos/contenido/2462cc8c-18e6-4b08-944d-1097d1973087/183
Facebook Ads para Principiantes: Tu Primer Campaña Rentable,184,Segmentación detallada,Publicidad y experimentos,"Podría apoyar hipótesis detalladas de público basadas en necesidades comerciales, sin usar atributos sensibles ni asumir opciones actuales de segmentación.",INFERRED,0.8,CATALOG_REFERENCE,https://www.beglobalpro.org/cursos/contenido/2462cc8c-18e6-4b08-944d-1097d1973087/184
Facebook Ads para Principiantes: Tu Primer Campaña Rentable,185,Tu primera campaña publicitaria para facebook e Instagram.,Publicidad y experimentos,"Podría orientar la preparación de una primera prueba publicitaria entre Facebook e Instagram, con evidencia esperada y sin ejecución autónoma.",INFERRED,0.8,CATALOG_REFERENCE,https://www.beglobalpro.org/cursos/contenido/2462cc8c-18e6-4b08-944d-1097d1973087/185
Facebook Ads para Principiantes: Tu Primer Campaña Rentable,186,Campaña publicitaria avanzada,Publicidad y experimentos,Podría señalar una referencia posterior para campañas más complejas; el título avanzado no permite identificar tácticas ni nivel real de dificultad.,INFERRED,0.66,CATALOG_REFERENCE,https://www.beglobalpro.org/cursos/contenido/2462cc8c-18e6-4b08-944d-1097d1973087/186
Facebook Ads para Principiantes: Tu Primer Campaña Rentable,187,Métricas de facebook y columnas personalizadas,Medición y diagnóstico,"Podría apoyar una selección de datos para revisar rendimiento en Meta, sin inventar métricas disponibles ni umbrales de éxito del negocio.",INFERRED,0.8,CATALOG_REFERENCE,https://www.beglobalpro.org/cursos/contenido/2462cc8c-18e6-4b08-944d-1097d1973087/187
Facebook Ads para Principiantes: Tu Primer Campaña Rentable,188,Públicos personalizados y campaña de remarketing.,Publicidad y experimentos,"Podría orientar hipótesis de remarketing con audiencias propias autorizadas, sin cargar contactos ni activar campañas desde el agente.",INFERRED,0.8,CATALOG_REFERENCE,https://www.beglobalpro.org/cursos/contenido/2462cc8c-18e6-4b08-944d-1097d1973087/188
Facebook Ads para Principiantes: Tu Primer Campaña Rentable,189,Públicos similares y campaña de remarketing.,Publicidad y experimentos,"Podría orientar preguntas sobre públicos similares y remarketing, distinguiendo ambos conceptos antes de preparar una prueba sin asumir equivalencia.",INFERRED,0.77,CATALOG_REFERENCE,https://www.beglobalpro.org/cursos/contenido/2462cc8c-18e6-4b08-944d-1097d1973087/189
Facebook Ads para Principiantes: Tu Primer Campaña Rentable,190,Bonus Class Campaña Clientes Potenciales,Publicidad y experimentos,"Podría apoyar un brief de captación de interesados y necesidades de seguimiento, sin recoger datos personales ni activar formularios publicitarios.",INFERRED,0.79,CATALOG_REFERENCE,https://www.beglobalpro.org/cursos/contenido/2462cc8c-18e6-4b08-944d-1097d1973087/190
Facebook Ads para Principiantes: Tu Primer Campaña Rentable,191,Agradecimientos,Orientación y ruta académica,La sesión de agradecimientos no declara una aportación temática; falta contenido para saber si incluye recursos o siguientes pasos educativos.,AMBIGUOUS,0.12,CATALOG_REFERENCE,https://www.beglobalpro.org/cursos/contenido/2462cc8c-18e6-4b08-944d-1097d1973087/191
Facebook Ads para Principiantes: Tu Primer Campaña Rentable,517,Campañas publicitarias para tiendas en linea,Publicidad y experimentos,"Podría orientar un brief publicitario específico para una tienda online con producto y objetivo verificados, sin comprometer fondos del miembro.",INFERRED,0.79,CATALOG_REFERENCE,https://www.beglobalpro.org/cursos/contenido/2462cc8c-18e6-4b08-944d-1097d1973087/517
Facebook Ads para Principiantes: Tu Primer Campaña Rentable,528,Estrategias avanzadas para el éxito en tu localidad,Publicidad y experimentos,"Podría apoyar preguntas sobre publicidad local dentro de esta ruta, aunque el título no detalla estrategias ni acredita éxito geográfico.",INFERRED,0.66,CATALOG_REFERENCE,https://www.beglobalpro.org/cursos/contenido/2462cc8c-18e6-4b08-944d-1097d1973087/528
Facebook Ads para Principiantes: Tu Primer Campaña Rentable,551,FbPower Advantage,Orientación y ruta académica,El nombre FbPower Advantage no define una función o ejercicio; requiere descripción para distinguir su aporte y verificar su relación con Meta.,AMBIGUOUS,0.25,CATALOG_REFERENCE,https://www.beglobalpro.org/cursos/contenido/2462cc8c-18e6-4b08-944d-1097d1973087/551
Facebook Ads para Principiantes: Tu Primer Campaña Rentable,651,Crea tu primera campaña de Facebook,Publicidad y experimentos,"Podría servir de referencia para preparar el primer brief de Facebook con objetivos y datos necesarios, sin activar la campaña.",INFERRED,0.8,CATALOG_REFERENCE,https://www.beglobalpro.org/cursos/contenido/2462cc8c-18e6-4b08-944d-1097d1973087/651
Facebook Ads para Principiantes: Tu Primer Campaña Rentable,653,Crea una campaña de Facebook parte 2,Publicidad y experimentos,"Podría complementar la preparación de una campaña de Facebook, pero falta contenido para precisar qué añade esta segunda parte del proceso.",INFERRED,0.76,CATALOG_REFERENCE,https://www.beglobalpro.org/cursos/contenido/2462cc8c-18e6-4b08-944d-1097d1973087/653
El Funnel de ventas Perfecto: Curso Práctico,376,Bienvenida al curso,Orientación y ruta académica,La bienvenida al curso no describe una tarea; hace falta contexto para establecer cómo contribuye a un entregable del miembro.,AMBIGUOUS,0.15,CATALOG_REFERENCE,https://www.beglobalpro.org/cursos/contenido/daac743e-77c6-4060-a500-96e7a878831c/376
El Funnel de ventas Perfecto: Curso Práctico,372,Crear cuenta MasterTools desde 0,Automatización guiada,"Podría orientar preguntas previas al uso de MasterTools como constructor, sin crear cuentas ni contratar planes por el miembro.",INFERRED,0.78,CATALOG_REFERENCE,https://www.beglobalpro.org/cursos/contenido/daac743e-77c6-4060-a500-96e7a878831c/372
El Funnel de ventas Perfecto: Curso Práctico,374,Conociendo el constructor de embudos MasterTools,Automatización guiada,"Podría señalar una referencia introductoria del constructor MasterTools para preparar requisitos, sin asumir funcionalidades actuales ni operar la plataforma.",INFERRED,0.79,CATALOG_REFERENCE,https://www.beglobalpro.org/cursos/contenido/daac743e-77c6-4060-a500-96e7a878831c/374
El Funnel de ventas Perfecto: Curso Práctico,478,Eligiendo tipo de funnel,Conversación y conversión,"Podría apoyar criterios para elegir un recorrido comercial según oferta y canal, sin inferir que existe un funnel perfecto universal.",INFERRED,0.8,CATALOG_REFERENCE,https://www.beglobalpro.org/cursos/contenido/daac743e-77c6-4060-a500-96e7a878831c/478
El Funnel de ventas Perfecto: Curso Práctico,479,Aprendiendo a utilizar MasterTools constructor de funnels,Automatización guiada,"Podría orientar una ruta de familiarización con MasterTools para el miembro, sin reconstruir instrucciones técnicas no presentes en el índice.",INFERRED,0.78,CATALOG_REFERENCE,https://www.beglobalpro.org/cursos/contenido/daac743e-77c6-4060-a500-96e7a878831c/479
El Funnel de ventas Perfecto: Curso Práctico,381,Modulo 1,Orientación y ruta académica,El primer módulo de construcción no tiene tema propio; hace falta descripción para saber qué parte del funnel aborda.,AMBIGUOUS,0.2,CATALOG_REFERENCE,https://www.beglobalpro.org/cursos/contenido/daac743e-77c6-4060-a500-96e7a878831c/381
El Funnel de ventas Perfecto: Curso Práctico,382,Modulo 2,Orientación y ruta académica,El segundo módulo solo aporta numeración dentro de construcción; no permite asignar componentes o acciones específicas al agente.,AMBIGUOUS,0.2,CATALOG_REFERENCE,https://www.beglobalpro.org/cursos/contenido/daac743e-77c6-4060-a500-96e7a878831c/382
El Funnel de ventas Perfecto: Curso Práctico,383,Modulo 3,Orientación y ruta académica,La tercera entrega no identifica un paso de construcción; requiere contenido para recomendarla ante un problema concreto del funnel.,AMBIGUOUS,0.2,CATALOG_REFERENCE,https://www.beglobalpro.org/cursos/contenido/daac743e-77c6-4060-a500-96e7a878831c/383
El Funnel de ventas Perfecto: Curso Práctico,384,Modulo 4,Orientación y ruta académica,El cuarto módulo no revela herramienta ni componente propio; falta descripción para establecer una aportación operativa sin inventarla.,AMBIGUOUS,0.2,CATALOG_REFERENCE,https://www.beglobalpro.org/cursos/contenido/daac743e-77c6-4060-a500-96e7a878831c/384
El Funnel de ventas Perfecto: Curso Práctico,385,Modulo 5,Orientación y ruta académica,La quinta entrega de construcción carece de materia explícita; necesita descripción antes de proponer una misión o checklist específico.,AMBIGUOUS,0.2,CATALOG_REFERENCE,https://www.beglobalpro.org/cursos/contenido/daac743e-77c6-4060-a500-96e7a878831c/385
El Funnel de ventas Perfecto: Curso Práctico,379,Comprar Dominio GoDaddy,Tienda y catálogo,"Podría orientar criterios y dudas sobre elegir dominio en GoDaddy para un funnel, sin comprarlo ni asumir precios actuales.",INFERRED,0.79,CATALOG_REFERENCE,https://www.beglobalpro.org/cursos/contenido/daac743e-77c6-4060-a500-96e7a878831c/379
El Funnel de ventas Perfecto: Curso Práctico,380,Insertar Dominio en el Funnel,Automatización guiada,"Podría apoyar un checklist de preguntas sobre conexión del dominio al funnel, dejando cambios técnicos y permisos en manos humanas.",INFERRED,0.8,CATALOG_REFERENCE,https://www.beglobalpro.org/cursos/contenido/daac743e-77c6-4060-a500-96e7a878831c/380
El Funnel de ventas Perfecto: Curso Práctico,377,Cómo crear e instalar el Pixel de Facebook,Medición y diagnóstico,"Podría orientar preguntas de preparación de medición con píxel de Facebook, sin instalar seguimiento ni asumir consentimiento resuelto del visitante.",INFERRED,0.8,CATALOG_REFERENCE,https://www.beglobalpro.org/cursos/contenido/daac743e-77c6-4060-a500-96e7a878831c/377
El Funnel de ventas Perfecto: Curso Práctico,378,Cómo instalar eventos del Pixel de Facebook,Medición y diagnóstico,"Podría apoyar un inventario de acciones que se desea medir mediante eventos, sin configurar rastreadores ni inventar datos de conversión.",INFERRED,0.8,CATALOG_REFERENCE,https://www.beglobalpro.org/cursos/contenido/daac743e-77c6-4060-a500-96e7a878831c/378
El Funnel de ventas Perfecto: Curso Práctico,387,Despedida,Orientación y ruta académica,"La despedida no precisa contenido educativo propio; hace falta descripción para saber si incluye recursos, repaso o tareas posteriores.",AMBIGUOUS,0.12,CATALOG_REFERENCE,https://www.beglobalpro.org/cursos/contenido/daac743e-77c6-4060-a500-96e7a878831c/387
Introducción a Photoshop: Edición y Diseño para Principiantes,84,Instalar Photoshop,Contenido y creatividad,"Podría señalar una referencia para preparar el entorno de edición de Photoshop, sin instalar software ni asumir licencias o requisitos actuales.",INFERRED,0.78,CATALOG_REFERENCE,https://www.beglobalpro.org/cursos/contenido/9beb579e-b02f-4d1e-8421-3b9339c4828c/84
Introducción a Photoshop: Edición y Diseño para Principiantes,85,Introducción,Orientación y ruta académica,La introducción no identifica una herramienta o ejercicio; requiere descripción para precisar qué habilidad visual podría apoyar al miembro.,AMBIGUOUS,0.18,CATALOG_REFERENCE,https://www.beglobalpro.org/cursos/contenido/9beb579e-b02f-4d1e-8421-3b9339c4828c/85
Introducción a Photoshop: Edición y Diseño para Principiantes,86,Herramienta Mover,Contenido y creatividad,"Podría orientar una práctica de ubicación de elementos dentro de una composición, sin atribuir comandos ni procedimientos concretos al curso.",INFERRED,0.79,CATALOG_REFERENCE,https://www.beglobalpro.org/cursos/contenido/9beb579e-b02f-4d1e-8421-3b9339c4828c/86
Introducción a Photoshop: Edición y Diseño para Principiantes,87,Varita mágica,Contenido y creatividad,"Podría servir de referencia para explorar selección de áreas en una imagen, sin asumir parámetros específicos de la herramienta.",INFERRED,0.79,CATALOG_REFERENCE,https://www.beglobalpro.org/cursos/contenido/9beb579e-b02f-4d1e-8421-3b9339c4828c/87
Introducción a Photoshop: Edición y Diseño para Principiantes,88,Primer diseño,Contenido y creatividad,"Podría señalar una referencia práctica para iniciar una pieza visual, aunque el título no define el formato ni ejercicio de diseño.",INFERRED,0.65,CATALOG_REFERENCE,https://www.beglobalpro.org/cursos/contenido/9beb579e-b02f-4d1e-8421-3b9339c4828c/88
Introducción a Photoshop: Edición y Diseño para Principiantes,89,Orden de elementos,Contenido y creatividad,"Podría apoyar una revisión de jerarquía y disposición de elementos gráficos, sin inferir reglas de composición particulares del docente.",INFERRED,0.76,CATALOG_REFERENCE,https://www.beglobalpro.org/cursos/contenido/9beb579e-b02f-4d1e-8421-3b9339c4828c/89
Introducción a Photoshop: Edición y Diseño para Principiantes,90,Sombras y Trazos,Contenido y creatividad,"Podría orientar una lista de ajustes de contorno y profundidad para una pieza, sin reconstruir valores de efectos no observados.",INFERRED,0.79,CATALOG_REFERENCE,https://www.beglobalpro.org/cursos/contenido/9beb579e-b02f-4d1e-8421-3b9339c4828c/90
Introducción a Photoshop: Edición y Diseño para Principiantes,91,Herramienta rectangulo,Contenido y creatividad,"Podría señalar una práctica de formas básicas para estructurar piezas comerciales, sin atribuir un diseño específico a la herramienta rectangular.",INFERRED,0.79,CATALOG_REFERENCE,https://www.beglobalpro.org/cursos/contenido/9beb579e-b02f-4d1e-8421-3b9339c4828c/91
Introducción a Photoshop: Edición y Diseño para Principiantes,92,Máscara de capa,Contenido y creatividad,"Podría orientar una ruta de aprendizaje de máscaras para revisar composiciones, sin proporcionar como verificados los pasos de la clase.",INFERRED,0.8,CATALOG_REFERENCE,https://www.beglobalpro.org/cursos/contenido/9beb579e-b02f-4d1e-8421-3b9339c4828c/92
Introducción a Photoshop: Edición y Diseño para Principiantes,93,Fondos y degradado,Contenido y creatividad,"Podría apoyar un brief de fondo y transiciones de color para la pieza del producto, con revisión de legibilidad y coherencia visual.",INFERRED,0.79,CATALOG_REFERENCE,https://www.beglobalpro.org/cursos/contenido/9beb579e-b02f-4d1e-8421-3b9339c4828c/93
Introducción a Photoshop: Edición y Diseño para Principiantes,94,Exportar archivos,Contenido y creatividad,"Podría orientar preguntas sobre formato y destino del archivo final, sin inventar especificaciones de exportación ni requisitos actuales de plataformas.",INFERRED,0.8,CATALOG_REFERENCE,https://www.beglobalpro.org/cursos/contenido/9beb579e-b02f-4d1e-8421-3b9339c4828c/94
Introducción a Photoshop: Edición y Diseño para Principiantes,95,Introduccion a Carrousel para Instagram,Contenido y creatividad,"Podría ayudar a preparar una estructura inicial de carrusel para Instagram con un mensaje secuenciado, sin reconstruir el ejemplo del curso.",INFERRED,0.79,CATALOG_REFERENCE,https://www.beglobalpro.org/cursos/contenido/9beb579e-b02f-4d1e-8421-3b9339c4828c/95
Introducción a Photoshop: Edición y Diseño para Principiantes,96,Carrousel para instagram,Contenido y creatividad,"Podría señalar una referencia práctica para revisar un carrusel comercial, manteniendo contenido y atributos del producto sujetos a evidencia del miembro.",INFERRED,0.8,CATALOG_REFERENCE,https://www.beglobalpro.org/cursos/contenido/9beb579e-b02f-4d1e-8421-3b9339c4828c/96
Facebook Ads Avanzado: Escala y Optimiza tus Campañas,254,Crea pixel e integración con shopify,Medición y diagnóstico,"Podría orientar preguntas para planear medición entre Meta y Shopify, sin instalar el píxel ni considerar resuelto el consentimiento del visitante.",INFERRED,0.8,CATALOG_REFERENCE,https://www.beglobalpro.org/cursos/contenido/69f81ebf-eead-49a4-8ebf-bb5aafeb379b/254
Facebook Ads Avanzado: Escala y Optimiza tus Campañas,255,Configuración de los eventos,Medición y diagnóstico,"Podría apoyar un inventario de acciones comerciales que se desea medir, sin configurar eventos ni atribuir un esquema específico al curso.",INFERRED,0.78,CATALOG_REFERENCE,https://www.beglobalpro.org/cursos/contenido/69f81ebf-eead-49a4-8ebf-bb5aafeb379b/255
Facebook Ads Avanzado: Escala y Optimiza tus Campañas,256,Primera Campaña Tienda en linea,Publicidad y experimentos,"Podría orientar un primer brief publicitario de tienda con producto y objetivo comprobados, sin activar anuncios ni asumir presupuesto aprobado.",INFERRED,0.8,CATALOG_REFERENCE,https://www.beglobalpro.org/cursos/contenido/69f81ebf-eead-49a4-8ebf-bb5aafeb379b/256
Facebook Ads Avanzado: Escala y Optimiza tus Campañas,257,Columnas personalizadas,Medición y diagnóstico,"Podría apoyar preguntas sobre qué datos mostrar en una revisión de campañas, sin inventar columnas disponibles ni métricas del miembro.",INFERRED,0.77,CATALOG_REFERENCE,https://www.beglobalpro.org/cursos/contenido/69f81ebf-eead-49a4-8ebf-bb5aafeb379b/257
Facebook Ads Avanzado: Escala y Optimiza tus Campañas,258,Análisis de campañas,Medición y diagnóstico,"Podría orientar una solicitud de evidencias para interpretar resultados publicitarios, evitando atribuir éxito o fracaso a datos que no existen.",INFERRED,0.8,CATALOG_REFERENCE,https://www.beglobalpro.org/cursos/contenido/69f81ebf-eead-49a4-8ebf-bb5aafeb379b/258
Facebook Ads Avanzado: Escala y Optimiza tus Campañas,259,Creación de públicos personalizados,Publicidad y experimentos,"Podría apoyar hipótesis de públicos propios para revisión humana, sin importar contactos ni procesar datos personales del miembro o terceros.",INFERRED,0.8,CATALOG_REFERENCE,https://www.beglobalpro.org/cursos/contenido/69f81ebf-eead-49a4-8ebf-bb5aafeb379b/259
Facebook Ads Avanzado: Escala y Optimiza tus Campañas,260,Campaña de Remarketing,Publicidad y experimentos,"Podría orientar un brief de retorno a audiencias previamente vinculadas al negocio, verificando permisos y sin activar seguimiento ni campañas.",INFERRED,0.8,CATALOG_REFERENCE,https://www.beglobalpro.org/cursos/contenido/69f81ebf-eead-49a4-8ebf-bb5aafeb379b/260
Facebook Ads Avanzado: Escala y Optimiza tus Campañas,261,Creación públicos similares,Publicidad y experimentos,"Podría apoyar preguntas sobre una audiencia similar a la fuente autorizada, sin crear segmentos ni asumir disponibilidad actual de esa función.",INFERRED,0.8,CATALOG_REFERENCE,https://www.beglobalpro.org/cursos/contenido/69f81ebf-eead-49a4-8ebf-bb5aafeb379b/261
Facebook Ads Avanzado: Escala y Optimiza tus Campañas,262,Campaña públicos similares,Publicidad y experimentos,"Podría orientar un experimento publicitario con hipótesis de similitud de audiencia, dejando presupuesto, privacidad y activación sujetos a revisión humana.",INFERRED,0.8,CATALOG_REFERENCE,https://www.beglobalpro.org/cursos/contenido/69f81ebf-eead-49a4-8ebf-bb5aafeb379b/262
Facebook Ads Avanzado: Escala y Optimiza tus Campañas,535,Creación de Pixel Actualización,Medición y diagnóstico,Podría señalar una referencia histórica sobre creación del píxel; la etiqueta actualización no valida vigencia técnica ni autorización para instalarlo.,INFERRED,0.75,CATALOG_REFERENCE,https://www.beglobalpro.org/cursos/contenido/69f81ebf-eead-49a4-8ebf-bb5aafeb379b/535
TikTok Marketing: De Cero a Experto en Ventas Digitales,340,Bienvenida,Orientación y ruta académica,La bienvenida no identifica tema propio ni ejercicio; requiere descripción antes de asignarle un aporte concreto al entregable del miembro.,AMBIGUOUS,0.15,CATALOG_REFERENCE,https://www.beglobalpro.org/cursos/contenido/2658358b-f6cb-4b6e-89ee-c18dee869069/340
TikTok Marketing: De Cero a Experto en Ventas Digitales,578,Inicia sesión,Orientación y ruta académica,"La referencia de inicio de sesión aporta orientación de acceso, pero no una habilidad comercial; falta contenido para concretar su utilidad.",AMBIGUOUS,0.25,CATALOG_REFERENCE,https://www.beglobalpro.org/cursos/contenido/2658358b-f6cb-4b6e-89ee-c18dee869069/578
TikTok Marketing: De Cero a Experto en Ventas Digitales,342,Edición básica,Contenido y creatividad,"Podría orientar una ruta inicial de ajustes de video en TikTok, sin reconstruir herramientas o pasos específicos no presentes en el índice.",INFERRED,0.76,CATALOG_REFERENCE,https://www.beglobalpro.org/cursos/contenido/2658358b-f6cb-4b6e-89ee-c18dee869069/342
TikTok Marketing: De Cero a Experto en Ventas Digitales,343,Edición básica media,Contenido y creatividad,Podría complementar una práctica de edición en TikTok según experiencia del miembro; el nivel medio no identifica las técnicas adicionales.,INFERRED,0.7,CATALOG_REFERENCE,https://www.beglobalpro.org/cursos/contenido/2658358b-f6cb-4b6e-89ee-c18dee869069/343
TikTok Marketing: De Cero a Experto en Ventas Digitales,501,Edición PRO,Contenido y creatividad,"Podría señalar una referencia posterior de edición en TikTok, pero la etiqueta PRO no acredita complejidad ni técnicas concretas del material.",INFERRED,0.66,CATALOG_REFERENCE,https://www.beglobalpro.org/cursos/contenido/2658358b-f6cb-4b6e-89ee-c18dee869069/501
TikTok Marketing: De Cero a Experto en Ventas Digitales,344,Tips para la creación de contenido,Contenido y creatividad,"Podría apoyar preguntas para planear un video de producto en TikTok, sin inventar los consejos ni prometer alcance de la publicación.",INFERRED,0.77,CATALOG_REFERENCE,https://www.beglobalpro.org/cursos/contenido/2658358b-f6cb-4b6e-89ee-c18dee869069/344
TikTok Marketing: De Cero a Experto en Ventas Digitales,345,Crea tu cuenta,Publicidad y experimentos,"Podría orientar preguntas previas al uso de una cuenta de TikTok Ads, sin crearla ni solicitar credenciales o datos de pago.",INFERRED,0.77,CATALOG_REFERENCE,https://www.beglobalpro.org/cursos/contenido/2658358b-f6cb-4b6e-89ee-c18dee869069/345
TikTok Marketing: De Cero a Experto en Ventas Digitales,346,Definir modo Ads Manager,Publicidad y experimentos,"Podría apoyar una revisión de necesidades antes de elegir modalidad del administrador publicitario, sin asumir opciones vigentes ni modificar configuraciones.",INFERRED,0.78,CATALOG_REFERENCE,https://www.beglobalpro.org/cursos/contenido/2658358b-f6cb-4b6e-89ee-c18dee869069/346
TikTok Marketing: De Cero a Experto en Ventas Digitales,347,Como crear una campaña publicitaria,Publicidad y experimentos,"Podría orientar un brief inicial de campaña en TikTok con objetivo y audiencia propuestos, sin activar anuncios ni comprometer presupuesto.",INFERRED,0.8,CATALOG_REFERENCE,https://www.beglobalpro.org/cursos/contenido/2658358b-f6cb-4b6e-89ee-c18dee869069/347
Crea tu propio contenido,422,Ideas de contenido creativo para tu tienda de bisutería,Contenido y creatividad,"Podría orientar ideas de piezas para productos de bisutería con atributos comprobados, sin asumir ejemplos ni recursos específicos del docente.",INFERRED,0.8,CATALOG_REFERENCE,https://www.beglobalpro.org/cursos/contenido/73291c95-5912-4aa6-b1ae-4899032ded2e/422
Crea tu propio contenido,426,Crea un plan de contenido para redes sociales,Contenido y creatividad,"Podría apoyar un calendario breve de publicaciones con objetivo, formato y responsabilidad, ajustado al tiempo disponible del miembro.",INFERRED,0.8,CATALOG_REFERENCE,https://www.beglobalpro.org/cursos/contenido/73291c95-5912-4aa6-b1ae-4899032ded2e/426
Crea tu propio contenido,477,Despertando tu creatividad: como encontrar inspiración y fortalecer tu calendario de contenido,Contenido y creatividad,"Podría orientar una lista de referencias para renovar ideas del calendario editorial, diferenciando inspiración de derechos para copiar contenido ajeno.",INFERRED,0.78,CATALOG_REFERENCE,https://www.beglobalpro.org/cursos/contenido/73291c95-5912-4aa6-b1ae-4899032ded2e/477
Crea tu propio contenido,502,Digitalmente auténtico: supera inseguridades y logra tus metas en línea,Productividad y ejecución,"Podría apoyar una conversación sobre barreras para presentarse en línea y una tarea pequeña, sin diagnosticar inseguridades ni prometer superarlas.",INFERRED,0.63,CATALOG_REFERENCE,https://www.beglobalpro.org/cursos/contenido/73291c95-5912-4aa6-b1ae-4899032ded2e/502
Crea tu propio contenido,520,Porque crear contenido para redes sociales,Contenido y creatividad,"Podría orientar preguntas sobre el propósito de crear contenido para el negocio, vinculando esfuerzo editorial con objetivos explícitos del miembro.",INFERRED,0.76,CATALOG_REFERENCE,https://www.beglobalpro.org/cursos/contenido/73291c95-5912-4aa6-b1ae-4899032ded2e/520
Crea tu propio contenido,525,Tendencias de contenido para fin de año,Contenido y creatividad,"Podría servir como referencia histórica para ideación estacional, requiriendo verificar tendencias actuales antes de preparar un calendario de fin de año.",INFERRED,0.76,CATALOG_REFERENCE,https://www.beglobalpro.org/cursos/contenido/73291c95-5912-4aa6-b1ae-4899032ded2e/525
Crea tu propio contenido,529,Aprende a Programar tu éxito en Redes Sociales,Contenido y creatividad,"Podría orientar preguntas de planificación de presencia social, sin asumir una herramienta de programación ni garantizar el éxito anunciado.",INFERRED,0.65,CATALOG_REFERENCE,https://www.beglobalpro.org/cursos/contenido/73291c95-5912-4aa6-b1ae-4899032ded2e/529
Crea tu propio contenido,532,Aprende a Atraer Clientes en Redes Sociales,Conversación y conversión,"Podría apoyar hipótesis sobre cómo acercar contenido social a necesidades del cliente, sin prometer captación ni contactar personas desde el agente.",INFERRED,0.76,CATALOG_REFERENCE,https://www.beglobalpro.org/cursos/contenido/73291c95-5912-4aa6-b1ae-4899032ded2e/532
Conversaciones Imparables: Curso Avanzado de ManyChat,506,Bienvenida al curso,Orientación y ruta académica,La bienvenida al curso no precisa una habilidad o ejemplo; requiere descripción antes de vincularla a una misión específica del agente.,AMBIGUOUS,0.15,CATALOG_REFERENCE,https://www.beglobalpro.org/cursos/contenido/c28c14ff-f7d7-411a-af35-15761be69403/506
Conversaciones Imparables: Curso Avanzado de ManyChat,507,Creacion de cuenta de ChatBot con Manychat,Automatización guiada,"Podría orientar preguntas de preparación para un chatbot en ManyChat, sin crear cuentas ni contratar servicios por el miembro.",INFERRED,0.8,CATALOG_REFERENCE,https://www.beglobalpro.org/cursos/contenido/c28c14ff-f7d7-411a-af35-15761be69403/507
Conversaciones Imparables: Curso Avanzado de ManyChat,508,Construyendo flujo de conversación con botones,Automatización guiada,"Podría apoyar un borrador de conversación con opciones mediante botones, incluyendo revisión humana antes de conectarlo a un canal real.",INFERRED,0.8,CATALOG_REFERENCE,https://www.beglobalpro.org/cursos/contenido/c28c14ff-f7d7-411a-af35-15761be69403/508
Conversaciones Imparables: Curso Avanzado de ManyChat,509,Guardar Respuestas y Preguntas Automáticas,Automatización guiada,"Podría orientar un diseño de preguntas y respuestas guardadas con datos mínimos, sin recolectar información personal ni activar respuestas automáticas.",INFERRED,0.8,CATALOG_REFERENCE,https://www.beglobalpro.org/cursos/contenido/c28c14ff-f7d7-411a-af35-15761be69403/509
Conversaciones Imparables: Curso Avanzado de ManyChat,510,Pruebas al Chat Bot,Automatización guiada,"Podría apoyar casos de prueba de un flujo conversacional y condiciones de escalamiento, sin interactuar con clientes reales durante la validación.",INFERRED,0.8,CATALOG_REFERENCE,https://www.beglobalpro.org/cursos/contenido/c28c14ff-f7d7-411a-af35-15761be69403/510
Conversaciones Imparables: Curso Avanzado de ManyChat,511,Importar contactos y envío de mensajes masivos,Automatización guiada,"Podría orientar una revisión de consentimiento y riesgos de comunicación masiva, sin importar contactos ni enviar mensajes a terceros.",INFERRED,0.8,CATALOG_REFERENCE,https://www.beglobalpro.org/cursos/contenido/c28c14ff-f7d7-411a-af35-15761be69403/511
Conversaciones Imparables: Curso Avanzado de ManyChat,512,Beneficios del ChatBot y letras en Negrita,Automatización guiada,"Podría apoyar preguntas sobre utilidad y presentación del chatbot, sin asumir beneficios demostrados ni configuraciones concretas de formato de mensajes.",INFERRED,0.7,CATALOG_REFERENCE,https://www.beglobalpro.org/cursos/contenido/c28c14ff-f7d7-411a-af35-15761be69403/512
Vive la Experiencia Beat Express,1511,"Para poder vender, primero tienes que ser",Productividad y ejecución,"Podría orientar una reflexión sobre identidad personal y actividad comercial, sin aceptar que una condición del ser determine la capacidad de vender.",INFERRED,0.6,CATALOG_REFERENCE,https://www.beglobalpro.org/cursos/contenido/b3b6e6f8-29bb-4068-9688-eb80a1abe303/1511
Vive la Experiencia Beat Express,1512,Del ser al vender,Conversación y conversión,"Podría señalar una referencia sobre presentación personal en la venta, aunque el título no explica un proceso ni garantiza resultados comerciales.",INFERRED,0.6,CATALOG_REFERENCE,https://www.beglobalpro.org/cursos/contenido/b3b6e6f8-29bb-4068-9688-eb80a1abe303/1512
Vive la Experiencia Beat Express,1513,BEAT: La base del ritmo,Orientación y ruta académica,La base del ritmo no define los componentes de BEAT; necesita descripción para identificar una habilidad o misión específica del agente.,AMBIGUOUS,0.24,CATALOG_REFERENCE,https://www.beglobalpro.org/cursos/contenido/b3b6e6f8-29bb-4068-9688-eb80a1abe303/1513
Vive la Experiencia Beat Express,1514,El BEAT en acción,Orientación y ruta académica,La aplicación de BEAT permanece sin mecanismo definido; el índice no permite inferir ejercicios ni explicar cómo apoyaría una tarea concreta.,AMBIGUOUS,0.24,CATALOG_REFERENCE,https://www.beglobalpro.org/cursos/contenido/b3b6e6f8-29bb-4068-9688-eb80a1abe303/1514
Vive la Experiencia Beat Express,1515,Tomar acción,Productividad y ejecución,"Podría apoyar una conversación para elegir un compromiso pequeño y verificable, sin atribuir plazos o resultados a la invitación a actuar.",INFERRED,0.66,CATALOG_REFERENCE,https://www.beglobalpro.org/cursos/contenido/b3b6e6f8-29bb-4068-9688-eb80a1abe303/1515
Vive la Experiencia Beat Express,1516,Work book,Orientación y ruta académica,"Work book sugiere un material de trabajo, pero no prueba un adjunto descargado ni revela ejercicios para recomendar al miembro.",AMBIGUOUS,0.22,CATALOG_REFERENCE,https://www.beglobalpro.org/cursos/contenido/b3b6e6f8-29bb-4068-9688-eb80a1abe303/1516
Domina Google Ads: Convierte Búsquedas en Ventas,79,¿Qué es Google Ads y sus ventajas?,Publicidad y experimentos,"Podría orientar una comparación inicial del papel de Google Ads en el negocio, sin tratar las ventajas anunciadas como beneficios garantizados.",INFERRED,0.79,CATALOG_REFERENCE,https://www.beglobalpro.org/cursos/contenido/941985db-9788-4819-9889-14dbc5c7a5e4/79
Domina Google Ads: Convierte Búsquedas en Ventas,80,Creación de cuenta optimizada,Publicidad y experimentos,"Podría apoyar preguntas de preparación de una cuenta publicitaria de Google, sin crearla ni asumir qué optimización contempla la clase.",INFERRED,0.75,CATALOG_REFERENCE,https://www.beglobalpro.org/cursos/contenido/941985db-9788-4819-9889-14dbc5c7a5e4/80
Domina Google Ads: Convierte Búsquedas en Ventas,81,Explorando la interfaz de Google ads,Publicidad y experimentos,"Podría señalar una referencia introductoria de navegación por Google Ads, sin reconstruir pantallas ni asumir que su interfaz permanezca vigente.",INFERRED,0.79,CATALOG_REFERENCE,https://www.beglobalpro.org/cursos/contenido/941985db-9788-4819-9889-14dbc5c7a5e4/81
Domina Google Ads: Convierte Búsquedas en Ventas,82,Elementos principales de tus campañas en Google Ads,Publicidad y experimentos,"Podría orientar un inventario de decisiones necesarias para un brief en Google Ads, sin atribuir una lista específica al curso.",INFERRED,0.8,CATALOG_REFERENCE,https://www.beglobalpro.org/cursos/contenido/941985db-9788-4819-9889-14dbc5c7a5e4/82
Domina Google Ads: Convierte Búsquedas en Ventas,451,Campañas publicitarías con Google ADS,Publicidad y experimentos,"Podría apoyar la preparación de una hipótesis de campaña de búsqueda con objetivo verificable, sin activar anuncios ni comprometer presupuesto.",INFERRED,0.79,CATALOG_REFERENCE,https://www.beglobalpro.org/cursos/contenido/941985db-9788-4819-9889-14dbc5c7a5e4/451
Domina Google Ads: Convierte Búsquedas en Ventas,452,Estrategias de posicionamiento SEO,Contenido y creatividad,"Podría orientar preguntas de revisión de contenido para búsqueda orgánica, diferenciándolo de publicidad pagada y sin garantizar posiciones en resultados.",INFERRED,0.79,CATALOG_REFERENCE,https://www.beglobalpro.org/cursos/contenido/941985db-9788-4819-9889-14dbc5c7a5e4/452
Contabilidad en tu Ecommerce,931,Modulo 1,Orientación y ruta académica,"El primer módulo contable no declara una materia específica; falta descripción para recomendar registros, cálculos o preguntas profesionales concretas.",AMBIGUOUS,0.2,CATALOG_REFERENCE,https://www.beglobalpro.org/cursos/contenido/a957e214-255d-495d-b8d1-b4624392d036/931
Contabilidad en tu Ecommerce,935,Modulo 2,Orientación y ruta académica,El segundo módulo solo indica su orden dentro de contabilidad; no permite inferir tratamientos fiscales ni una tarea específica del miembro.,AMBIGUOUS,0.2,CATALOG_REFERENCE,https://www.beglobalpro.org/cursos/contenido/a957e214-255d-495d-b8d1-b4624392d036/935
Contabilidad en tu Ecommerce,936,Modulo 3,Orientación y ruta académica,El tercer módulo carece de tema explícito; se necesita descripción antes de vincularlo con una revisión contable o financiera particular.,AMBIGUOUS,0.2,CATALOG_REFERENCE,https://www.beglobalpro.org/cursos/contenido/a957e214-255d-495d-b8d1-b4624392d036/936
Encontrar productos ganadores,455,Encuentra productos ganadores en todas partes,Producto y validación,"Podría apoyar una lista de fuentes e hipótesis para explorar productos candidatos, sin asumir criterios específicos ni declarar ganadores antes de validarlos.",INFERRED,0.77,CATALOG_REFERENCE,https://www.beglobalpro.org/cursos/contenido/21784812-bbc2-4804-8e0b-cedc60c06a30/455
Encontrar productos ganadores,498,Formas de encontrar productos ganadores para vender en Amazon,Producto y validación,"Podría orientar preguntas de comparación de candidatos para Amazon, verificando datos y sin garantizar demanda, aceptación del marketplace o rentabilidad.",INFERRED,0.8,CATALOG_REFERENCE,https://www.beglobalpro.org/cursos/contenido/21784812-bbc2-4804-8e0b-cedc60c06a30/498
Encontrar productos ganadores,557,Domina el Ecommerce,Orientación y ruta académica,Domina el Ecommerce es un título amplio sin tema propio; requiere descripción para saber qué aporta a la búsqueda de productos.,AMBIGUOUS,0.25,CATALOG_REFERENCE,https://www.beglobalpro.org/cursos/contenido/21784812-bbc2-4804-8e0b-cedc60c06a30/557
Dominando MercadoLibre: de novato a experto,542,Conociendo y aplicando Mercado Libre,Tienda y catálogo,"Podría orientar un checklist inicial de preparación para Mercado Libre, sin reconstruir procedimientos ni asumir requisitos actuales de acceso al marketplace.",INFERRED,0.73,CATALOG_REFERENCE,https://www.beglobalpro.org/cursos/contenido/3077f9b6-9a2f-4fbc-b327-076b13d18019/542
Dominando MercadoLibre: de novato a experto,544,Aprende a vender como experto en Mercado Libre,Conversación y conversión,"Podría servir de referencia para explorar obstáculos comerciales en Mercado Libre, sin acreditar competencias expertas ni garantizar resultados por tomar la sesión.",INFERRED,0.7,CATALOG_REFERENCE,https://www.beglobalpro.org/cursos/contenido/3077f9b6-9a2f-4fbc-b327-076b13d18019/544
Asignación de precios,449,Aprende a ponerle precio a tus productos,Costos y rentabilidad,"Podría orientar una estimación de precio con costos aportados por el miembro, mostrando supuestos y sin inventar fórmulas del docente.",INFERRED,0.8,CATALOG_REFERENCE,https://www.beglobalpro.org/cursos/contenido/6e618afb-21d3-48b1-bbd3-62b89eaf6b1b/449
Asignación de precios,485,Domina el arte de establecer un precio de venta efectivo,Costos y rentabilidad,"Podría apoyar una comparación de escenarios de precio de venta, sin asegurar efectividad comercial ni sustituir evidencia de costos y demanda.",INFERRED,0.79,CATALOG_REFERENCE,https://www.beglobalpro.org/cursos/contenido/6e618afb-21d3-48b1-bbd3-62b89eaf6b1b/485
Intensivo de Contenido para tu negocio,1526,Estrategias de contenido en redes sociales - Allan,Contenido y creatividad,Podría apoyar una ruta de planificación de contenido social; esta lectura del título no incorpora la transcripción disponible ni estrategias verificadas.,INFERRED,0.78,LOCAL_ASR,https://www.beglobalpro.org/cursos/contenido/c417f6c0-88a3-4cbe-81d5-d5da22d8fc8f/1526
Cursos de Actualización en Vivo: Maximiza tu Conocimiento en Todos los Cursos,879,Facebook ads,Publicidad y experimentos,"Podría orientar un brief inicial de anuncios en Facebook, pendiente de confirmar el alcance de esta sesión histórica.",INFERRED,0.7,CATALOG_REFERENCE,https://www.beglobalpro.org/cursos/contenido/d7d44101-5358-4ef0-ae55-920b6c7c840a/879
Cursos de Actualización en Vivo: Maximiza tu Conocimiento en Todos los Cursos,877,Como configurar tu tienda en shopify,Tienda y catálogo,Podría apoyar una lista de preparación de tienda Shopify con información y accesos que deberá revisar el miembro.,INFERRED,0.79,CATALOG_REFERENCE,https://www.beglobalpro.org/cursos/contenido/d7d44101-5358-4ef0-ae55-920b6c7c840a/877
Cursos de Actualización en Vivo: Maximiza tu Conocimiento en Todos los Cursos,880,Productos para REGRESO A CLASES,Producto y validación,"Podría sugerir criterios para explorar demanda escolar estacional, sin asumir disponibilidad, margen ni productos adecuados para cualquier negocio.",INFERRED,0.74,CATALOG_REFERENCE,https://www.beglobalpro.org/cursos/contenido/d7d44101-5358-4ef0-ae55-920b6c7c840a/880
Cursos de Actualización en Vivo: Maximiza tu Conocimiento en Todos los Cursos,881,Amazon,Tienda y catálogo,Referencia amplia a Amazon para ubicar aprendizaje del canal; faltan detalles para recomendar una tarea operativa específica.,INFERRED,0.6,CATALOG_REFERENCE,https://www.beglobalpro.org/cursos/contenido/d7d44101-5358-4ef0-ae55-920b6c7c840a/881
Cursos de Actualización en Vivo: Maximiza tu Conocimiento en Todos los Cursos,882,Mentoria,Orientación y ruta académica,Sesión de mentoría sin tema publicado; se necesita descripción para vincularla responsablemente con el bloqueo del miembro.,AMBIGUOUS,0.18,CATALOG_REFERENCE,https://www.beglobalpro.org/cursos/contenido/d7d44101-5358-4ef0-ae55-920b6c7c840a/882
Cursos de Actualización en Vivo: Maximiza tu Conocimiento en Todos los Cursos,898,El paso a paso de tu Ecommerce,Productividad y ejecución,"Podría ayudar a ordenar una ruta inicial de tareas del ecommerce, cuya secuencia concreta requiere consultar la sesión.",INFERRED,0.68,CATALOG_REFERENCE,https://www.beglobalpro.org/cursos/contenido/d7d44101-5358-4ef0-ae55-920b6c7c840a/898
Cursos de Actualización en Vivo: Maximiza tu Conocimiento en Todos los Cursos,899,Lanzamiento de Producto,Producto y validación,"Podría servir como referencia para preparar hipótesis, requisitos y evidencia de un lanzamiento sin anticipar ventas.",INFERRED,0.74,CATALOG_REFERENCE,https://www.beglobalpro.org/cursos/contenido/d7d44101-5358-4ef0-ae55-920b6c7c840a/899
Cursos de Actualización en Vivo: Maximiza tu Conocimiento en Todos los Cursos,900,Academia de Exito,Orientación y ruta académica,El nombre Academia de Éxito no identifica tema ni entregable; requiere descripción antes de recomendar una misión.,AMBIGUOUS,0.15,CATALOG_REFERENCE,https://www.beglobalpro.org/cursos/contenido/d7d44101-5358-4ef0-ae55-920b6c7c840a/900
Cursos de Actualización en Vivo: Maximiza tu Conocimiento en Todos los Cursos,901,Canva para Publicidad,Contenido y creatividad,"Podría orientar un borrador creativo en Canva para publicidad, sujeto a validar producto, derechos y mensaje.",INFERRED,0.78,CATALOG_REFERENCE,https://www.beglobalpro.org/cursos/contenido/d7d44101-5358-4ef0-ae55-920b6c7c840a/901
Cursos de Actualización en Vivo: Maximiza tu Conocimiento en Todos los Cursos,902,Mentoria,Orientación y ruta académica,Mentoría fechada sin asunto específico; falta información para conectarla con una necesidad concreta de aprendizaje.,AMBIGUOUS,0.18,CATALOG_REFERENCE,https://www.beglobalpro.org/cursos/contenido/d7d44101-5358-4ef0-ae55-920b6c7c840a/902
Cursos de Actualización en Vivo: Maximiza tu Conocimiento en Todos los Cursos,903,Configuración básica de Shopify,Tienda y catálogo,Podría respaldar un checklist preliminar de configuración Shopify; la interfaz y requisitos actuales requieren revisión aparte.,INFERRED,0.79,CATALOG_REFERENCE,https://www.beglobalpro.org/cursos/contenido/d7d44101-5358-4ef0-ae55-920b6c7c840a/903
Cursos de Actualización en Vivo: Maximiza tu Conocimiento en Todos los Cursos,894,Influencer Marketing,Contenido y creatividad,"Podría ayudar a preparar un brief de colaboración con creadores, sin seleccionar proveedores ni prometer alcance.",INFERRED,0.72,CATALOG_REFERENCE,https://www.beglobalpro.org/cursos/contenido/d7d44101-5358-4ef0-ae55-920b6c7c840a/894
Cursos de Actualización en Vivo: Maximiza tu Conocimiento en Todos los Cursos,896,Shopify,Tienda y catálogo,"Podría orientar hacia formación general de Shopify, aunque el título no determina funciones ni ejercicios concretos.",INFERRED,0.6,CATALOG_REFERENCE,https://www.beglobalpro.org/cursos/contenido/d7d44101-5358-4ef0-ae55-920b6c7c840a/896
Cursos de Actualización en Vivo: Maximiza tu Conocimiento en Todos los Cursos,908,Tipos de Contenido para tus redes,Contenido y creatividad,"Podría apoyar la elección de formatos sociales según objetivo del miembro, pendiente de verificar ejemplos disponibles.",INFERRED,0.78,CATALOG_REFERENCE,https://www.beglobalpro.org/cursos/contenido/d7d44101-5358-4ef0-ae55-920b6c7c840a/908
Cursos de Actualización en Vivo: Maximiza tu Conocimiento en Todos los Cursos,909,Escepticismo a la venta: Como la ética puede aumentar tus ingresos.,Conversación y conversión,"Podría aportar preguntas para revisar confianza y ética en mensajes comerciales, sin asumir un aumento de ingresos.",INFERRED,0.74,CATALOG_REFERENCE,https://www.beglobalpro.org/cursos/contenido/d7d44101-5358-4ef0-ae55-920b6c7c840a/909
Cursos de Actualización en Vivo: Maximiza tu Conocimiento en Todos los Cursos,910,El primer contenido en tus redes sociales,Contenido y creatividad,"Podría orientar una primera pieza social sencilla, ajustada al producto y a la experiencia del miembro.",INFERRED,0.79,CATALOG_REFERENCE,https://www.beglobalpro.org/cursos/contenido/d7d44101-5358-4ef0-ae55-920b6c7c840a/910
Cursos de Actualización en Vivo: Maximiza tu Conocimiento en Todos los Cursos,911,Lanzamiento de Producto,Producto y validación,"Podría servir para revisar preparación comercial antes de lanzar un producto, distinguiendo hipótesis de resultados observados.",INFERRED,0.73,CATALOG_REFERENCE,https://www.beglobalpro.org/cursos/contenido/d7d44101-5358-4ef0-ae55-920b6c7c840a/911
Cursos de Actualización en Vivo: Maximiza tu Conocimiento en Todos los Cursos,912,Academia de Exito,Orientación y ruta académica,La sesión no declara asunto más allá de Academia de Éxito; falta evidencia para asignar capacidad concreta.,AMBIGUOUS,0.15,CATALOG_REFERENCE,https://www.beglobalpro.org/cursos/contenido/d7d44101-5358-4ef0-ae55-920b6c7c840a/912
Cursos de Actualización en Vivo: Maximiza tu Conocimiento en Todos los Cursos,913,Contabilidad en tu Ecommerce,Costos y rentabilidad,"Podría apoyar la organización de ingresos y costos del ecommerce para revisión contable, sin resolver obligaciones fiscales.",INFERRED,0.75,CATALOG_REFERENCE,https://www.beglobalpro.org/cursos/contenido/d7d44101-5358-4ef0-ae55-920b6c7c840a/913
Cursos de Actualización en Vivo: Maximiza tu Conocimiento en Todos los Cursos,914,Mentoria,Orientación y ruta académica,Referencia de acompañamiento de octubre; no puede priorizarse por bloqueo mientras se desconozcan las preguntas tratadas.,AMBIGUOUS,0.18,CATALOG_REFERENCE,https://www.beglobalpro.org/cursos/contenido/d7d44101-5358-4ef0-ae55-920b6c7c840a/914
Cursos de Actualización en Vivo: Maximiza tu Conocimiento en Todos los Cursos,916,Básicos de Facebook Ads,Publicidad y experimentos,"Podría orientar un diagnóstico de preparación publicitaria básica y vocabulario inicial, sin activar campañas del miembro.",INFERRED,0.77,CATALOG_REFERENCE,https://www.beglobalpro.org/cursos/contenido/d7d44101-5358-4ef0-ae55-920b6c7c840a/916
Cursos de Actualización en Vivo: Maximiza tu Conocimiento en Todos los Cursos,917,Creación de contenido desde cero,Contenido y creatividad,"Podría apoyar una misión inicial de guion y pieza social, aunque no se conocen los métodos presentados.",INFERRED,0.77,CATALOG_REFERENCE,https://www.beglobalpro.org/cursos/contenido/d7d44101-5358-4ef0-ae55-920b6c7c840a/917
Cursos de Actualización en Vivo: Maximiza tu Conocimiento en Todos los Cursos,920,Academia de Exito,Orientación y ruta académica,Nombre genérico de formación motivacional sin tema verificable; se requiere contexto antes de vincularlo a tareas.,AMBIGUOUS,0.15,CATALOG_REFERENCE,https://www.beglobalpro.org/cursos/contenido/d7d44101-5358-4ef0-ae55-920b6c7c840a/920
Cursos de Actualización en Vivo: Maximiza tu Conocimiento en Todos los Cursos,921,Chat Selling,Conversación y conversión,"Podría orientar borradores de conversación comercial por chat, adaptados a preguntas reales y características verificadas.",INFERRED,0.73,CATALOG_REFERENCE,https://www.beglobalpro.org/cursos/contenido/d7d44101-5358-4ef0-ae55-920b6c7c840a/921
Cursos de Actualización en Vivo: Maximiza tu Conocimiento en Todos los Cursos,922,Las Mejores Practicas en el Ecommerce,Productividad y ejecución,"Podría señalar una revisión general de operación ecommerce, pero falta conocer qué prácticas y criterios aborda.",INFERRED,0.62,CATALOG_REFERENCE,https://www.beglobalpro.org/cursos/contenido/d7d44101-5358-4ef0-ae55-920b6c7c840a/922
Cursos de Actualización en Vivo: Maximiza tu Conocimiento en Todos los Cursos,923,Chat Selling Parte 2,Conversación y conversión,Podría ampliar la revisión de conversaciones comerciales; la continuidad anunciada no permite asumir técnicas específicas del primer bloque.,INFERRED,0.72,CATALOG_REFERENCE,https://www.beglobalpro.org/cursos/contenido/d7d44101-5358-4ef0-ae55-920b6c7c840a/923
Cursos de Actualización en Vivo: Maximiza tu Conocimiento en Todos los Cursos,924,Mentoria,Orientación y ruta académica,Mentoría sin asunto descrito; necesita contexto adicional antes de asociarla a una misión comercial o de ejecución.,AMBIGUOUS,0.18,CATALOG_REFERENCE,https://www.beglobalpro.org/cursos/contenido/d7d44101-5358-4ef0-ae55-920b6c7c840a/924
Cursos de Actualización en Vivo: Maximiza tu Conocimiento en Todos los Cursos,925,Contenido UGC,Contenido y creatividad,"Podría apoyar un brief de contenido generado por usuarios, con autorización y revisión de afirmaciones del producto.",INFERRED,0.75,CATALOG_REFERENCE,https://www.beglobalpro.org/cursos/contenido/d7d44101-5358-4ef0-ae55-920b6c7c840a/925
Cursos de Actualización en Vivo: Maximiza tu Conocimiento en Todos los Cursos,926,Lanzamiento de Producto,Producto y validación,"Podría guiar preguntas de preparación para presentar un producto, sin derivar calendario ni presupuesto desde el título.",INFERRED,0.73,CATALOG_REFERENCE,https://www.beglobalpro.org/cursos/contenido/d7d44101-5358-4ef0-ae55-920b6c7c840a/926
Cursos de Actualización en Vivo: Maximiza tu Conocimiento en Todos los Cursos,904,Influencer Marketing,Contenido y creatividad,"Podría orientar criterios de colaboración con influencers y adecuación de audiencia, pendientes de validar ejemplos de la sesión.",INFERRED,0.72,CATALOG_REFERENCE,https://www.beglobalpro.org/cursos/contenido/d7d44101-5358-4ef0-ae55-920b6c7c840a/904
Cursos de Actualización en Vivo: Maximiza tu Conocimiento en Todos los Cursos,905,Academia de Éxito,Orientación y ruta académica,Academia de Éxito aparece sin descripción temática; su contribución específica al agente permanece pendiente de lectura.,AMBIGUOUS,0.15,CATALOG_REFERENCE,https://www.beglobalpro.org/cursos/contenido/d7d44101-5358-4ef0-ae55-920b6c7c840a/905
Cursos de Actualización en Vivo: Maximiza tu Conocimiento en Todos los Cursos,906,Tipos de Anuncios,Publicidad y experimentos,"Podría ayudar a comparar formatos de anuncios según objetivo, sin afirmar disponibilidad actual de cada opción.",INFERRED,0.75,CATALOG_REFERENCE,https://www.beglobalpro.org/cursos/contenido/d7d44101-5358-4ef0-ae55-920b6c7c840a/906
Cursos de Actualización en Vivo: Maximiza tu Conocimiento en Todos los Cursos,927,Descripciones de Productos,Contenido y creatividad,"Podría orientar un borrador de descripción comercial basado en atributos reales, evitando beneficios y condiciones inventados.",INFERRED,0.79,CATALOG_REFERENCE,https://www.beglobalpro.org/cursos/contenido/d7d44101-5358-4ef0-ae55-920b6c7c840a/927
Cursos de Actualización en Vivo: Maximiza tu Conocimiento en Todos los Cursos,973,Academia de Exito,Orientación y ruta académica,La referencia de enero no permite conocer el tema de Academia de Éxito ni recomendar una acción.,AMBIGUOUS,0.15,CATALOG_REFERENCE,https://www.beglobalpro.org/cursos/contenido/d7d44101-5358-4ef0-ae55-920b6c7c840a/973
Cursos de Actualización en Vivo: Maximiza tu Conocimiento en Todos los Cursos,974,Fotografia del Producto,Contenido y creatividad,"Podría apoyar una lista de tomas para presentar el producto, sin atribuir equipo o técnicas no observados.",INFERRED,0.77,CATALOG_REFERENCE,https://www.beglobalpro.org/cursos/contenido/d7d44101-5358-4ef0-ae55-920b6c7c840a/974
Cursos de Actualización en Vivo: Maximiza tu Conocimiento en Todos los Cursos,975,Mentoria,Orientación y ruta académica,Mentoría de enero sin asunto declarado; falta descripción para decidir si responde al bloqueo actual del miembro.,AMBIGUOUS,0.18,CATALOG_REFERENCE,https://www.beglobalpro.org/cursos/contenido/d7d44101-5358-4ef0-ae55-920b6c7c840a/975
Cursos de Actualización en Vivo: Maximiza tu Conocimiento en Todos los Cursos,976,Creacion de Contenido,Contenido y creatividad,"Podría orientar una misión de producción creativa inicial, dejando pendientes formato y procedimiento hasta consultar la sesión.",INFERRED,0.73,CATALOG_REFERENCE,https://www.beglobalpro.org/cursos/contenido/d7d44101-5358-4ef0-ae55-920b6c7c840a/976
Cursos de Actualización en Vivo: Maximiza tu Conocimiento en Todos los Cursos,978,Importancia de Conectar con las personas,Conversación y conversión,"Podría apoyar preguntas de escucha y comprensión del cliente, sin asumir técnicas concretas de conexión interpersonal.",INFERRED,0.67,CATALOG_REFERENCE,https://www.beglobalpro.org/cursos/contenido/d7d44101-5358-4ef0-ae55-920b6c7c840a/978
Cursos de Actualización en Vivo: Maximiza tu Conocimiento en Todos los Cursos,977,Proceso Creativo para tener tu gran idea,Contenido y creatividad,Podría servir como referencia para organizar una exploración de ideas creativas antes de elegir una pieza.,INFERRED,0.75,CATALOG_REFERENCE,https://www.beglobalpro.org/cursos/contenido/d7d44101-5358-4ef0-ae55-920b6c7c840a/977
Cursos de Actualización en Vivo: Maximiza tu Conocimiento en Todos los Cursos,979,La importancia de la capacitación para el éxito del ecommerce,Productividad y ejecución,"Podría vincular aprendizaje con una tarea pendiente del negocio, sin tratar capacitación como garantía de éxito.",INFERRED,0.7,CATALOG_REFERENCE,https://www.beglobalpro.org/cursos/contenido/d7d44101-5358-4ef0-ae55-920b6c7c840a/979
Cursos de Actualización en Vivo: Maximiza tu Conocimiento en Todos los Cursos,980,Conecta con tu propósito conecta con tus ventas,Marca y propuesta de valor,"Podría ayudar a formular propósito y mensajes coherentes del negocio, sin inferir una relación causal con ventas.",INFERRED,0.63,CATALOG_REFERENCE,https://www.beglobalpro.org/cursos/contenido/d7d44101-5358-4ef0-ae55-920b6c7c840a/980
Cursos de Actualización en Vivo: Maximiza tu Conocimiento en Todos los Cursos,981,Creando alianza estratégica en el Ecommerce,Servicios y especialización,"Podría orientar un borrador de objetivos y responsabilidades para una alianza, sin contactar socios ni acordar compromisos.",INFERRED,0.72,CATALOG_REFERENCE,https://www.beglobalpro.org/cursos/contenido/d7d44101-5358-4ef0-ae55-920b6c7c840a/981
Cursos de Actualización en Vivo: Maximiza tu Conocimiento en Todos los Cursos,982,Inteligencia Emocional en el área de ventas,Conversación y conversión,"Podría apoyar la reflexión sobre respuestas emocionales en conversaciones comerciales, sin realizar diagnósticos ni intervenciones clínicas.",INFERRED,0.74,CATALOG_REFERENCE,https://www.beglobalpro.org/cursos/contenido/d7d44101-5358-4ef0-ae55-920b6c7c840a/982
Cursos de Actualización en Vivo: Maximiza tu Conocimiento en Todos los Cursos,983,Cierre de Ventas Exitosos,Conversación y conversión,"Podría orientar el análisis de una conversación próxima al cierre, sin prometer resultados ni presionar al comprador.",INFERRED,0.75,CATALOG_REFERENCE,https://www.beglobalpro.org/cursos/contenido/d7d44101-5358-4ef0-ae55-920b6c7c840a/983
Cursos de Actualización en Vivo: Maximiza tu Conocimiento en Todos los Cursos,985,Como perderle el miedo a la cámara,Contenido y creatividad,"Podría ayudar a preparar una práctica breve frente a cámara, respetando comodidad y límites del miembro.",INFERRED,0.77,CATALOG_REFERENCE,https://www.beglobalpro.org/cursos/contenido/d7d44101-5358-4ef0-ae55-920b6c7c840a/985
Cursos de Actualización en Vivo: Maximiza tu Conocimiento en Todos los Cursos,937,Introducción a Personal Shopper,Servicios y especialización,"Podría orientar la exploración del servicio personal shopper y sus entregables, sin asumir condiciones comerciales disponibles.",INFERRED,0.71,CATALOG_REFERENCE,https://www.beglobalpro.org/cursos/contenido/d7d44101-5358-4ef0-ae55-920b6c7c840a/937
Cursos de Actualización en Vivo: Maximiza tu Conocimiento en Todos los Cursos,938,Crea tu campaña desde cero,Publicidad y experimentos,"Podría apoyar un checklist previo a la primera campaña, sin determinar plataforma ni configurar cuentas desde este título.",INFERRED,0.74,CATALOG_REFERENCE,https://www.beglobalpro.org/cursos/contenido/d7d44101-5358-4ef0-ae55-920b6c7c840a/938
Cursos de Actualización en Vivo: Maximiza tu Conocimiento en Todos los Cursos,939,Drive de asignaciones en foto y excel,Orientación y ruta académica,El título alude a asignaciones en Drive pero no identifica finalidad ni archivos accesibles; requiere aclaración del recurso.,AMBIGUOUS,0.23,CATALOG_REFERENCE,https://www.beglobalpro.org/cursos/contenido/d7d44101-5358-4ef0-ae55-920b6c7c840a/939
Cursos de Actualización en Vivo: Maximiza tu Conocimiento en Todos los Cursos,940,Contabilidad en tu Ecommerce,Costos y rentabilidad,Podría orientar una carpeta de evidencia de ingresos y gastos para revisión profesional del negocio.,INFERRED,0.75,CATALOG_REFERENCE,https://www.beglobalpro.org/cursos/contenido/d7d44101-5358-4ef0-ae55-920b6c7c840a/940
Cursos de Actualización en Vivo: Maximiza tu Conocimiento en Todos los Cursos,970,Academia de Exito,Orientación y ruta académica,Sesión denominada Academia de Éxito sin tema específico; su aportación educativa requiere descripción o transcripción adicional.,AMBIGUOUS,0.15,CATALOG_REFERENCE,https://www.beglobalpro.org/cursos/contenido/d7d44101-5358-4ef0-ae55-920b6c7c840a/970
Cursos de Actualización en Vivo: Maximiza tu Conocimiento en Todos los Cursos,971,Videos Contenido UGC,Contenido y creatividad,"Podría orientar un guion audiovisual con apariencia de experiencia de usuario, sin fabricar testimonios ni resultados.",INFERRED,0.77,CATALOG_REFERENCE,https://www.beglobalpro.org/cursos/contenido/d7d44101-5358-4ef0-ae55-920b6c7c840a/971
Cursos de Actualización en Vivo: Maximiza tu Conocimiento en Todos los Cursos,972,Mentoria,Orientación y ruta académica,Sesión de mentoría de diciembre sin detalle; falta saber qué preguntas resolvió para recomendarla al miembro.,AMBIGUOUS,0.18,CATALOG_REFERENCE,https://www.beglobalpro.org/cursos/contenido/d7d44101-5358-4ef0-ae55-920b6c7c840a/972
Cursos de Actualización en Vivo: Maximiza tu Conocimiento en Todos los Cursos,986,Mentoria,Orientación y ruta académica,Mentoría de febrero sin tema identificado; no puede asignarse una misión específica con el índice disponible.,AMBIGUOUS,0.18,CATALOG_REFERENCE,https://www.beglobalpro.org/cursos/contenido/d7d44101-5358-4ef0-ae55-920b6c7c840a/986
Cursos de Actualización en Vivo: Maximiza tu Conocimiento en Todos los Cursos,987,Pago contra entrega,Inventario y logística,"Podría apoyar preguntas sobre confirmación, cobro y entrega de pedidos, sin asumir políticas operativas ni proveedores actuales.",INFERRED,0.73,CATALOG_REFERENCE,https://www.beglobalpro.org/cursos/contenido/d7d44101-5358-4ef0-ae55-920b6c7c840a/987
Cursos de Actualización en Vivo: Maximiza tu Conocimiento en Todos los Cursos,988,Contabilidad en tu Ecommerce,Costos y rentabilidad,"Podría respaldar la preparación de datos contables del ecommerce para revisión humana, sin emitir conclusiones fiscales.",INFERRED,0.75,CATALOG_REFERENCE,https://www.beglobalpro.org/cursos/contenido/d7d44101-5358-4ef0-ae55-920b6c7c840a/988
Cursos de Actualización en Vivo: Maximiza tu Conocimiento en Todos los Cursos,989,Facebook Ads,Publicidad y experimentos,Podría ubicar aprendizaje general de anuncios Facebook; hace falta contenido para elegir una optimización concreta.,INFERRED,0.7,CATALOG_REFERENCE,https://www.beglobalpro.org/cursos/contenido/d7d44101-5358-4ef0-ae55-920b6c7c840a/989
Cursos de Actualización en Vivo: Maximiza tu Conocimiento en Todos los Cursos,990,Estrategias Pago contra entrega,Inventario y logística,"Podría orientar una revisión del flujo de pedidos contra entrega, distinguiendo riesgos de devolución y supuestos pendientes.",INFERRED,0.76,CATALOG_REFERENCE,https://www.beglobalpro.org/cursos/contenido/d7d44101-5358-4ef0-ae55-920b6c7c840a/990
Cursos de Actualización en Vivo: Maximiza tu Conocimiento en Todos los Cursos,991,Conceptos básicos de shopify,Tienda y catálogo,Podría apoyar una orientación inicial sobre componentes de Shopify antes de pedir al miembro evidencia de su tienda.,INFERRED,0.76,CATALOG_REFERENCE,https://www.beglobalpro.org/cursos/contenido/d7d44101-5358-4ef0-ae55-920b6c7c840a/991
Cursos de Actualización en Vivo: Maximiza tu Conocimiento en Todos los Cursos,992,Selección de Productos,Producto y validación,Podría ayudar a preparar una comparación de candidatos de producto con criterios aún por confirmar en la sesión.,INFERRED,0.77,CATALOG_REFERENCE,https://www.beglobalpro.org/cursos/contenido/d7d44101-5358-4ef0-ae55-920b6c7c840a/992
Cursos de Actualización en Vivo: Maximiza tu Conocimiento en Todos los Cursos,984,Como vender mas?,Conversación y conversión,Podría motivar un diagnóstico amplio de conversión; el título no identifica tácticas ni evidencia de aumento de ventas.,INFERRED,0.61,CATALOG_REFERENCE,https://www.beglobalpro.org/cursos/contenido/d7d44101-5358-4ef0-ae55-920b6c7c840a/984
Cursos de Actualización en Vivo: Maximiza tu Conocimiento en Todos los Cursos,1070,Claves para una buena atención al cliente,Atención y posventa,Podría orientar un borrador de respuesta y criterios de escalamiento para consultas de clientes del ecommerce.,INFERRED,0.78,CATALOG_REFERENCE,https://www.beglobalpro.org/cursos/contenido/d7d44101-5358-4ef0-ae55-920b6c7c840a/1070
Cursos de Actualización en Vivo: Maximiza tu Conocimiento en Todos los Cursos,998,Tienda en linea express + pasarela de pago + envios,Tienda y catálogo,"Podría apoyar un checklist que conecte catálogo, pagos y entrega, sin instalar pasarelas ni modificar configuraciones.",INFERRED,0.79,CATALOG_REFERENCE,https://www.beglobalpro.org/cursos/contenido/d7d44101-5358-4ef0-ae55-920b6c7c840a/998
Cursos de Actualización en Vivo: Maximiza tu Conocimiento en Todos los Cursos,999,Como hacer un carrusel,Contenido y creatividad,"Podría orientar un esquema de carrusel con secuencia, mensaje y cierre adaptados al objetivo del miembro.",INFERRED,0.79,CATALOG_REFERENCE,https://www.beglobalpro.org/cursos/contenido/d7d44101-5358-4ef0-ae55-920b6c7c840a/999
Cursos de Actualización en Vivo: Maximiza tu Conocimiento en Todos los Cursos,1000,Flor de Capomo,Orientación y ruta académica,"Flor de Capomo solo identifica un nombre; faltan descripción y contexto para conocer producto, sesión o aporte.",AMBIGUOUS,0.14,CATALOG_REFERENCE,https://www.beglobalpro.org/cursos/contenido/d7d44101-5358-4ef0-ae55-920b6c7c840a/1000
Cursos de Actualización en Vivo: Maximiza tu Conocimiento en Todos los Cursos,1002,Bodega Puebla,Orientación y ruta académica,Bodega Puebla nombra una referencia sin precisar oferta ni operación; falta contexto para recomendar proveedores o logística.,AMBIGUOUS,0.19,CATALOG_REFERENCE,https://www.beglobalpro.org/cursos/contenido/d7d44101-5358-4ef0-ae55-920b6c7c840a/1002
Cursos de Actualización en Vivo: Maximiza tu Conocimiento en Todos los Cursos,1003,Mentoria,Orientación y ruta académica,Mentoría sin asunto en el índice; se necesita conocer el contenido antes de conectarla con tareas.,AMBIGUOUS,0.18,CATALOG_REFERENCE,https://www.beglobalpro.org/cursos/contenido/d7d44101-5358-4ef0-ae55-920b6c7c840a/1003
Cursos de Actualización en Vivo: Maximiza tu Conocimiento en Todos los Cursos,1065,Facebook Ads,Publicidad y experimentos,"Podría ubicar una consulta general sobre publicidad Facebook, sin inferir funciones ni estrategias de esta sesión.",INFERRED,0.7,CATALOG_REFERENCE,https://www.beglobalpro.org/cursos/contenido/d7d44101-5358-4ef0-ae55-920b6c7c840a/1065
Cursos de Actualización en Vivo: Maximiza tu Conocimiento en Todos los Cursos,1066,Como subir productos a Shopify,Tienda y catálogo,"Podría orientar la preparación de fichas y datos necesarios para cargar productos, dejando la operación al miembro.",INFERRED,0.79,CATALOG_REFERENCE,https://www.beglobalpro.org/cursos/contenido/d7d44101-5358-4ef0-ae55-920b6c7c840a/1066
Cursos de Actualización en Vivo: Maximiza tu Conocimiento en Todos los Cursos,1067,Academia de Exito,Orientación y ruta académica,Academia de Éxito no delimita conocimiento utilizable; requiere descripción para recomendarla por fase o bloqueo.,AMBIGUOUS,0.15,CATALOG_REFERENCE,https://www.beglobalpro.org/cursos/contenido/d7d44101-5358-4ef0-ae55-920b6c7c840a/1067
Cursos de Actualización en Vivo: Maximiza tu Conocimiento en Todos los Cursos,1068,Contabilidad en tu Ecommerce,Costos y rentabilidad,"Podría ayudar a preparar una revisión de registros comerciales y costos, con cualquier tratamiento fiscal escalado profesionalmente.",INFERRED,0.75,CATALOG_REFERENCE,https://www.beglobalpro.org/cursos/contenido/d7d44101-5358-4ef0-ae55-920b6c7c840a/1068
Cursos de Actualización en Vivo: Maximiza tu Conocimiento en Todos los Cursos,1069,Skincare & Mas,Orientación y ruta académica,Skincare y Más no especifica enfoque comercial ni educativo; no permite derivar recomendaciones de producto o salud.,AMBIGUOUS,0.19,CATALOG_REFERENCE,https://www.beglobalpro.org/cursos/contenido/d7d44101-5358-4ef0-ae55-920b6c7c840a/1069
Cursos de Actualización en Vivo: Maximiza tu Conocimiento en Todos los Cursos,1071,Novedades de la Convención,Orientación y ruta académica,Podría ubicar comunicaciones históricas de una convención; no acredita beneficios vigentes ni tareas específicas para el negocio.,INFERRED,0.61,CATALOG_REFERENCE,https://www.beglobalpro.org/cursos/contenido/d7d44101-5358-4ef0-ae55-920b6c7c840a/1071
Cursos de Actualización en Vivo: Maximiza tu Conocimiento en Todos los Cursos,1072,Capacitación de IA,IA aplicada al negocio,"Podría orientar una introducción general al uso de IA, pendiente de identificar herramientas y ejercicios realmente abordados.",INFERRED,0.67,CATALOG_REFERENCE,https://www.beglobalpro.org/cursos/contenido/d7d44101-5358-4ef0-ae55-920b6c7c840a/1072
Cursos de Actualización en Vivo: Maximiza tu Conocimiento en Todos los Cursos,1092,Aprovecha IA para tu Ecommerce,IA aplicada al negocio,Podría ayudar a elegir una tarea de ecommerce para experimentar con IA y revisar manualmente sus resultados.,INFERRED,0.75,CATALOG_REFERENCE,https://www.beglobalpro.org/cursos/contenido/d7d44101-5358-4ef0-ae55-920b6c7c840a/1092
Cursos de Actualización en Vivo: Maximiza tu Conocimiento en Todos los Cursos,1093,Academia de Exito,Orientación y ruta académica,Referencia de Academia de Éxito sin asunto concreto; la contribución al agente requiere una descripción adicional.,AMBIGUOUS,0.15,CATALOG_REFERENCE,https://www.beglobalpro.org/cursos/contenido/d7d44101-5358-4ef0-ae55-920b6c7c840a/1093
Cursos de Actualización en Vivo: Maximiza tu Conocimiento en Todos los Cursos,1094,Campañas que venden Facebook ads,Publicidad y experimentos,"Podría apoyar un brief de campaña Facebook orientado a conversión, sin tomar la promesa del título como resultado.",INFERRED,0.74,CATALOG_REFERENCE,https://www.beglobalpro.org/cursos/contenido/d7d44101-5358-4ef0-ae55-920b6c7c840a/1094
Cursos de Actualización en Vivo: Maximiza tu Conocimiento en Todos los Cursos,1095,Estructura tu Contenido,Contenido y creatividad,Podría orientar un esquema de contenido con partes y propósito explícitos antes de producir piezas del negocio.,INFERRED,0.78,CATALOG_REFERENCE,https://www.beglobalpro.org/cursos/contenido/d7d44101-5358-4ef0-ae55-920b6c7c840a/1095
Cursos de Actualización en Vivo: Maximiza tu Conocimiento en Todos los Cursos,1096,Importa fácil desde china con Alibaba,Proveedores e importación,"Podría preparar preguntas de compra mediante Alibaba y revisión aduanal profesional, sin afirmar facilidad ni seguridad garantizadas.",INFERRED,0.76,CATALOG_REFERENCE,https://www.beglobalpro.org/cursos/contenido/d7d44101-5358-4ef0-ae55-920b6c7c840a/1096
Cursos de Actualización en Vivo: Maximiza tu Conocimiento en Todos los Cursos,1097,Academia de Exito- Kimberly,Orientación y ruta académica,"Kimberly identifica una persona vinculada a la sesión, pero falta tema para asignar una capacidad del agente.",AMBIGUOUS,0.14,CATALOG_REFERENCE,https://www.beglobalpro.org/cursos/contenido/d7d44101-5358-4ef0-ae55-920b6c7c840a/1097
Cursos de Actualización en Vivo: Maximiza tu Conocimiento en Todos los Cursos,1098,Representantes De Marca,Servicios y especialización,"Podría orientar preguntas sobre alcance del rol de representante de marca, sin asumir requisitos o acuerdos comerciales.",INFERRED,0.61,CATALOG_REFERENCE,https://www.beglobalpro.org/cursos/contenido/d7d44101-5358-4ef0-ae55-920b6c7c840a/1098
Cursos de Actualización en Vivo: Maximiza tu Conocimiento en Todos los Cursos,1100,Bodega EcoAmor,Orientación y ruta académica,Bodega EcoAmor es una referencia nominal sin oferta documentada; requiere contexto antes de recomendar compras o abastecimiento.,AMBIGUOUS,0.19,CATALOG_REFERENCE,https://www.beglobalpro.org/cursos/contenido/d7d44101-5358-4ef0-ae55-920b6c7c840a/1100
Cursos de Actualización en Vivo: Maximiza tu Conocimiento en Todos los Cursos,1101,Academia de Exito - Tu manejo del dinero refleja quien eres,Costos y rentabilidad,"Podría abrir una reflexión sobre hábitos de manejo del dinero, sin juzgar identidad ni ofrecer recomendaciones financieras definitivas.",INFERRED,0.64,CATALOG_REFERENCE,https://www.beglobalpro.org/cursos/contenido/d7d44101-5358-4ef0-ae55-920b6c7c840a/1101
Cursos de Actualización en Vivo: Maximiza tu Conocimiento en Todos los Cursos,1102,El negocio de los sueños: Agente Disney,Servicios y especialización,"Podría orientar preguntas sobre especialización en viajes Disney, sin asumir acreditaciones, ingresos ni acceso a proveedores turísticos.",INFERRED,0.71,CATALOG_REFERENCE,https://www.beglobalpro.org/cursos/contenido/d7d44101-5358-4ef0-ae55-920b6c7c840a/1102
Cursos de Actualización en Vivo: Maximiza tu Conocimiento en Todos los Cursos,1103,Contabilidad en tu Ecommerce,Costos y rentabilidad,Podría apoyar la recopilación de datos de contabilidad ecommerce para conversar con un profesional y revisar supuestos.,INFERRED,0.75,CATALOG_REFERENCE,https://www.beglobalpro.org/cursos/contenido/d7d44101-5358-4ef0-ae55-920b6c7c840a/1103
Cursos de Actualización en Vivo: Maximiza tu Conocimiento en Todos los Cursos,1110,Mentoria,Orientación y ruta académica,Sesión de mentoría sin contenido temático declarado; hace falta descripción para elegirla como apoyo al miembro.,AMBIGUOUS,0.18,CATALOG_REFERENCE,https://www.beglobalpro.org/cursos/contenido/d7d44101-5358-4ef0-ae55-920b6c7c840a/1110
Cursos de Actualización en Vivo: Maximiza tu Conocimiento en Todos los Cursos,1111,Estructura Dropshipping,Inventario y logística,"Podría orientar un mapa preliminar de responsabilidades en dropshipping, pendiente de validar condiciones reales de pedido y entrega.",INFERRED,0.71,CATALOG_REFERENCE,https://www.beglobalpro.org/cursos/contenido/d7d44101-5358-4ef0-ae55-920b6c7c840a/1111
Cursos de Actualización en Vivo: Maximiza tu Conocimiento en Todos los Cursos,1162,Desarrolla Habilidades: Logotipos,Marca y propuesta de valor,"Podría apoyar un brief de logotipo consistente con identidad del negocio, sin asumir derechos de uso del diseño.",INFERRED,0.78,CATALOG_REFERENCE,https://www.beglobalpro.org/cursos/contenido/d7d44101-5358-4ef0-ae55-920b6c7c840a/1162
Cursos de Actualización en Vivo: Maximiza tu Conocimiento en Todos los Cursos,1164,Bodega Pet,Orientación y ruta académica,"Bodega Pet sugiere una referencia comercial, pero no identifica productos, disponibilidad ni contenido de aprendizaje verificable.",AMBIGUOUS,0.19,CATALOG_REFERENCE,https://www.beglobalpro.org/cursos/contenido/d7d44101-5358-4ef0-ae55-920b6c7c840a/1164
Cursos de Actualización en Vivo: Maximiza tu Conocimiento en Todos los Cursos,1165,Academia de Éxito | Sesión de Mentalidad: “Define tu porqué y transfórmate desde adentro,Productividad y ejecución,"Podría apoyar una reflexión de propósito vinculada a compromisos pequeños, sin respaldar promesas de transformación psicológica.",INFERRED,0.68,CATALOG_REFERENCE,https://www.beglobalpro.org/cursos/contenido/d7d44101-5358-4ef0-ae55-920b6c7c840a/1165
Cursos de Actualización en Vivo: Maximiza tu Conocimiento en Todos los Cursos,1166,Desarrolla Habilidades: Edicion de videos,Contenido y creatividad,"Podría orientar una tarea breve de edición audiovisual, aunque el título no especifica herramienta ni técnicas.",INFERRED,0.77,CATALOG_REFERENCE,https://www.beglobalpro.org/cursos/contenido/d7d44101-5358-4ef0-ae55-920b6c7c840a/1166
Cursos de Actualización en Vivo: Maximiza tu Conocimiento en Todos los Cursos,1167,Bodega Evanes,Orientación y ruta académica,Bodega Evanes aparece sin descripción de contenido; falta información antes de asociarla con proveedores o logística.,AMBIGUOUS,0.18,CATALOG_REFERENCE,https://www.beglobalpro.org/cursos/contenido/d7d44101-5358-4ef0-ae55-920b6c7c840a/1167
Cursos de Actualización en Vivo: Maximiza tu Conocimiento en Todos los Cursos,1179,Mentoria,Orientación y ruta académica,Mentoría de julio sin asunto declarado; no permite determinar qué bloqueo del miembro podría atender.,AMBIGUOUS,0.18,CATALOG_REFERENCE,https://www.beglobalpro.org/cursos/contenido/d7d44101-5358-4ef0-ae55-920b6c7c840a/1179
Cursos de Actualización en Vivo: Maximiza tu Conocimiento en Todos los Cursos,1180,Tu celular tu estudio: Tips de grabación para tu ecommerce,Contenido y creatividad,Podría apoyar una lista de tomas realizables con celular para presentar el producto sin requerir equipo profesional.,INFERRED,0.8,CATALOG_REFERENCE,https://www.beglobalpro.org/cursos/contenido/d7d44101-5358-4ef0-ae55-920b6c7c840a/1180
Cursos de Actualización en Vivo: Maximiza tu Conocimiento en Todos los Cursos,1181,Academia de Exito- Ivonne,Orientación y ruta académica,El nombre Ivonne no identifica tema de la sesión; se requiere descripción antes de atribuir un aporte.,AMBIGUOUS,0.14,CATALOG_REFERENCE,https://www.beglobalpro.org/cursos/contenido/d7d44101-5358-4ef0-ae55-920b6c7c840a/1181
Cursos de Actualización en Vivo: Maximiza tu Conocimiento en Todos los Cursos,1182,Bodega La Pócima Rapunzel,Orientación y ruta académica,"La Pócima Rapunzel figura como bodega sin detalle; no acredita productos, propiedades ni condiciones de suministro.",AMBIGUOUS,0.18,CATALOG_REFERENCE,https://www.beglobalpro.org/cursos/contenido/d7d44101-5358-4ef0-ae55-920b6c7c840a/1182
Cursos de Actualización en Vivo: Maximiza tu Conocimiento en Todos los Cursos,1183,Contabilidad en tu Ecommerce,Costos y rentabilidad,"Podría orientar una revisión de ingresos, gastos y evidencia de operaciones ecommerce para posterior análisis contable humano.",INFERRED,0.75,CATALOG_REFERENCE,https://www.beglobalpro.org/cursos/contenido/d7d44101-5358-4ef0-ae55-920b6c7c840a/1183
Cursos de Actualización en Vivo: Maximiza tu Conocimiento en Todos los Cursos,1184,Academia de Exito - Hábitos de éxito - Dulce Jaqueline,Productividad y ejecución,"Podría apoyar la elección de hábitos pequeños y comprobables, sin convertir el término éxito en garantía de resultados.",INFERRED,0.71,CATALOG_REFERENCE,https://www.beglobalpro.org/cursos/contenido/d7d44101-5358-4ef0-ae55-920b6c7c840a/1184
Cursos de Actualización en Vivo: Maximiza tu Conocimiento en Todos los Cursos,1228,Academia de Exito- Allan Gerardo,Orientación y ruta académica,"Allan Gerardo identifica al participante, no la materia de la sesión; falta tema para una recomendación concreta.",AMBIGUOUS,0.14,CATALOG_REFERENCE,https://www.beglobalpro.org/cursos/contenido/d7d44101-5358-4ef0-ae55-920b6c7c840a/1228
Cursos de Actualización en Vivo: Maximiza tu Conocimiento en Todos los Cursos,1229,Domina la creación de imágenes con IA para ecommerce,IA aplicada al negocio,"Podría orientar prompts para imágenes comerciales con revisión de fidelidad al producto, derechos y posibles errores generativos.",INFERRED,0.8,CATALOG_REFERENCE,https://www.beglobalpro.org/cursos/contenido/d7d44101-5358-4ef0-ae55-920b6c7c840a/1229
Cursos de Actualización en Vivo: Maximiza tu Conocimiento en Todos los Cursos,1230,Bodega Savian,Orientación y ruta académica,Bodega Savian es una referencia sin explicación de la sesión; requiere información antes de recomendar una acción comercial.,AMBIGUOUS,0.18,CATALOG_REFERENCE,https://www.beglobalpro.org/cursos/contenido/d7d44101-5358-4ef0-ae55-920b6c7c840a/1230
Cursos de Actualización en Vivo: Maximiza tu Conocimiento en Todos los Cursos,1231,Contenido que vende: estructura de reels y publicaciones virales,Contenido y creatividad,"Podría apoyar el esquema de un reel y una publicación, sin prometer viralidad ni ventas por su estructura.",INFERRED,0.78,CATALOG_REFERENCE,https://www.beglobalpro.org/cursos/contenido/d7d44101-5358-4ef0-ae55-920b6c7c840a/1231
Cursos de Actualización en Vivo: Maximiza tu Conocimiento en Todos los Cursos,1232,Mentoria,Orientación y ruta académica,Mentoría de septiembre sin tema disponible; faltan detalles para relacionarla con una tarea de ecommerce específica.,AMBIGUOUS,0.18,CATALOG_REFERENCE,https://www.beglobalpro.org/cursos/contenido/d7d44101-5358-4ef0-ae55-920b6c7c840a/1232
Cursos de Actualización en Vivo: Maximiza tu Conocimiento en Todos los Cursos,1233,Contenido Estratégico para Septiembre-Diciembre,Contenido y creatividad,"Podría orientar una planificación estacional de contenido, adaptando fechas al negocio sin asumir vigencia del calendario histórico.",INFERRED,0.76,CATALOG_REFERENCE,https://www.beglobalpro.org/cursos/contenido/d7d44101-5358-4ef0-ae55-920b6c7c840a/1233
Cursos de Actualización en Vivo: Maximiza tu Conocimiento en Todos los Cursos,1234,Contabilidad en tu Ecommerce,Costos y rentabilidad,"Podría apoyar la preparación de información comercial para una revisión contable, sin establecer obligaciones ni criterios fiscales vigentes.",INFERRED,0.75,CATALOG_REFERENCE,https://www.beglobalpro.org/cursos/contenido/d7d44101-5358-4ef0-ae55-920b6c7c840a/1234
Cursos de Actualización en Vivo: Maximiza tu Conocimiento en Todos los Cursos,1236,Bodega Oversize,Orientación y ruta académica,Bodega Oversize no describe productos ni aprendizaje; la relevancia para abastecimiento debe comprobarse con información adicional.,AMBIGUOUS,0.19,CATALOG_REFERENCE,https://www.beglobalpro.org/cursos/contenido/d7d44101-5358-4ef0-ae55-920b6c7c840a/1236
Cursos de Actualización en Vivo: Maximiza tu Conocimiento en Todos los Cursos,1239,Academia de Exito - Allan,Orientación y ruta académica,El título solo nombra a Allan dentro de Academia de Éxito; falta contenido temático para recomendarlo.,AMBIGUOUS,0.14,CATALOG_REFERENCE,https://www.beglobalpro.org/cursos/contenido/d7d44101-5358-4ef0-ae55-920b6c7c840a/1239
Cursos de Actualización en Vivo: Maximiza tu Conocimiento en Todos los Cursos,1240,Chat Selling con Dulce Jaqueline,Conversación y conversión,"Podría orientar borradores de chat comercial contextualizados, sin atribuir técnicas específicas a la persona mencionada.",INFERRED,0.75,CATALOG_REFERENCE,https://www.beglobalpro.org/cursos/contenido/d7d44101-5358-4ef0-ae55-920b6c7c840a/1240
Cursos de Actualización en Vivo: Maximiza tu Conocimiento en Todos los Cursos,1267,Academia de Exito: Creando Habitos,Productividad y ejecución,"Podría apoyar un compromiso de hábito observable y seguimiento simple, dejando pendientes los métodos del material.",INFERRED,0.73,CATALOG_REFERENCE,https://www.beglobalpro.org/cursos/contenido/d7d44101-5358-4ef0-ae55-920b6c7c840a/1267
Cursos de Actualización en Vivo: Maximiza tu Conocimiento en Todos los Cursos,1271,Videos ganadores para vender,Contenido y creatividad,"Podría orientar hipótesis para un video comercial, sin tomar ganador como evidencia de rendimiento o conversión.",INFERRED,0.72,CATALOG_REFERENCE,https://www.beglobalpro.org/cursos/contenido/d7d44101-5358-4ef0-ae55-920b6c7c840a/1271
Cursos de Actualización en Vivo: Maximiza tu Conocimiento en Todos los Cursos,1311,Productos que conviene vender por mercado libre,Producto y validación,"Podría ayudar a preparar criterios de selección para Mercado Libre, sin garantizar conveniencia económica ni disponibilidad actual.",INFERRED,0.76,CATALOG_REFERENCE,https://www.beglobalpro.org/cursos/contenido/d7d44101-5358-4ef0-ae55-920b6c7c840a/1311
Facebook e Instagram Ads,1004,Introducción,Orientación y ruta académica,Introducción sin objetivo propio explícito; el contexto publicitario no permite conocer qué tarea concreta desarrolla esta lección.,AMBIGUOUS,0.21,CATALOG_REFERENCE,https://www.beglobalpro.org/cursos/contenido/fd7650bd-5c54-43ae-bc5c-554ac1731f97/1004
Facebook e Instagram Ads,1005,Importancia de las Redes sociales en la captación de clientes,Publicidad y experimentos,Podría orientar una conversación sobre el papel de redes sociales en captación antes de decidir canales y objetivos.,INFERRED,0.76,CATALOG_REFERENCE,https://www.beglobalpro.org/cursos/contenido/fd7650bd-5c54-43ae-bc5c-554ac1731f97/1005
Facebook e Instagram Ads,1006,Pilares de una estrategia digital,Publicidad y experimentos,"Podría apoyar un esquema inicial de estrategia digital, pendiente de identificar los pilares realmente propuestos por la sesión.",INFERRED,0.7,CATALOG_REFERENCE,https://www.beglobalpro.org/cursos/contenido/fd7650bd-5c54-43ae-bc5c-554ac1731f97/1006
Facebook e Instagram Ads,1007,Diferencias clave entre Facebook e Instagram,Publicidad y experimentos,"Podría ayudar a comparar adecuación de Facebook e Instagram al público, sin asumir funciones o reglas vigentes.",INFERRED,0.77,CATALOG_REFERENCE,https://www.beglobalpro.org/cursos/contenido/fd7650bd-5c54-43ae-bc5c-554ac1731f97/1007
Facebook e Instagram Ads,1008,Comprendiendo el comportamiento del consumidor online,Conversación y conversión,Podría orientar preguntas sobre motivaciones y fricciones de compra para revisar un mensaje comercial con evidencia.,INFERRED,0.75,CATALOG_REFERENCE,https://www.beglobalpro.org/cursos/contenido/fd7650bd-5c54-43ae-bc5c-554ac1731f97/1008
Facebook e Instagram Ads,1009,Definición de Buyer Personas,Publicidad y experimentos,"Podría apoyar un borrador de perfil de comprador con hipótesis explícitas, evitando inventar datos demográficos o conductuales.",INFERRED,0.79,CATALOG_REFERENCE,https://www.beglobalpro.org/cursos/contenido/fd7650bd-5c54-43ae-bc5c-554ac1731f97/1009
Facebook e Instagram Ads,1010,Estructura de un Prompt en Chat GPT,IA aplicada al negocio,"Podría orientar la preparación de un prompt para explorar audiencia, con revisión humana y sin convertir salidas en datos.",INFERRED,0.8,CATALOG_REFERENCE,https://www.beglobalpro.org/cursos/contenido/fd7650bd-5c54-43ae-bc5c-554ac1731f97/1010
Facebook e Instagram Ads,1011,Elementos de una oferta irresistible,Conversación y conversión,"Podría apoyar un checklist de componentes de oferta, verificando condiciones y evitando adoptar irresistible como resultado garantizado.",INFERRED,0.78,CATALOG_REFERENCE,https://www.beglobalpro.org/cursos/contenido/fd7650bd-5c54-43ae-bc5c-554ac1731f97/1011
Facebook e Instagram Ads,1012,Desarrollo de una oferta irresistible,Conversación y conversión,"Podría orientar un borrador de oferta adaptada al producto, sujeto a revisión de beneficios, precio y condiciones reales.",INFERRED,0.78,CATALOG_REFERENCE,https://www.beglobalpro.org/cursos/contenido/fd7650bd-5c54-43ae-bc5c-554ac1731f97/1012
Facebook e Instagram Ads,1013,Los gatillos mentales más potentes,Conversación y conversión,"Podría ayudar a revisar elementos persuasivos en un mensaje, manteniendo veracidad y evitando presión o urgencia fabricada.",INFERRED,0.7,CATALOG_REFERENCE,https://www.beglobalpro.org/cursos/contenido/fd7650bd-5c54-43ae-bc5c-554ac1731f97/1013
Facebook e Instagram Ads,1014,Cómo adaptar tu oferta a diferentes Buyer Personas,Conversación y conversión,"Podría apoyar variantes de una oferta según necesidades de comprador, dejando como hipótesis cualquier segmentación aún no validada.",INFERRED,0.79,CATALOG_REFERENCE,https://www.beglobalpro.org/cursos/contenido/fd7650bd-5c54-43ae-bc5c-554ac1731f97/1014
Facebook e Instagram Ads,1015,Desarrollo de ángulos de venta,Contenido y creatividad,Podría orientar distintas perspectivas creativas de venta sobre atributos comprobados para comparar claridad y relevancia del mensaje.,INFERRED,0.77,CATALOG_REFERENCE,https://www.beglobalpro.org/cursos/contenido/fd7650bd-5c54-43ae-bc5c-554ac1731f97/1015
Facebook e Instagram Ads,1016,Introducción a los embudos de ventas digitales,Conversación y conversión,"Podría ubicar al miembro en una ruta de captación y compra, sin atribuir fases exactas al material.",INFERRED,0.76,CATALOG_REFERENCE,https://www.beglobalpro.org/cursos/contenido/fd7650bd-5c54-43ae-bc5c-554ac1731f97/1016
Facebook e Instagram Ads,1017,Estructura de un embudo de ventas digital para captación de clientes,Conversación y conversión,Podría apoyar un mapa de pasos desde interés hasta contacto y detectar información faltante en el embudo.,INFERRED,0.79,CATALOG_REFERENCE,https://www.beglobalpro.org/cursos/contenido/fd7650bd-5c54-43ae-bc5c-554ac1731f97/1017
Facebook e Instagram Ads,1018,El recurso de valor: Lead Magnet,Contenido y creatividad,"Podría orientar un borrador de recurso de captación útil, sin afirmar que existe un archivo descargable disponible.",INFERRED,0.78,CATALOG_REFERENCE,https://www.beglobalpro.org/cursos/contenido/fd7650bd-5c54-43ae-bc5c-554ac1731f97/1018
Facebook e Instagram Ads,1019,Integración de campañas de Facebook e Instagram en el embudo,Publicidad y experimentos,"Podría ayudar a vincular cada campaña propuesta con una etapa y objetivo del embudo, sin activar anuncios.",INFERRED,0.79,CATALOG_REFERENCE,https://www.beglobalpro.org/cursos/contenido/fd7650bd-5c54-43ae-bc5c-554ac1731f97/1019
Facebook e Instagram Ads,1020,Brief para desarrollar embudo de ventas,Conversación y conversión,"Podría apoyar un documento de requisitos del embudo con audiencia, objetivo y evidencia necesaria antes de diseñarlo.",INFERRED,0.8,CATALOG_REFERENCE,https://www.beglobalpro.org/cursos/contenido/fd7650bd-5c54-43ae-bc5c-554ac1731f97/1020
Facebook e Instagram Ads,1064,Desarrollo del embudo de ventas,Conversación y conversión,"Podría orientar el borrador de recorrido comercial y sus puntos de revisión, pendiente de consultar el desarrollo concreto.",INFERRED,0.76,CATALOG_REFERENCE,https://www.beglobalpro.org/cursos/contenido/fd7650bd-5c54-43ae-bc5c-554ac1731f97/1064
Facebook e Instagram Ads,1021,Anuncios ideales para cada etapa del embudo de ventas digital,Publicidad y experimentos,"Podría apoyar hipótesis de anuncios por etapa del recorrido, evitando asumir que un formato es universalmente ideal.",INFERRED,0.79,CATALOG_REFERENCE,https://www.beglobalpro.org/cursos/contenido/fd7650bd-5c54-43ae-bc5c-554ac1731f97/1021
Facebook e Instagram Ads,1027,Elementos clave del diseño de anuncios,Contenido y creatividad,"Podría orientar una revisión visual de anuncios según mensaje y producto, dejando criterios específicos pendientes de lectura.",INFERRED,0.78,CATALOG_REFERENCE,https://www.beglobalpro.org/cursos/contenido/fd7650bd-5c54-43ae-bc5c-554ac1731f97/1027
Facebook e Instagram Ads,1028,"Herramientas de diseño recomendadas (Canva, Photoshop)",Contenido y creatividad,Podría ayudar a seleccionar una ruta de aprendizaje de diseño según herramientas disponibles y habilidad del miembro.,INFERRED,0.78,CATALOG_REFERENCE,https://www.beglobalpro.org/cursos/contenido/fd7650bd-5c54-43ae-bc5c-554ac1731f97/1028
Facebook e Instagram Ads,1029,Herramientas de búsqueda de creativos exitosos,Contenido y creatividad,"Podría orientar la búsqueda de referencias creativas comparables, sin tratar su presencia como evidencia de éxito comercial.",INFERRED,0.73,CATALOG_REFERENCE,https://www.beglobalpro.org/cursos/contenido/fd7650bd-5c54-43ae-bc5c-554ac1731f97/1029
Facebook e Instagram Ads,1030,Chat GPT para creación de guiones de video,IA aplicada al negocio,Podría apoyar un prompt de guion audiovisual con datos del producto y revisión humana de afirmaciones generadas.,INFERRED,0.8,CATALOG_REFERENCE,https://www.beglobalpro.org/cursos/contenido/fd7650bd-5c54-43ae-bc5c-554ac1731f97/1030
Facebook e Instagram Ads,1031,Técnicas y metodologías de copywriting persuasivo,Contenido y creatividad,"Podría orientar un borrador persuasivo y su revisión de claridad, sin atribuir fórmulas no observadas al curso.",INFERRED,0.77,CATALOG_REFERENCE,https://www.beglobalpro.org/cursos/contenido/fd7650bd-5c54-43ae-bc5c-554ac1731f97/1031
Facebook e Instagram Ads,1032,Cómo escribir titulares y descripciones efectivas,Contenido y creatividad,Podría ayudar a preparar titulares y descripciones alternativos basados en beneficios verificables y una llamada coherente.,INFERRED,0.79,CATALOG_REFERENCE,https://www.beglobalpro.org/cursos/contenido/fd7650bd-5c54-43ae-bc5c-554ac1731f97/1032
Facebook e Instagram Ads,1045,Segmentación detallada y por comportamiento,Publicidad y experimentos,"Podría apoyar hipótesis de audiencia por intereses y comportamiento, sujetas a verificar opciones actuales y datos permitidos.",INFERRED,0.78,CATALOG_REFERENCE,https://www.beglobalpro.org/cursos/contenido/fd7650bd-5c54-43ae-bc5c-554ac1731f97/1045
Facebook e Instagram Ads,1046,Segmentación Advantage+,Publicidad y experimentos,"Podría orientar preguntas sobre segmentación Advantage+, sin presumir controles disponibles ni recomendar cambios automáticos de campaña.",INFERRED,0.74,CATALOG_REFERENCE,https://www.beglobalpro.org/cursos/contenido/fd7650bd-5c54-43ae-bc5c-554ac1731f97/1046
Facebook e Instagram Ads,1047,Creación y gestión de públicos personalizados por origen dentro de Meta,Publicidad y experimentos,Podría apoyar un inventario de fuentes de audiencia dentro de Meta y preguntas de elegibilidad para revisión humana.,INFERRED,0.79,CATALOG_REFERENCE,https://www.beglobalpro.org/cursos/contenido/fd7650bd-5c54-43ae-bc5c-554ac1731f97/1047
Facebook e Instagram Ads,1048,Creación y gestión de públicos personalizados por origen de base de datos externa,Publicidad y experimentos,"Podría orientar revisión de procedencia y consentimiento de bases externas antes de proponer públicos, sin cargar datos.",INFERRED,0.79,CATALOG_REFERENCE,https://www.beglobalpro.org/cursos/contenido/fd7650bd-5c54-43ae-bc5c-554ac1731f97/1048
Facebook e Instagram Ads,1049,Uso de audiencias similares (Lookalike Audiences),Publicidad y experimentos,"Podría ayudar a formular una hipótesis de audiencia similar y requisitos de evidencia, sin garantizar rendimiento ni disponibilidad.",INFERRED,0.78,CATALOG_REFERENCE,https://www.beglobalpro.org/cursos/contenido/fd7650bd-5c54-43ae-bc5c-554ac1731f97/1049
Facebook e Instagram Ads,1022,KPIs clave en campañas de Facebook e Instagram,Medición y diagnóstico,"Podría apoyar una tabla de indicadores vinculados a objetivos publicitarios, pendiente de conocer definiciones exactas del material.",INFERRED,0.8,CATALOG_REFERENCE,https://www.beglobalpro.org/cursos/contenido/fd7650bd-5c54-43ae-bc5c-554ac1731f97/1022
Facebook e Instagram Ads,1023,Establecimiento de objetivos,Medición y diagnóstico,"Podría orientar un objetivo observable de campaña con plazo y evidencia, sin asumir metas numéricas desde el índice.",INFERRED,0.74,CATALOG_REFERENCE,https://www.beglobalpro.org/cursos/contenido/fd7650bd-5c54-43ae-bc5c-554ac1731f97/1023
Facebook e Instagram Ads,1024,Relación entre objetivos y tipos de campañas,Publicidad y experimentos,Podría apoyar una correspondencia entre objetivo del negocio y tipo de campaña propuesto para revisión antes de invertir.,INFERRED,0.79,CATALOG_REFERENCE,https://www.beglobalpro.org/cursos/contenido/fd7650bd-5c54-43ae-bc5c-554ac1731f97/1024
Facebook e Instagram Ads,1025,Definición de presupuesto con base en objetivos para clientes potenciales,Costos y rentabilidad,"Podría preparar escenarios de presupuesto para captación con supuestos explícitos, sin comprometer gasto ni garantizar costo por prospecto.",INFERRED,0.79,CATALOG_REFERENCE,https://www.beglobalpro.org/cursos/contenido/fd7650bd-5c54-43ae-bc5c-554ac1731f97/1025
Facebook e Instagram Ads,1026,Definición de presupuesto con base en objetivos para ecommerce,Costos y rentabilidad,"Podría orientar estimaciones de inversión ecommerce usando costos y objetivos del miembro, con validación humana antes de gastar.",INFERRED,0.79,CATALOG_REFERENCE,https://www.beglobalpro.org/cursos/contenido/fd7650bd-5c54-43ae-bc5c-554ac1731f97/1026
Facebook e Instagram Ads,1033,Configuración del administrador comercial y sus activos,Publicidad y experimentos,"Podría apoyar un checklist de activos y responsables del administrador comercial, sin solicitar credenciales ni modificar permisos.",INFERRED,0.77,CATALOG_REFERENCE,https://www.beglobalpro.org/cursos/contenido/fd7650bd-5c54-43ae-bc5c-554ac1731f97/1033
Facebook e Instagram Ads,1034,Función del Píxel de Meta,Medición y diagnóstico,"Podría orientar preguntas sobre el papel del píxel en medición, verificando qué eventos existen en evidencia aportada.",INFERRED,0.79,CATALOG_REFERENCE,https://www.beglobalpro.org/cursos/contenido/fd7650bd-5c54-43ae-bc5c-554ac1731f97/1034
Facebook e Instagram Ads,1035,Configuración e Instalación del Píxel de Meta,Medición y diagnóstico,"Podría preparar un checklist de instalación y comprobación del píxel para el responsable técnico, sin implementarlo automáticamente.",INFERRED,0.79,CATALOG_REFERENCE,https://www.beglobalpro.org/cursos/contenido/fd7650bd-5c54-43ae-bc5c-554ac1731f97/1035
Facebook e Instagram Ads,1036,Visión general del Administrador de Anuncios de Facebook,Publicidad y experimentos,"Podría orientar al miembro sobre qué capturas necesita aportar del administrador, sujeto a cambios de interfaz.",INFERRED,0.74,CATALOG_REFERENCE,https://www.beglobalpro.org/cursos/contenido/fd7650bd-5c54-43ae-bc5c-554ac1731f97/1036
Facebook e Instagram Ads,1037,"Estructura de campaña: campañas, conjuntos de anuncios y anuncios",Publicidad y experimentos,"Podría apoyar un esquema jerárquico de campaña, conjuntos y anuncios para ordenar el brief y diagnosticar confusiones.",INFERRED,0.8,CATALOG_REFERENCE,https://www.beglobalpro.org/cursos/contenido/fd7650bd-5c54-43ae-bc5c-554ac1731f97/1037
Facebook e Instagram Ads,1038,Navegación y configuraciones básicas,Publicidad y experimentos,"Podría orientar una revisión básica del administrador según la sección, aunque el título no enumera ajustes concretos.",INFERRED,0.68,CATALOG_REFERENCE,https://www.beglobalpro.org/cursos/contenido/fd7650bd-5c54-43ae-bc5c-554ac1731f97/1038
Facebook e Instagram Ads,1039,Configuración de presupuestos y pujas,Costos y rentabilidad,"Podría apoyar preguntas sobre presupuesto y puja antes de invertir, sin establecer importes ni operar controles de gasto.",INFERRED,0.77,CATALOG_REFERENCE,https://www.beglobalpro.org/cursos/contenido/fd7650bd-5c54-43ae-bc5c-554ac1731f97/1039
Facebook e Instagram Ads,1040,Estrategia básica de una campaña de testeo,Publicidad y experimentos,"Podría orientar un experimento publicitario inicial con hipótesis y criterio de revisión, sin asegurar resultados de testeo.",INFERRED,0.79,CATALOG_REFERENCE,https://www.beglobalpro.org/cursos/contenido/fd7650bd-5c54-43ae-bc5c-554ac1731f97/1040
Facebook e Instagram Ads,1041,Creación de campañas de retargeting,Publicidad y experimentos,"Podría apoyar un borrador de retargeting con audiencias y mensajes pertinentes, sujeto a consentimiento y revisión de políticas.",INFERRED,0.79,CATALOG_REFERENCE,https://www.beglobalpro.org/cursos/contenido/fd7650bd-5c54-43ae-bc5c-554ac1731f97/1041
Facebook e Instagram Ads,1050,Aprende a leer las métricas en el administrador de anuncios,Medición y diagnóstico,"Podría ayudar a solicitar e interpretar capturas de métricas, distinguiendo datos observados de explicaciones todavía hipotéticas.",INFERRED,0.8,CATALOG_REFERENCE,https://www.beglobalpro.org/cursos/contenido/fd7650bd-5c54-43ae-bc5c-554ac1731f97/1050
Facebook e Instagram Ads,1051,Métricas personalizadas,Medición y diagnóstico,"Podría orientar el diseño de indicadores personalizados para una pregunta comercial, sin inventar fórmulas atribuidas al curso.",INFERRED,0.77,CATALOG_REFERENCE,https://www.beglobalpro.org/cursos/contenido/fd7650bd-5c54-43ae-bc5c-554ac1731f97/1051
Facebook e Instagram Ads,1052,Uso de reportes de rendimiento,Medición y diagnóstico,Podría apoyar una revisión periódica de reportes de campaña para identificar preguntas y evidencia faltante antes de decidir.,INFERRED,0.79,CATALOG_REFERENCE,https://www.beglobalpro.org/cursos/contenido/fd7650bd-5c54-43ae-bc5c-554ac1731f97/1052
Facebook e Instagram Ads,1053,Técnicas para reducir costos y aumentar conversiones,Publicidad y experimentos,"Podría orientar hipótesis de mejora del costo y conversión, sin asegurar reducciones ni escalar inversión automáticamente.",INFERRED,0.76,CATALOG_REFERENCE,https://www.beglobalpro.org/cursos/contenido/fd7650bd-5c54-43ae-bc5c-554ac1731f97/1053
Facebook e Instagram Ads,1054,Optimización de creativos,Contenido y creatividad,Podría apoyar una revisión de variantes creativas basada en datos disponibles y cambios concretos del mensaje visual.,INFERRED,0.78,CATALOG_REFERENCE,https://www.beglobalpro.org/cursos/contenido/fd7650bd-5c54-43ae-bc5c-554ac1731f97/1054
Facebook e Instagram Ads,1055,Estrategias para escalar campañas,Publicidad y experimentos,"Podría preparar criterios y riesgos para evaluar expansión de campañas, manteniendo aprobación humana y límites de gasto.",INFERRED,0.77,CATALOG_REFERENCE,https://www.beglobalpro.org/cursos/contenido/fd7650bd-5c54-43ae-bc5c-554ac1731f97/1055
Facebook e Instagram Ads,1058,Conocimiento la herramienta,Automatización guiada,"El contexto Manychat podría orientar una exploración de interfaz, pero falta confirmar funciones específicas antes de diseñar un flujo.",INFERRED,0.62,CATALOG_REFERENCE,https://www.beglobalpro.org/cursos/contenido/fd7650bd-5c54-43ae-bc5c-554ac1731f97/1058
Facebook e Instagram Ads,1059,Lead Magnet con automatización,Automatización guiada,"Podría apoyar el borrador de entrega automatizada de un recurso solicitado, sin crear conexiones ni enviar mensajes.",INFERRED,0.79,CATALOG_REFERENCE,https://www.beglobalpro.org/cursos/contenido/fd7650bd-5c54-43ae-bc5c-554ac1731f97/1059
Facebook e Instagram Ads,1060,Secuencias automatizadas para captación de leads,Automatización guiada,"Podría orientar una secuencia de captación con disparadores y límites de contacto, pendiente de revisión humana antes de implementarse.",INFERRED,0.79,CATALOG_REFERENCE,https://www.beglobalpro.org/cursos/contenido/fd7650bd-5c54-43ae-bc5c-554ac1731f97/1060
Facebook e Instagram Ads,1042,Creación de formularios en el administrador de anuncios,Publicidad y experimentos,"Podría apoyar preguntas de formulario para captar prospectos relevantes, limitando datos personales y dejando publicación al responsable.",INFERRED,0.78,CATALOG_REFERENCE,https://www.beglobalpro.org/cursos/contenido/fd7650bd-5c54-43ae-bc5c-554ac1731f97/1042
Facebook e Instagram Ads,1043,Herramientas para crear Landing Pages,Tienda y catálogo,"Podría orientar la elección de una herramienta para preparar una página de captación, sin asumir costos ni funciones actuales.",INFERRED,0.75,CATALOG_REFERENCE,https://www.beglobalpro.org/cursos/contenido/fd7650bd-5c54-43ae-bc5c-554ac1731f97/1043
Facebook e Instagram Ads,1044,Estructura de Landing Page que convierta leads a clientes,Conversación y conversión,"Podría apoyar un esquema de página con mensaje, evidencia y siguiente paso, sin garantizar conversión de prospectos.",INFERRED,0.8,CATALOG_REFERENCE,https://www.beglobalpro.org/cursos/contenido/fd7650bd-5c54-43ae-bc5c-554ac1731f97/1044
Facebook e Instagram Ads,1056,"El papel de la automatización en la captación, conversión y retención de clientes",Automatización guiada,"Podría ayudar a mapear oportunidades de seguimiento automatizado a lo largo del cliente, sin delegar decisiones sensibles al flujo.",INFERRED,0.79,CATALOG_REFERENCE,https://www.beglobalpro.org/cursos/contenido/fd7650bd-5c54-43ae-bc5c-554ac1731f97/1056
Facebook e Instagram Ads,1057,Lead Nurturing y Lead Scoring,Conversación y conversión,"Podría orientar criterios de seguimiento y priorización de prospectos, dejando las puntuaciones como hipótesis sujetas a evidencia.",INFERRED,0.78,CATALOG_REFERENCE,https://www.beglobalpro.org/cursos/contenido/fd7650bd-5c54-43ae-bc5c-554ac1731f97/1057
Facebook e Instagram Ads,1061,Conocimiento la herramienta,Automatización guiada,"La sección Kommo podría orientar aprendizaje del CRM, pero el título no detalla capacidades ni configuraciones específicas.",INFERRED,0.62,CATALOG_REFERENCE,https://www.beglobalpro.org/cursos/contenido/fd7650bd-5c54-43ae-bc5c-554ac1731f97/1061
Facebook e Instagram Ads,1062,Automatizar el Seguimiento de Leads en Kommo,Automatización guiada,"Podría apoyar un diseño de seguimiento de prospectos en Kommo con aprobaciones, sin conectar cuentas ni contactar clientes.",INFERRED,0.8,CATALOG_REFERENCE,https://www.beglobalpro.org/cursos/contenido/fd7650bd-5c54-43ae-bc5c-554ac1731f97/1062
Facebook e Instagram Ads,1063,Asignar usuarios y tareas en kommo,Productividad y ejecución,"Podría orientar un borrador de responsabilidades y tareas de seguimiento, sin modificar usuarios ni permisos del CRM.",INFERRED,0.79,CATALOG_REFERENCE,https://www.beglobalpro.org/cursos/contenido/fd7650bd-5c54-43ae-bc5c-554ac1731f97/1063
Curso Profesional para Agentes de Viajes Digitales,1104,Introducción General,Orientación y ruta académica,Introducción general sin contenido específico; hace falta descripción para determinar una misión útil de especialización turística.,AMBIGUOUS,0.2,CATALOG_REFERENCE,https://www.beglobalpro.org/cursos/contenido/5b6ee96b-0c15-41a0-af28-8dc2563118fa/1104
Curso Profesional para Agentes de Viajes Digitales,1105,¿Por qué el turismo digital es una de las mejores oportunidades actuales?,Servicios y especialización,"Podría orientar preguntas para evaluar el turismo digital como servicio, sin asumir que siga siendo una oportunidad destacada.",INFERRED,0.7,CATALOG_REFERENCE,https://www.beglobalpro.org/cursos/contenido/5b6ee96b-0c15-41a0-af28-8dc2563118fa/1105
Curso Profesional para Agentes de Viajes Digitales,1106,Rompiendo creencias limitantes: no necesitas experiencia previa,Productividad y ejecución,"Podría apoyar la identificación de dudas al iniciar un servicio, sin afirmar que no se requiere preparación profesional.",INFERRED,0.65,CATALOG_REFERENCE,https://www.beglobalpro.org/cursos/contenido/5b6ee96b-0c15-41a0-af28-8dc2563118fa/1106
Curso Profesional para Agentes de Viajes Digitales,1107,¿Cómo funciona el modelo de ingresos de un agente de viajes?,Costos y rentabilidad,Podría orientar un esquema de fuentes de ingreso y costos del agente de viajes con supuestos aún por validar.,INFERRED,0.79,CATALOG_REFERENCE,https://www.beglobalpro.org/cursos/contenido/5b6ee96b-0c15-41a0-af28-8dc2563118fa/1107
Curso Profesional para Agentes de Viajes Digitales,1108,Nichos rentables en el turismo digital: conecta con quien realmente te necesita,Servicios y especialización,"Podría ayudar a comparar nichos turísticos según necesidades del cliente, sin presumir rentabilidad ni demanda asegurada.",INFERRED,0.77,CATALOG_REFERENCE,https://www.beglobalpro.org/cursos/contenido/5b6ee96b-0c15-41a0-af28-8dc2563118fa/1108
Curso Profesional para Agentes de Viajes Digitales,1109,"Mentalidad de venta de experiencias, no de boletos",Conversación y conversión,"Podría orientar mensajes centrados en necesidades y experiencia del viajero, verificando las características reales de cada oferta.",INFERRED,0.75,CATALOG_REFERENCE,https://www.beglobalpro.org/cursos/contenido/5b6ee96b-0c15-41a0-af28-8dc2563118fa/1109
Curso Profesional para Agentes de Viajes Digitales,1117,Introducción,Orientación y ruta académica,Introducción del módulo de marca sin objetivo propio; falta contenido para recomendar un entregable concreto de esta lección.,AMBIGUOUS,0.2,CATALOG_REFERENCE,https://www.beglobalpro.org/cursos/contenido/5b6ee96b-0c15-41a0-af28-8dc2563118fa/1117
Curso Profesional para Agentes de Viajes Digitales,1118,Cómo construir tu marca desde cero (aunque no hayas viajado mucho),Marca y propuesta de valor,Podría apoyar un brief de identidad para el servicio turístico basado en experiencia real y diferenciación honesta.,INFERRED,0.78,CATALOG_REFERENCE,https://www.beglobalpro.org/cursos/contenido/5b6ee96b-0c15-41a0-af28-8dc2563118fa/1118
Curso Profesional para Agentes de Viajes Digitales,1119,Qué publicar para que confíen en ti como agente,Contenido y creatividad,"Podría orientar ideas de publicaciones que acrediten información y confianza, sin fabricar viajes realizados ni testimonios.",INFERRED,0.78,CATALOG_REFERENCE,https://www.beglobalpro.org/cursos/contenido/5b6ee96b-0c15-41a0-af28-8dc2563118fa/1119
Curso Profesional para Agentes de Viajes Digitales,1120,"Tu perfil en redes: bio, imagen, contenido clave",Marca y propuesta de valor,Podría ayudar a preparar biografía y presentación social coherentes con el alcance real del servicio turístico.,INFERRED,0.79,CATALOG_REFERENCE,https://www.beglobalpro.org/cursos/contenido/5b6ee96b-0c15-41a0-af28-8dc2563118fa/1120
Curso Profesional para Agentes de Viajes Digitales,1121,Cómo crear confianza sin parecer vendedor,Conversación y conversión,"Podría apoyar respuestas transparentes y útiles para generar confianza, sin ocultar la intención comercial de la conversación.",INFERRED,0.72,CATALOG_REFERENCE,https://www.beglobalpro.org/cursos/contenido/5b6ee96b-0c15-41a0-af28-8dc2563118fa/1121
Curso Profesional para Agentes de Viajes Digitales,1122,Estrategia de contenido mensual (calendario editable incluido),Contenido y creatividad,Podría orientar un calendario de publicaciones turísticas; la mención de editable no confirma un archivo disponible para descargar.,INFERRED,0.8,CATALOG_REFERENCE,https://www.beglobalpro.org/cursos/contenido/5b6ee96b-0c15-41a0-af28-8dc2563118fa/1122
Curso Profesional para Agentes de Viajes Digitales,1129,Como crear itinerarios irresistibles y personalizados,Servicios y especialización,"Podría apoyar un borrador de itinerario según preferencias del viajero, pendiente de verificar horarios, disponibilidad y restricciones actuales.",INFERRED,0.79,CATALOG_REFERENCE,https://www.beglobalpro.org/cursos/contenido/5b6ee96b-0c15-41a0-af28-8dc2563118fa/1129
Curso Profesional para Agentes de Viajes Digitales,1130,"Ejemplos de itinerarios para parques temáticos, tours o viajes largos",Servicios y especialización,"Podría orientar la comparación de estructuras de itinerario por tipo de viaje, sin reutilizar ejemplos no consultados.",INFERRED,0.78,CATALOG_REFERENCE,https://www.beglobalpro.org/cursos/contenido/5b6ee96b-0c15-41a0-af28-8dc2563118fa/1130
Curso Profesional para Agentes de Viajes Digitales,1131,Herramientas digitales para hacer itinerarios atractivos,Servicios y especialización,"Podría apoyar criterios para presentar un itinerario claro mediante herramientas digitales, sin atribuir funciones actuales a aplicaciones no identificadas.",INFERRED,0.76,CATALOG_REFERENCE,https://www.beglobalpro.org/cursos/contenido/5b6ee96b-0c15-41a0-af28-8dc2563118fa/1131
Curso Profesional para Agentes de Viajes Digitales,1132,Como dar seguimiento al clientes antes y durante el viaje,Atención y posventa,"Podría orientar un plan de comunicación previa y durante el viaje, escalando incidentes al responsable del servicio.",INFERRED,0.8,CATALOG_REFERENCE,https://www.beglobalpro.org/cursos/contenido/5b6ee96b-0c15-41a0-af28-8dc2563118fa/1132
Curso Profesional para Agentes de Viajes Digitales,1133,Plantillas descargables editables,Servicios y especialización,El módulo sugiere referencias editables para itinerarios; habría que verificar contenido y acceso antes de recomendarlas como recurso disponible.,INFERRED,0.67,CATALOG_REFERENCE,https://www.beglobalpro.org/cursos/contenido/5b6ee96b-0c15-41a0-af28-8dc2563118fa/1133
Curso Profesional para Agentes de Viajes Digitales,1134,Conclusión,Orientación y ruta académica,Cierre del módulo de itinerarios sin objetivo específico; no permite atribuir una práctica ni plantilla adicional.,AMBIGUOUS,0.18,CATALOG_REFERENCE,https://www.beglobalpro.org/cursos/contenido/5b6ee96b-0c15-41a0-af28-8dc2563118fa/1134
Curso Profesional para Agentes de Viajes Digitales,1135,Cómo atraer tus primeros 10 clientes con 0 inversión,Conversación y conversión,"Podría orientar hipótesis de captación orgánica inicial, sin prometer diez clientes ni ausencia real de costos.",INFERRED,0.72,CATALOG_REFERENCE,https://www.beglobalpro.org/cursos/contenido/5b6ee96b-0c15-41a0-af28-8dc2563118fa/1135
Curso Profesional para Agentes de Viajes Digitales,1136,Estrategias de prospección por WhatsApp e Instagram,Conversación y conversión,"Podría apoyar borradores de prospección en WhatsApp e Instagram con contacto consentido, sin enviar mensajes a terceros.",INFERRED,0.79,CATALOG_REFERENCE,https://www.beglobalpro.org/cursos/contenido/5b6ee96b-0c15-41a0-af28-8dc2563118fa/1136
Curso Profesional para Agentes de Viajes Digitales,1137,Técnicas de cierre emocional y manejo de objeciones,Conversación y conversión,"Podría orientar respuestas a objeciones turísticas y revisión del cierre, manteniendo transparencia y evitando presión emocional.",INFERRED,0.78,CATALOG_REFERENCE,https://www.beglobalpro.org/cursos/contenido/5b6ee96b-0c15-41a0-af28-8dc2563118fa/1137
Curso Profesional para Agentes de Viajes Digitales,1138,Cómo evitar clientes “preguntones” que no compran,Conversación y conversión,"Podría apoyar criterios respetuosos de calificación de consultas, sin etiquetar personas ni negar atención por supuestos de compra.",INFERRED,0.71,CATALOG_REFERENCE,https://www.beglobalpro.org/cursos/contenido/5b6ee96b-0c15-41a0-af28-8dc2563118fa/1138
Curso Profesional para Agentes de Viajes Digitales,1139,Guiones de mensajes para responder rápido y con autoridad,Atención y posventa,"Podría orientar borradores de respuesta rápida con información verificable, sin atribuir autoridad o condiciones comerciales inexistentes.",INFERRED,0.79,CATALOG_REFERENCE,https://www.beglobalpro.org/cursos/contenido/5b6ee96b-0c15-41a0-af28-8dc2563118fa/1139
Curso Profesional para Agentes de Viajes Digitales,1145,Introducción,Orientación y ruta académica,Introducción del módulo publicitario sin tema propio explícito; requiere consulta para asignar una tarea concreta al agente.,AMBIGUOUS,0.2,CATALOG_REFERENCE,https://www.beglobalpro.org/cursos/contenido/5b6ee96b-0c15-41a0-af28-8dc2563118fa/1145
Curso Profesional para Agentes de Viajes Digitales,1140,Cómo usar Instagram y Facebook Ads sin ser experta,Publicidad y experimentos,"Podría apoyar un brief inicial de anuncios para servicios turísticos, sujeto a revisión de oferta y presupuesto.",INFERRED,0.77,CATALOG_REFERENCE,https://www.beglobalpro.org/cursos/contenido/5b6ee96b-0c15-41a0-af28-8dc2563118fa/1140
Curso Profesional para Agentes de Viajes Digitales,1141,Paso a paso: campaña para conseguir leads viajeros,Publicidad y experimentos,"Podría orientar un plan de campaña para captar consultas de viajeros, sin publicar anuncios ni garantizar prospectos.",INFERRED,0.8,CATALOG_REFERENCE,https://www.beglobalpro.org/cursos/contenido/5b6ee96b-0c15-41a0-af28-8dc2563118fa/1141
Curso Profesional para Agentes de Viajes Digitales,1142,Cómo crear formularios que califican prospectos,Conversación y conversión,"Podría ayudar a preparar preguntas mínimas para conocer intención de viaje, evitando recopilar documentos o datos sensibles.",INFERRED,0.79,CATALOG_REFERENCE,https://www.beglobalpro.org/cursos/contenido/5b6ee96b-0c15-41a0-af28-8dc2563118fa/1142
Curso Profesional para Agentes de Viajes Digitales,1143,Embudo simple: historia → anuncio → mensaje → venta,Conversación y conversión,"Podría apoyar un mapa entre contenido, anuncio, conversación y compra para localizar fricciones del servicio turístico.",INFERRED,0.8,CATALOG_REFERENCE,https://www.beglobalpro.org/cursos/contenido/5b6ee96b-0c15-41a0-af28-8dc2563118fa/1143
Curso Profesional para Agentes de Viajes Digitales,1144,Presupuestos sugeridos para empezar desde $100 pesos diarios,Costos y rentabilidad,Podría orientar escenarios de gasto publicitario; la cifra del título no constituye recomendación actual ni presupuesto suficiente garantizado.,INFERRED,0.76,CATALOG_REFERENCE,https://www.beglobalpro.org/cursos/contenido/5b6ee96b-0c15-41a0-af28-8dc2563118fa/1144
Curso Profesional para Agentes de Viajes Digitales,1146,Introducción,Orientación y ruta académica,Introducción a operación y automatización sin contenido delimitado; no permite atribuir herramientas ni procedimientos concretos a la sesión.,AMBIGUOUS,0.2,CATALOG_REFERENCE,https://www.beglobalpro.org/cursos/contenido/5b6ee96b-0c15-41a0-af28-8dc2563118fa/1146
Curso Profesional para Agentes de Viajes Digitales,1147,Cómo organizar tu semana como agente digital,Productividad y ejecución,"Podría ayudar a ordenar una semana de cotizaciones y seguimiento según tiempo disponible, con compromisos revisables del miembro.",INFERRED,0.8,CATALOG_REFERENCE,https://www.beglobalpro.org/cursos/contenido/5b6ee96b-0c15-41a0-af28-8dc2563118fa/1147
Curso Profesional para Agentes de Viajes Digitales,1148,"Herramientas gratuitas para tener control total (CRM, seguimiento, recordatorios)",Automatización guiada,Podría orientar un esquema de CRM y recordatorios; la gratuidad y capacidad actual de herramientas requieren verificación.,INFERRED,0.76,CATALOG_REFERENCE,https://www.beglobalpro.org/cursos/contenido/5b6ee96b-0c15-41a0-af28-8dc2563118fa/1148
Curso Profesional para Agentes de Viajes Digitales,1149,"Gestión de pagos, contratos, políticas de cancelación",Revisión legal y fiscal,"Podría apoyar una lista de políticas, documentos y dudas contractuales para revisión profesional, sin resolver pagos ni cancelaciones.",INFERRED,0.8,CATALOG_REFERENCE,https://www.beglobalpro.org/cursos/contenido/5b6ee96b-0c15-41a0-af28-8dc2563118fa/1149
Curso Profesional para Agentes de Viajes Digitales,1150,Cómo automatizar seguimiento con clientes antes y después del viaje,Automatización guiada,"Podría orientar un flujo propuesto de seguimiento antes y después del viaje, con consentimiento y aprobación de mensajes.",INFERRED,0.8,CATALOG_REFERENCE,https://www.beglobalpro.org/cursos/contenido/5b6ee96b-0c15-41a0-af28-8dc2563118fa/1150
Curso Profesional para Agentes de Viajes Digitales,1151,Apps recomendadas para trabajar desde tu celular,Productividad y ejecución,"Podría apoyar criterios para organizar trabajo móvil del agente, sin asumir aplicaciones disponibles ni prestaciones no identificadas.",INFERRED,0.72,CATALOG_REFERENCE,https://www.beglobalpro.org/cursos/contenido/5b6ee96b-0c15-41a0-af28-8dc2563118fa/1151
Curso Profesional para Agentes de Viajes Digitales,1124,Como estructurar cotizaciones que se vean profesionales y convenzan,Servicios y especialización,"Podría orientar una estructura clara de cotización turística con inclusiones verificadas, límites y condiciones pendientes de aprobación.",INFERRED,0.79,CATALOG_REFERENCE,https://www.beglobalpro.org/cursos/contenido/5b6ee96b-0c15-41a0-af28-8dc2563118fa/1124
Curso Profesional para Agentes de Viajes Digitales,1125,"Plantillas de cotización por tipo de viaje (Disney, Universal, Europa, etc.)",Servicios y especialización,"Podría ubicar referencias de cotización por destino; no confirma plantillas descargadas ni precios actuales de Disney, Universal o Europa.",INFERRED,0.78,CATALOG_REFERENCE,https://www.beglobalpro.org/cursos/contenido/5b6ee96b-0c15-41a0-af28-8dc2563118fa/1125
Curso Profesional para Agentes de Viajes Digitales,1126,Como presentar precios sin que el cliente se espante,Conversación y conversión,"Podría ayudar a explicar precio e inclusiones con claridad, sin ocultar costos ni presionar al viajero.",INFERRED,0.77,CATALOG_REFERENCE,https://www.beglobalpro.org/cursos/contenido/5b6ee96b-0c15-41a0-af28-8dc2563118fa/1126
Curso Profesional para Agentes de Viajes Digitales,1127,Apps y herramientas para cotizar fácil,Servicios y especialización,"Podría orientar criterios de elección de herramientas de cotización, sin asumir acceso ni automatizar presupuestos reales.",INFERRED,0.73,CATALOG_REFERENCE,https://www.beglobalpro.org/cursos/contenido/5b6ee96b-0c15-41a0-af28-8dc2563118fa/1127
Curso Profesional para Agentes de Viajes Digitales,1128,Como usar Canva o Word para que tus cotizaciones vendan solas,Contenido y creatividad,"Podría apoyar un borrador visual de cotización en Canva o Word, sin prometer que su presentación genere ventas.",INFERRED,0.79,CATALOG_REFERENCE,https://www.beglobalpro.org/cursos/contenido/5b6ee96b-0c15-41a0-af28-8dc2563118fa/1128
Curso Profesional para Agentes de Viajes Digitales,1152,Conclusión,Orientación y ruta académica,Conclusión final del curso sin contenido temático propio; se requiere lectura para conocer recomendaciones o recursos de cierre.,AMBIGUOUS,0.17,CATALOG_REFERENCE,https://www.beglobalpro.org/cursos/contenido/5b6ee96b-0c15-41a0-af28-8dc2563118fa/1152
Email Marketing: Aprende a recuperar ventas con tu correo,1315,Presentación,Orientación y ruta académica,Presentación sin tema delimitado; requiere descripción antes de asociarla con una misión concreta de correo comercial.,AMBIGUOUS,0.18,CATALOG_REFERENCE,https://www.beglobalpro.org/cursos/contenido/64956864-6cbe-47ca-a2c5-5f67831b1bc1/1315
Email Marketing: Aprende a recuperar ventas con tu correo,1316,Que es el email marketing y como funciona en un entorno Ecommerce,Conversación y conversión,"Podría orientar al miembro sobre cómo considerar el correo en su recorrido comercial, sin atribuir procesos exactos al curso.",INFERRED,0.78,CATALOG_REFERENCE,https://www.beglobalpro.org/cursos/contenido/64956864-6cbe-47ca-a2c5-5f67831b1bc1/1316
Email Marketing: Aprende a recuperar ventas con tu correo,1317,Importancia del email marketing dentro del embudo de ventas digital,Conversación y conversión,Podría apoyar un mapa del papel del correo entre captación y compra para identificar necesidades de seguimiento.,INFERRED,0.79,CATALOG_REFERENCE,https://www.beglobalpro.org/cursos/contenido/64956864-6cbe-47ca-a2c5-5f67831b1bc1/1317
Email Marketing: Aprende a recuperar ventas con tu correo,1318,Como el email marketing aumenta la rentabilidad frente a los ADS.,Costos y rentabilidad,"Podría orientar una comparación de costos y resultados entre correo y anuncios, sin asumir superioridad económica del email.",INFERRED,0.74,CATALOG_REFERENCE,https://www.beglobalpro.org/cursos/contenido/64956864-6cbe-47ca-a2c5-5f67831b1bc1/1318
Email Marketing: Aprende a recuperar ventas con tu correo,1319,Ejemplos reales en shopify,Conversación y conversión,El contexto sugiere casos de correo en Shopify; falta conocerlos para derivar tácticas o verificar resultados comerciales.,INFERRED,0.64,CATALOG_REFERENCE,https://www.beglobalpro.org/cursos/contenido/64956864-6cbe-47ca-a2c5-5f67831b1bc1/1319
Email Marketing: Aprende a recuperar ventas con tu correo,1321,Crear cuenta en Klaviyo,Automatización guiada,"Podría apoyar un checklist de preparación para Klaviyo, dejando apertura de cuenta y credenciales bajo control del miembro.",INFERRED,0.78,CATALOG_REFERENCE,https://www.beglobalpro.org/cursos/contenido/64956864-6cbe-47ca-a2c5-5f67831b1bc1/1321
Email Marketing: Aprende a recuperar ventas con tu correo,1322,Integración paso a paso con shopify,Automatización guiada,"Podría orientar requisitos para una integración Klaviyo y Shopify, sin conectar plataformas ni acceder a información de clientes.",INFERRED,0.79,CATALOG_REFERENCE,https://www.beglobalpro.org/cursos/contenido/64956864-6cbe-47ca-a2c5-5f67831b1bc1/1322
Email Marketing: Aprende a recuperar ventas con tu correo,1323,Introducción a la interfaz y testeo de eventos,Medición y diagnóstico,"Podría apoyar una lista de comprobación de eventos de correo y tienda, basada en capturas proporcionadas por el miembro.",INFERRED,0.77,CATALOG_REFERENCE,https://www.beglobalpro.org/cursos/contenido/64956864-6cbe-47ca-a2c5-5f67831b1bc1/1323
Email Marketing: Aprende a recuperar ventas con tu correo,1361,Configuración del dominio y autenticación DMARC,Automatización guiada,"Podría preparar preguntas de autenticación DMARC para el responsable técnico, sin modificar DNS ni solicitar secretos del dominio.",INFERRED,0.8,CATALOG_REFERENCE,https://www.beglobalpro.org/cursos/contenido/64956864-6cbe-47ca-a2c5-5f67831b1bc1/1361
Email Marketing: Aprende a recuperar ventas con tu correo,1331,Que son los flows y como funcionan,Automatización guiada,Podría orientar un primer mapa de flujo de correo con desencadenantes y salidas pendientes de validación humana.,INFERRED,0.78,CATALOG_REFERENCE,https://www.beglobalpro.org/cursos/contenido/64956864-6cbe-47ca-a2c5-5f67831b1bc1/1331
Email Marketing: Aprende a recuperar ventas con tu correo,1332,Diferencias entre el flows y campañas,Automatización guiada,Podría ayudar a distinguir secuencias automáticas de campañas puntuales al preparar un calendario de comunicación del negocio.,INFERRED,0.79,CATALOG_REFERENCE,https://www.beglobalpro.org/cursos/contenido/64956864-6cbe-47ca-a2c5-5f67831b1bc1/1332
Email Marketing: Aprende a recuperar ventas con tu correo,1333,Welcome Series (Nuevo suscriptor),Automatización guiada,"Podría apoyar un borrador de bienvenida para suscriptores con consentimiento, sin activar envíos ni inventar beneficios de registro.",INFERRED,0.8,CATALOG_REFERENCE,https://www.beglobalpro.org/cursos/contenido/64956864-6cbe-47ca-a2c5-5f67831b1bc1/1333
Email Marketing: Aprende a recuperar ventas con tu correo,1334,Abandoned cart y abandoned checkout (Carrito abandonado y proceso de pago abandonado),Automatización guiada,"Podría orientar secuencias propuestas para carrito y pago abandonados, verificando permiso de contacto y condiciones reales de compra.",INFERRED,0.8,CATALOG_REFERENCE,https://www.beglobalpro.org/cursos/contenido/64956864-6cbe-47ca-a2c5-5f67831b1bc1/1334
Email Marketing: Aprende a recuperar ventas con tu correo,1335,Browse Abandonment (Visitas sin compra),Automatización guiada,"Podría apoyar un flujo hipotético de seguimiento a visitas sin compra, sujeto a consentimiento y evidencia de navegación disponible.",INFERRED,0.79,CATALOG_REFERENCE,https://www.beglobalpro.org/cursos/contenido/64956864-6cbe-47ca-a2c5-5f67831b1bc1/1335
Email Marketing: Aprende a recuperar ventas con tu correo,1336,Thank You Flow (Agradecimiento y Upsell),Conversación y conversión,"Podría orientar un mensaje de agradecimiento y propuesta complementaria pertinente, evitando afirmar compras o recomendaciones no verificadas.",INFERRED,0.79,CATALOG_REFERENCE,https://www.beglobalpro.org/cursos/contenido/64956864-6cbe-47ca-a2c5-5f67831b1bc1/1336
Email Marketing: Aprende a recuperar ventas con tu correo,1337,"Buenas prácticas: frecuencia, tono, segmentación y tiempos",Automatización guiada,"Podría apoyar criterios de cadencia, tono y segmentación para revisar fatiga de contacto antes de aprobar una secuencia.",INFERRED,0.78,CATALOG_REFERENCE,https://www.beglobalpro.org/cursos/contenido/64956864-6cbe-47ca-a2c5-5f67831b1bc1/1337
Email Marketing: Aprende a recuperar ventas con tu correo,1339,"Estructura de un email efectivo (Asunto, cuerpo, CTA, firma)",Contenido y creatividad,"Podría orientar un borrador de correo con asunto, cuerpo, llamada y firma coherentes con un objetivo comercial verificable.",INFERRED,0.8,CATALOG_REFERENCE,https://www.beglobalpro.org/cursos/contenido/64956864-6cbe-47ca-a2c5-5f67831b1bc1/1339
Email Marketing: Aprende a recuperar ventas con tu correo,1340,Principios de Copywriting para email marketing,Contenido y creatividad,"Podría apoyar variantes de texto comercial por correo, manteniendo claridad y evitando beneficios o urgencias inventadas.",INFERRED,0.78,CATALOG_REFERENCE,https://www.beglobalpro.org/cursos/contenido/64956864-6cbe-47ca-a2c5-5f67831b1bc1/1340
Email Marketing: Aprende a recuperar ventas con tu correo,1341,Uso de plantillas prediseñadas en Klaviyo,Contenido y creatividad,Podría orientar adaptación de diseños de Klaviyo; el título no confirma archivos propios descargables ni disponibilidad de todas las plantillas.,INFERRED,0.78,CATALOG_REFERENCE,https://www.beglobalpro.org/cursos/contenido/64956864-6cbe-47ca-a2c5-5f67831b1bc1/1341
Email Marketing: Aprende a recuperar ventas con tu correo,1342,Como usar el editor drag-and-drop de Klaviyo,Contenido y creatividad,"Podría apoyar un esquema visual para montar un correo en el editor, sin operar la cuenta del miembro.",INFERRED,0.79,CATALOG_REFERENCE,https://www.beglobalpro.org/cursos/contenido/64956864-6cbe-47ca-a2c5-5f67831b1bc1/1342
Email Marketing: Aprende a recuperar ventas con tu correo,1343,Crear flujos de email en canva,Contenido y creatividad,"Podría orientar un borrador visual de secuencia de correos en Canva, sin asumir automatización efectiva de envíos desde esa herramienta.",INFERRED,0.76,CATALOG_REFERENCE,https://www.beglobalpro.org/cursos/contenido/64956864-6cbe-47ca-a2c5-5f67831b1bc1/1343
Email Marketing: Aprende a recuperar ventas con tu correo,1344,Crear flujos de Email en Figma,Contenido y creatividad,"Podría apoyar un prototipo de secuencia de correos en Figma para revisión, sin atribuir capacidades de envío al diseño.",INFERRED,0.76,CATALOG_REFERENCE,https://www.beglobalpro.org/cursos/contenido/64956864-6cbe-47ca-a2c5-5f67831b1bc1/1344
Email Marketing: Aprende a recuperar ventas con tu correo,1345,Entrega de Email,Orientación y ruta académica,Entrega de Email puede referirse al entregable o a distribución técnica; falta descripción para asignar una capacidad específica.,AMBIGUOUS,0.28,CATALOG_REFERENCE,https://www.beglobalpro.org/cursos/contenido/64956864-6cbe-47ca-a2c5-5f67831b1bc1/1345
Email Marketing: Aprende a recuperar ventas con tu correo,1346,Creación de una campaña y su programación,Automatización guiada,"Podría orientar un plan de preparación y programación de campaña, dejando revisión de audiencia y envío al responsable autorizado.",INFERRED,0.79,CATALOG_REFERENCE,https://www.beglobalpro.org/cursos/contenido/64956864-6cbe-47ca-a2c5-5f67831b1bc1/1346
Email Marketing: Aprende a recuperar ventas con tu correo,1347,Como definir el objetivo y el publico de cada envío.,Conversación y conversión,"Podría apoyar una ficha de objetivo y destinatarios por correo, usando segmentos verificables y sin inventar preferencias individuales.",INFERRED,0.8,CATALOG_REFERENCE,https://www.beglobalpro.org/cursos/contenido/64956864-6cbe-47ca-a2c5-5f67831b1bc1/1347
Email Marketing: Aprende a recuperar ventas con tu correo,1349,"Planificación mensual: fechas clave, temporadas y lanzamiento.",Contenido y creatividad,Podría orientar un calendario mensual de comunicaciones alineado con temporadas y lanzamientos reales del negocio del miembro.,INFERRED,0.8,CATALOG_REFERENCE,https://www.beglobalpro.org/cursos/contenido/64956864-6cbe-47ca-a2c5-5f67831b1bc1/1349
Email Marketing: Aprende a recuperar ventas con tu correo,1350,Como medir y optimizar resultados,Medición y diagnóstico,"Podría ayudar a preparar una revisión de resultados de correo con preguntas de mejora, sin afirmar causalidad desde métricas aisladas.",INFERRED,0.78,CATALOG_REFERENCE,https://www.beglobalpro.org/cursos/contenido/64956864-6cbe-47ca-a2c5-5f67831b1bc1/1350
Email Marketing: Aprende a recuperar ventas con tu correo,1351,Que es el marketing omnicanal y por que es el futuro,Conversación y conversión,"Podría orientar un mapa de continuidad entre canales comerciales, sin respaldar la predicción de futuro anunciada en el título.",INFERRED,0.73,CATALOG_REFERENCE,https://www.beglobalpro.org/cursos/contenido/64956864-6cbe-47ca-a2c5-5f67831b1bc1/1351
Email Marketing: Aprende a recuperar ventas con tu correo,1352,Integración de Email + SMS + WhatsApp,Automatización guiada,"Podría apoyar un diseño coordinado de correo, SMS y WhatsApp con consentimiento, sin conectar herramientas ni duplicar mensajes.",INFERRED,0.8,CATALOG_REFERENCE,https://www.beglobalpro.org/cursos/contenido/64956864-6cbe-47ca-a2c5-5f67831b1bc1/1352
Email Marketing: Aprende a recuperar ventas con tu correo,1353,Importancia y creación de los A/B test en Klaviyo,Medición y diagnóstico,"Podría orientar una prueba comparativa de correos con hipótesis y métrica previa, sin garantizar resultados ni configurar experimentos.",INFERRED,0.8,CATALOG_REFERENCE,https://www.beglobalpro.org/cursos/contenido/64956864-6cbe-47ca-a2c5-5f67831b1bc1/1353
Email Marketing: Aprende a recuperar ventas con tu correo,1354,"Automatización avanzada (productos recomendados, flujos condicionales)",Automatización guiada,"Podría apoyar un esquema condicional de recomendaciones con datos reales del catálogo, sujeto a revisión humana antes de implementarlo.",INFERRED,0.8,CATALOG_REFERENCE,https://www.beglobalpro.org/cursos/contenido/64956864-6cbe-47ca-a2c5-5f67831b1bc1/1354
Email Marketing: Aprende a recuperar ventas con tu correo,1355,Usar nuestra base de datos para Meta Ads,Publicidad y experimentos,"Podría orientar revisión de consentimiento y adecuación de una base para públicos publicitarios, sin exportar ni cargar datos personales.",INFERRED,0.78,CATALOG_REFERENCE,https://www.beglobalpro.org/cursos/contenido/64956864-6cbe-47ca-a2c5-5f67831b1bc1/1355
Email Marketing: Aprende a recuperar ventas con tu correo,1325,Diferencia entre listas y segmentos,Automatización guiada,Podría ayudar a distinguir agrupaciones estáticas y criterios de segmentación al preparar un plan de comunicación consentida.,INFERRED,0.79,CATALOG_REFERENCE,https://www.beglobalpro.org/cursos/contenido/64956864-6cbe-47ca-a2c5-5f67831b1bc1/1325
Email Marketing: Aprende a recuperar ventas con tu correo,1326,Captura de emails y newsletter,Conversación y conversión,"Podría orientar un borrador de invitación a newsletter con valor y consentimiento claros, sin recopilar correos automáticamente.",INFERRED,0.79,CATALOG_REFERENCE,https://www.beglobalpro.org/cursos/contenido/64956864-6cbe-47ca-a2c5-5f67831b1bc1/1326
Email Marketing: Aprende a recuperar ventas con tu correo,1327,Que son los pop-ups y como se usan estratégicamente,Conversación y conversión,"Podría apoyar un diagnóstico de captación mediante ventanas emergentes, equilibrando el objetivo comercial con la experiencia del visitante.",INFERRED,0.77,CATALOG_REFERENCE,https://www.beglobalpro.org/cursos/contenido/64956864-6cbe-47ca-a2c5-5f67831b1bc1/1327
Email Marketing: Aprende a recuperar ventas con tu correo,1328,Creación de Pop-Up Basico,Contenido y creatividad,"Podría orientar el texto y estructura de un formulario emergente sencillo, pendiente de revisión y publicación manual.",INFERRED,0.79,CATALOG_REFERENCE,https://www.beglobalpro.org/cursos/contenido/64956864-6cbe-47ca-a2c5-5f67831b1bc1/1328
Email Marketing: Aprende a recuperar ventas con tu correo,1329,Creación de Pop-Up Interactivo para medir la intensión del usuario,Medición y diagnóstico,"Podría apoyar preguntas de un formulario interactivo para explorar intención declarada, sin tratar respuestas como predicción segura de compra.",INFERRED,0.8,CATALOG_REFERENCE,https://www.beglobalpro.org/cursos/contenido/64956864-6cbe-47ca-a2c5-5f67831b1bc1/1329
Email Marketing: Aprende a recuperar ventas con tu correo,1330,Segmentación por comportamiento avanzada.,Automatización guiada,"Podría orientar reglas de segmentación conductual basadas en eventos autorizados, evitando perfilar personas con datos sensibles o no consentidos.",INFERRED,0.79,CATALOG_REFERENCE,https://www.beglobalpro.org/cursos/contenido/64956864-6cbe-47ca-a2c5-5f67831b1bc1/1330
"Importa desde China: Fácil, Seguro y Paso a Paso",1408,Bienvenida,Orientación y ruta académica,"Bienvenida sin contenido temático concreto; no permite derivar tareas de compra, requisitos ni recomendaciones de importación.",AMBIGUOUS,0.17,CATALOG_REFERENCE,https://www.beglobalpro.org/cursos/contenido/5bd01f98-d268-467a-919a-59d1d1d6be5c/1408
"Importa desde China: Fácil, Seguro y Paso a Paso",1409,Introducción,Orientación y ruta académica,Introducción sin objetivo específico descrito; se necesita lectura para conocer el alcance de esta primera sesión.,AMBIGUOUS,0.2,CATALOG_REFERENCE,https://www.beglobalpro.org/cursos/contenido/5bd01f98-d268-467a-919a-59d1d1d6be5c/1409
"Importa desde China: Fácil, Seguro y Paso a Paso",1410,Preparación antes de importar,Proveedores e importación,"Podría orientar una lista de preguntas y documentos previos a importar, que deberá revisar un profesional según la operación.",INFERRED,0.78,CATALOG_REFERENCE,https://www.beglobalpro.org/cursos/contenido/5bd01f98-d268-467a-919a-59d1d1d6be5c/1410
"Importa desde China: Fácil, Seguro y Paso a Paso",1411,Nichos de Oportunidad y Herramientas,Producto y validación,"Podría apoyar hipótesis de nichos y criterios de exploración, sin convertir oportunidad en evidencia de demanda o margen.",INFERRED,0.75,CATALOG_REFERENCE,https://www.beglobalpro.org/cursos/contenido/5bd01f98-d268-467a-919a-59d1d1d6be5c/1411
"Importa desde China: Fácil, Seguro y Paso a Paso",1412,"Herramientas Exclusivas: Ecomhunt, Alibaba, Amazon, Aliexpress",Producto y validación,"Podría orientar una comparación de herramientas para investigar productos, sin asumir exclusividad, acceso ni datos actuales disponibles.",INFERRED,0.76,CATALOG_REFERENCE,https://www.beglobalpro.org/cursos/contenido/5bd01f98-d268-467a-919a-59d1d1d6be5c/1412
"Importa desde China: Fácil, Seguro y Paso a Paso",1413,Crear cuenta en Alibaba,Proveedores e importación,"Podría ayudar a preparar información necesaria para explorar Alibaba, dejando registro, credenciales y decisiones de compra al miembro.",INFERRED,0.78,CATALOG_REFERENCE,https://www.beglobalpro.org/cursos/contenido/5bd01f98-d268-467a-919a-59d1d1d6be5c/1413
"Importa desde China: Fácil, Seguro y Paso a Paso",1427,Como funciona Alibaba,Proveedores e importación,"Podría orientar preguntas generales sobre interacción con Alibaba, sin afirmar políticas vigentes ni garantizar protección de una operación.",INFERRED,0.76,CATALOG_REFERENCE,https://www.beglobalpro.org/cursos/contenido/5bd01f98-d268-467a-919a-59d1d1d6be5c/1427
"Importa desde China: Fácil, Seguro y Paso a Paso",1428,Calculo de presupuesto,Costos y rentabilidad,Podría apoyar una estimación preliminar de compra internacional con supuestos explícitos y revisión humana antes de comprometer presupuesto.,INFERRED,0.77,CATALOG_REFERENCE,https://www.beglobalpro.org/cursos/contenido/5bd01f98-d268-467a-919a-59d1d1d6be5c/1428
"Importa desde China: Fácil, Seguro y Paso a Paso",1429,Costo de Envíos,Costos y rentabilidad,"Podría orientar una tabla de cotizaciones de envío para comparar costos, sin inventar tarifas ni condiciones logísticas actuales.",INFERRED,0.78,CATALOG_REFERENCE,https://www.beglobalpro.org/cursos/contenido/5bd01f98-d268-467a-919a-59d1d1d6be5c/1429
"Importa desde China: Fácil, Seguro y Paso a Paso",1430,Calculadora de aduana México,Revisión legal y fiscal,"Podría preparar datos y preguntas para validar una estimación aduanal mexicana con un profesional, sin calcular obligaciones definitivas.",INFERRED,0.79,CATALOG_REFERENCE,https://www.beglobalpro.org/cursos/contenido/5bd01f98-d268-467a-919a-59d1d1d6be5c/1430
"Importa desde China: Fácil, Seguro y Paso a Paso",1431,Búsqueda y Verificación de proveedores,Proveedores e importación,"Podría apoyar un checklist de evidencia y preguntas para comparar proveedores, sin certificar identidad ni fiabilidad comercial.",INFERRED,0.8,CATALOG_REFERENCE,https://www.beglobalpro.org/cursos/contenido/5bd01f98-d268-467a-919a-59d1d1d6be5c/1431
"Importa desde China: Fácil, Seguro y Paso a Paso",1432,Buscando productos en Alibaba,Producto y validación,"Podría orientar una tabla de candidatos encontrados en Alibaba con atributos a comprobar, sin recomendar compras basadas solo en listados.",INFERRED,0.79,CATALOG_REFERENCE,https://www.beglobalpro.org/cursos/contenido/5bd01f98-d268-467a-919a-59d1d1d6be5c/1432
"Importa desde China: Fácil, Seguro y Paso a Paso",1433,Verificación de proveedores,Proveedores e importación,"Podría ayudar a organizar comprobantes y dudas sobre un proveedor, manteniendo la decisión de confianza bajo revisión humana.",INFERRED,0.79,CATALOG_REFERENCE,https://www.beglobalpro.org/cursos/contenido/5bd01f98-d268-467a-919a-59d1d1d6be5c/1433
"Importa desde China: Fácil, Seguro y Paso a Paso",1434,Como contactar a proveedores,Proveedores e importación,"Podría apoyar un borrador de consulta al proveedor sobre especificaciones y condiciones, sin contactar terceros en nombre del miembro.",INFERRED,0.8,CATALOG_REFERENCE,https://www.beglobalpro.org/cursos/contenido/5bd01f98-d268-467a-919a-59d1d1d6be5c/1434
"Importa desde China: Fácil, Seguro y Paso a Paso",1435,Negociación con proveedores,Proveedores e importación,"Podría orientar una lista de puntos negociables y límites de compra, dejando negociación real y aceptación al responsable.",INFERRED,0.79,CATALOG_REFERENCE,https://www.beglobalpro.org/cursos/contenido/5bd01f98-d268-467a-919a-59d1d1d6be5c/1435
"Importa desde China: Fácil, Seguro y Paso a Paso",1436,Cumple con los Requisitos de Aduana antes de comprar,Revisión legal y fiscal,"Podría preparar preguntas de cumplimiento aduanal antes de comprar, con requisitos vigentes confirmados exclusivamente por un profesional competente.",INFERRED,0.8,CATALOG_REFERENCE,https://www.beglobalpro.org/cursos/contenido/5bd01f98-d268-467a-919a-59d1d1d6be5c/1436
"Importa desde China: Fácil, Seguro y Paso a Paso",1437,Identifica el tipo de Mercancía,Revisión legal y fiscal,"Podría orientar una ficha descriptiva de mercancía para revisión aduanal profesional, sin asignar clasificación legal definitiva.",INFERRED,0.77,CATALOG_REFERENCE,https://www.beglobalpro.org/cursos/contenido/5bd01f98-d268-467a-919a-59d1d1d6be5c/1437
"Importa desde China: Fácil, Seguro y Paso a Paso",1438,Tips para Evitar problemas en aduana,Revisión legal y fiscal,"Podría ayudar a recopilar riesgos y documentos para consultar al agente aduanal, sin garantizar ausencia de incidencias.",INFERRED,0.76,CATALOG_REFERENCE,https://www.beglobalpro.org/cursos/contenido/5bd01f98-d268-467a-919a-59d1d1d6be5c/1438
"Importa desde China: Fácil, Seguro y Paso a Paso",1439,Pago seguro y seguimiento,Proveedores e importación,"Podría orientar preguntas sobre comprobantes y seguimiento del pago, sin procesar transacciones ni avalar seguridad de proveedores.",INFERRED,0.76,CATALOG_REFERENCE,https://www.beglobalpro.org/cursos/contenido/5bd01f98-d268-467a-919a-59d1d1d6be5c/1439
"Importa desde China: Fácil, Seguro y Paso a Paso",1440,Como funciona el Proceso de pago con proveedor,Proveedores e importación,"Podría apoyar una revisión conceptual de pasos y evidencia de pago, sin pedir datos bancarios ni ejecutar operaciones.",INFERRED,0.78,CATALOG_REFERENCE,https://www.beglobalpro.org/cursos/contenido/5bd01f98-d268-467a-919a-59d1d1d6be5c/1440
"Importa desde China: Fácil, Seguro y Paso a Paso",1442,Reseña de negociación con el proveedor,Proveedores e importación,"Podría ubicar un ejemplo de negociación para preparar preguntas comparativas, sin atribuir acuerdos o resultados no observados.",INFERRED,0.73,CATALOG_REFERENCE,https://www.beglobalpro.org/cursos/contenido/5bd01f98-d268-467a-919a-59d1d1d6be5c/1442
"Importa desde China: Fácil, Seguro y Paso a Paso",1448,Ejemplo de como cerrar el trato de compra,Proveedores e importación,"Podría orientar un checklist de condiciones pendientes antes de aceptar una compra, dejando el compromiso al miembro autorizado.",INFERRED,0.77,CATALOG_REFERENCE,https://www.beglobalpro.org/cursos/contenido/5bd01f98-d268-467a-919a-59d1d1d6be5c/1448
"Importa desde China: Fácil, Seguro y Paso a Paso",1449,Análisis de los detalles del pedido en el link de pago,Proveedores e importación,"Podría apoyar una lista de datos del pedido a comprobar, sin abrir pagos ni aprobar importes en nombre del miembro.",INFERRED,0.8,CATALOG_REFERENCE,https://www.beglobalpro.org/cursos/contenido/5bd01f98-d268-467a-919a-59d1d1d6be5c/1449
"Importa desde China: Fácil, Seguro y Paso a Paso",1450,Para finalizar el proceso revisa tu Contrato de compra,Revisión legal y fiscal,"Podría orientar preguntas y documentos para revisar un contrato de compra con un profesional, sin emitir validez jurídica.",INFERRED,0.8,CATALOG_REFERENCE,https://www.beglobalpro.org/cursos/contenido/5bd01f98-d268-467a-919a-59d1d1d6be5c/1450
Chat Selling Pro: Convierte Conversaciones en Ventas,208,Introducción al curso,Orientación y ruta académica,Introducción del curso sin objetivo propio declarado; falta descripción para determinar qué tarea comercial concreta podría apoyar.,AMBIGUOUS,0.2,CATALOG_REFERENCE,https://www.beglobalpro.org/cursos/contenido/38f4db64-e808-4811-96fa-9ce418a2cb74/208
Chat Selling Pro: Convierte Conversaciones en Ventas,209,Puntos básicos,Orientación y ruta académica,Puntos básicos no identifica conceptos ni ejercicio; requiere contexto antes de asignar un aporte específico al agente.,AMBIGUOUS,0.24,CATALOG_REFERENCE,https://www.beglobalpro.org/cursos/contenido/38f4db64-e808-4811-96fa-9ce418a2cb74/209
Chat Selling Pro: Convierte Conversaciones en Ventas,210,Hack de persuación,Conversación y conversión,"Podría orientar la revisión de persuasión en una respuesta comercial, sin asumir técnica concreta ni respaldar manipulación.",INFERRED,0.65,CATALOG_REFERENCE,https://www.beglobalpro.org/cursos/contenido/38f4db64-e808-4811-96fa-9ce418a2cb74/210
Chat Selling Pro: Convierte Conversaciones en Ventas,211,Dirigete a tu audiencia,Conversación y conversión,"Podría ayudar a adaptar tono y ejemplos a necesidades declaradas de la audiencia, evitando inferencias personales injustificadas.",INFERRED,0.76,CATALOG_REFERENCE,https://www.beglobalpro.org/cursos/contenido/38f4db64-e808-4811-96fa-9ce418a2cb74/211
Chat Selling Pro: Convierte Conversaciones en Ventas,212,Resuelve sus problemas,Conversación y conversión,Podría apoyar preguntas sobre el problema del cliente y correspondencia con atributos reales de la oferta.,INFERRED,0.74,CATALOG_REFERENCE,https://www.beglobalpro.org/cursos/contenido/38f4db64-e808-4811-96fa-9ce418a2cb74/212
Chat Selling Pro: Convierte Conversaciones en Ventas,213,Precios decrecientes,Conversación y conversión,"Podría orientar una revisión de presentación de precios, sin inventar descuentos ni atribuir una estructura promocional no observada.",INFERRED,0.71,CATALOG_REFERENCE,https://www.beglobalpro.org/cursos/contenido/38f4db64-e808-4811-96fa-9ce418a2cb74/213
Chat Selling Pro: Convierte Conversaciones en Ventas,214,Dar regalos o bonos al cliente,Conversación y conversión,"Podría apoyar un borrador de oferta con bonos existentes, verificando disponibilidad y condiciones antes de presentarla al cliente.",INFERRED,0.78,CATALOG_REFERENCE,https://www.beglobalpro.org/cursos/contenido/38f4db64-e808-4811-96fa-9ce418a2cb74/214
Chat Selling Pro: Convierte Conversaciones en Ventas,215,Reafirmación de compra,Atención y posventa,"Podría orientar una respuesta que confirme información de compra y expectativas, sin fabricar satisfacción ni prometer garantías.",INFERRED,0.7,CATALOG_REFERENCE,https://www.beglobalpro.org/cursos/contenido/38f4db64-e808-4811-96fa-9ce418a2cb74/215
Chat Selling Pro: Convierte Conversaciones en Ventas,216,Escasez de producto,Conversación y conversión,"Podría ayudar a revisar mensajes de disponibilidad limitada, utilizando únicamente stock comprobado y sin crear escasez artificial.",INFERRED,0.77,CATALOG_REFERENCE,https://www.beglobalpro.org/cursos/contenido/38f4db64-e808-4811-96fa-9ce418a2cb74/216
Chat Selling Pro: Convierte Conversaciones en Ventas,217,Tiempo y fecha límite de compra,Conversación y conversión,"Podría orientar cómo comunicar una fecha límite real, verificando condiciones y evitando urgencia ficticia o presión excesiva.",INFERRED,0.8,CATALOG_REFERENCE,https://www.beglobalpro.org/cursos/contenido/38f4db64-e808-4811-96fa-9ce418a2cb74/217
Chat Selling Pro: Convierte Conversaciones en Ventas,218,Consecuencias de no comprarte,Conversación y conversión,"Podría apoyar la revisión crítica de consecuencias planteadas en un mensaje, evitando exageración, miedo o perjuicios no demostrados.",INFERRED,0.68,CATALOG_REFERENCE,https://www.beglobalpro.org/cursos/contenido/38f4db64-e808-4811-96fa-9ce418a2cb74/218
Chat Selling Pro: Convierte Conversaciones en Ventas,219,Demuestra tu expertise,Marca y propuesta de valor,"Podría orientar una presentación de experiencia sustentada en evidencia, sin inventar credenciales, resultados ni testimonios de clientes.",INFERRED,0.73,CATALOG_REFERENCE,https://www.beglobalpro.org/cursos/contenido/38f4db64-e808-4811-96fa-9ce418a2cb74/219
Chat Selling Pro: Convierte Conversaciones en Ventas,220,Lo que te hace único,Marca y propuesta de valor,Podría ayudar a redactar una propuesta diferenciada basada en atributos reales y comparaciones que el miembro pueda respaldar.,INFERRED,0.77,CATALOG_REFERENCE,https://www.beglobalpro.org/cursos/contenido/38f4db64-e808-4811-96fa-9ce418a2cb74/220
Chat Selling Pro: Convierte Conversaciones en Ventas,221,StoryTelling,Contenido y creatividad,"Podría apoyar un esquema narrativo para presentar una oferta, sin fabricar experiencias personales ni historias de clientes.",INFERRED,0.74,CATALOG_REFERENCE,https://www.beglobalpro.org/cursos/contenido/38f4db64-e808-4811-96fa-9ce418a2cb74/221
Chat Selling Pro: Convierte Conversaciones en Ventas,222,Llamada a la acción,Contenido y creatividad,"Podría orientar una llamada a la acción clara y proporcional al interés del comprador, sin ocultar compromisos.",INFERRED,0.8,CATALOG_REFERENCE,https://www.beglobalpro.org/cursos/contenido/38f4db64-e808-4811-96fa-9ce418a2cb74/222
Chat Selling Pro: Convierte Conversaciones en Ventas,223,Escribe para vender,Contenido y creatividad,"Podría ayudar a preparar un mensaje de venta claro con beneficios verificables, sin asumir fórmulas particulares del material.",INFERRED,0.76,CATALOG_REFERENCE,https://www.beglobalpro.org/cursos/contenido/38f4db64-e808-4811-96fa-9ce418a2cb74/223
Chat Selling Pro: Convierte Conversaciones en Ventas,224,Estrategia de cierre para vender más,Conversación y conversión,"Podría orientar preguntas para revisar el siguiente paso de compra, sin convertir cierre en presión ni garantizar ventas.",INFERRED,0.76,CATALOG_REFERENCE,https://www.beglobalpro.org/cursos/contenido/38f4db64-e808-4811-96fa-9ce418a2cb74/224
Chat Selling Pro: Convierte Conversaciones en Ventas,225,Productos principales y complementarios,Conversación y conversión,"Podría apoyar una propuesta complementaria pertinente al producto principal, comprobando utilidad, precio y disponibilidad antes de recomendarla.",INFERRED,0.79,CATALOG_REFERENCE,https://www.beglobalpro.org/cursos/contenido/38f4db64-e808-4811-96fa-9ce418a2cb74/225
Chat Selling Pro: Convierte Conversaciones en Ventas,226,No busques clientes nuevos,Atención y posventa,Podría sugerir revisar oportunidades de atención a clientes existentes; el título no justifica abandonar captación ni explica su argumento.,INFERRED,0.64,CATALOG_REFERENCE,https://www.beglobalpro.org/cursos/contenido/38f4db64-e808-4811-96fa-9ce418a2cb74/226
Chat Selling Pro: Convierte Conversaciones en Ventas,227,Seguimiento a personas que no han comprado,Conversación y conversión,"Podría orientar un borrador de seguimiento a prospectos con permiso de contacto, respetando negativas y evitando mensajes automáticos.",INFERRED,0.8,CATALOG_REFERENCE,https://www.beglobalpro.org/cursos/contenido/38f4db64-e808-4811-96fa-9ce418a2cb74/227
Chat Selling Pro: Convierte Conversaciones en Ventas,228,Seguimiento de clientes,Atención y posventa,"Podría apoyar un plan de contacto posterior adecuado a necesidades del cliente, con revisión humana y datos mínimos.",INFERRED,0.77,CATALOG_REFERENCE,https://www.beglobalpro.org/cursos/contenido/38f4db64-e808-4811-96fa-9ce418a2cb74/228
Chat Selling Pro: Convierte Conversaciones en Ventas,287,Final,Orientación y ruta académica,Final del curso sin contenido temático descrito; no permite atribuir un método de cierre ni recursos adicionales.,AMBIGUOUS,0.17,CATALOG_REFERENCE,https://www.beglobalpro.org/cursos/contenido/38f4db64-e808-4811-96fa-9ce418a2cb74/287
Chat Selling Pro: Convierte Conversaciones en Ventas,556,Ventas Triunfadoras,Conversación y conversión,Podría ubicar una sesión general de ventas; el título promocional no especifica tácticas ni acredita resultados comerciales.,INFERRED,0.6,CATALOG_REFERENCE,https://www.beglobalpro.org/cursos/contenido/38f4db64-e808-4811-96fa-9ce418a2cb74/556
Chat Selling Pro: Convierte Conversaciones en Ventas,564,ventas triunfadoras II parte,Conversación y conversión,"Podría orientar una continuación formativa sobre ventas, pero falta conocer su tema concreto y relación con la sesión anterior.",INFERRED,0.6,CATALOG_REFERENCE,https://www.beglobalpro.org/cursos/contenido/38f4db64-e808-4811-96fa-9ce418a2cb74/564
Seminario del Fenix,1185,Psicología del Exito,Productividad y ejecución,"Podría orientar una reflexión sobre metas y creencias del miembro, sin validar modelos psicológicos ni promesas de éxito.",INFERRED,0.62,CATALOG_REFERENCE,https://www.beglobalpro.org/cursos/contenido/27f9523f-f591-41ca-bd17-0c1eef3e72c7/1185
Seminario del Fenix,1186,7 leyes mentales,Orientación y ruta académica,Siete leyes mentales no identifica cuáles son ni su fundamento; falta contenido antes de recomendar una práctica.,AMBIGUOUS,0.25,CATALOG_REFERENCE,https://www.beglobalpro.org/cursos/contenido/27f9523f-f591-41ca-bd17-0c1eef3e72c7/1186
Seminario del Fenix,1187,Como desbloquear su potencial,Productividad y ejecución,"Podría abrir una reflexión sobre barreras percibidas para actuar, sin asumir mecanismos psicológicos ni resultados de desbloqueo.",INFERRED,0.61,CATALOG_REFERENCE,https://www.beglobalpro.org/cursos/contenido/27f9523f-f591-41ca-bd17-0c1eef3e72c7/1187
Seminario del Fenix,1194,Su central de Energía Subconsciente,Orientación y ruta académica,La metáfora de energía subconsciente carece de definición verificable; no permite derivar prácticas ni respaldar explicaciones clínicas.,AMBIGUOUS,0.18,CATALOG_REFERENCE,https://www.beglobalpro.org/cursos/contenido/27f9523f-f591-41ca-bd17-0c1eef3e72c7/1194
Seminario del Fenix,1189,Como hacerse cargo del su vida,Productividad y ejecución,"Podría orientar la elección de una responsabilidad y acción controlable, sin juzgar circunstancias personales ni prometer transformación.",INFERRED,0.64,CATALOG_REFERENCE,https://www.beglobalpro.org/cursos/contenido/27f9523f-f591-41ca-bd17-0c1eef3e72c7/1189
Seminario del Fenix,1190,Eliminando emociones negativas,Productividad y ejecución,"Podría ubicar una reflexión emocional voluntaria, sin prometer eliminar emociones ni sustituir atención profesional ante malestar.",INFERRED,0.62,CATALOG_REFERENCE,https://www.beglobalpro.org/cursos/contenido/27f9523f-f591-41ca-bd17-0c1eef3e72c7/1190
Seminario del Fenix,1191,Liberando sus Frenos,Orientación y ruta académica,Liberar frenos es una metáfora sin tema específico; falta descripción para saber qué apoyo práctico podría aportar.,AMBIGUOUS,0.23,CATALOG_REFERENCE,https://www.beglobalpro.org/cursos/contenido/27f9523f-f591-41ca-bd17-0c1eef3e72c7/1191
Seminario del Fenix,1192,Como anular las preocupaciones,Productividad y ejecución,"Podría orientar una reflexión sobre preocupaciones que dificultan tareas, sin prometer anularlas ni ofrecer intervención clínica.",INFERRED,0.63,CATALOG_REFERENCE,https://www.beglobalpro.org/cursos/contenido/27f9523f-f591-41ca-bd17-0c1eef3e72c7/1192
Seminario del Fenix,1193,Como programar su mente para el éxito,Productividad y ejecución,"Podría servir como referencia motivacional sobre objetivos, sin respaldar programación mental ni una relación garantizada con el éxito.",INFERRED,0.6,CATALOG_REFERENCE,https://www.beglobalpro.org/cursos/contenido/27f9523f-f591-41ca-bd17-0c1eef3e72c7/1193
Seminario del Fenix,1188,Cambiando su Autoconcepto,Productividad y ejecución,"Podría apoyar una reflexión de autopercepción relacionada con aprendizaje, sin diagnosticar ni modificar clínicamente el autoconcepto.",INFERRED,0.66,CATALOG_REFERENCE,https://www.beglobalpro.org/cursos/contenido/27f9523f-f591-41ca-bd17-0c1eef3e72c7/1188
Seminario del Fenix,1195,La nueva dieta mental,Orientación y ruta académica,Dieta mental es una expresión indefinida en el índice; falta conocer su contenido antes de recomendar prácticas.,AMBIGUOUS,0.21,CATALOG_REFERENCE,https://www.beglobalpro.org/cursos/contenido/27f9523f-f591-41ca-bd17-0c1eef3e72c7/1195
Seminario del Fenix,1196,Software para el cerebro,Orientación y ruta académica,Software para el cerebro es un título metafórico sin procedimiento descrito; no acredita una herramienta ni mecanismo cognitivo.,AMBIGUOUS,0.18,CATALOG_REFERENCE,https://www.beglobalpro.org/cursos/contenido/27f9523f-f591-41ca-bd17-0c1eef3e72c7/1196
Seminario del Fenix,1197,Técnicas de aprendizaje rápido,Productividad y ejecución,"Podría orientar una comparación de hábitos de estudio, sin prometer mayor velocidad ni atribuir técnicas no consultadas.",INFERRED,0.77,CATALOG_REFERENCE,https://www.beglobalpro.org/cursos/contenido/27f9523f-f591-41ca-bd17-0c1eef3e72c7/1197
Seminario del Fenix,1198,Relajación progresiva con musica,Productividad y ejecución,"Podría ubicar una pausa voluntaria de relajación con música, sin prescribir tratamiento ni asegurar efectos sobre salud.",INFERRED,0.71,CATALOG_REFERENCE,https://www.beglobalpro.org/cursos/contenido/27f9523f-f591-41ca-bd17-0c1eef3e72c7/1198
Seminario del Fenix,1199,5 claves para el establecimiento de metas,Productividad y ejecución,"Podría apoyar la redacción de una meta observable y revisable, sin inventar las cinco claves del material.",INFERRED,0.79,CATALOG_REFERENCE,https://www.beglobalpro.org/cursos/contenido/27f9523f-f591-41ca-bd17-0c1eef3e72c7/1199
Seminario del Fenix,1200,12 pasos hacia el logro de metas,Productividad y ejecución,"Podría orientar la división de una meta en pasos pequeños, sin atribuir al curso una secuencia no leída.",INFERRED,0.76,CATALOG_REFERENCE,https://www.beglobalpro.org/cursos/contenido/27f9523f-f591-41ca-bd17-0c1eef3e72c7/1200
Seminario del Fenix,1201,Estrategias de administración,Productividad y ejecución,"Podría abrir una revisión de organización personal o del negocio, pero falta precisar qué tipo de administración aborda.",INFERRED,0.64,CATALOG_REFERENCE,https://www.beglobalpro.org/cursos/contenido/27f9523f-f591-41ca-bd17-0c1eef3e72c7/1201
Seminario del Fenix,1202,Aprovechando su genio interno,Orientación y ruta académica,Genio interno es una metáfora sin habilidad concreta identificada; requiere descripción para vincularla a una misión útil.,AMBIGUOUS,0.22,CATALOG_REFERENCE,https://www.beglobalpro.org/cursos/contenido/27f9523f-f591-41ca-bd17-0c1eef3e72c7/1202
Seminario del Fenix,1213,Técnicas creativas para la solución de problemas,Productividad y ejecución,"Podría apoyar una exploración de alternativas ante un bloqueo del negocio, pendiente de consultar técnicas específicas del seminario.",INFERRED,0.78,CATALOG_REFERENCE,https://www.beglobalpro.org/cursos/contenido/27f9523f-f591-41ca-bd17-0c1eef3e72c7/1213
Seminario del Fenix,1214,Aumentando su nivel de energia,Productividad y ejecución,"Podría orientar reflexión sobre disponibilidad percibida para tareas, sin validar intervenciones fisiológicas ni prometer aumentos de energía.",INFERRED,0.6,CATALOG_REFERENCE,https://www.beglobalpro.org/cursos/contenido/27f9523f-f591-41ca-bd17-0c1eef3e72c7/1214
Certificación SEP en eCommerce Manager,531,Sesión 1,Orientación y ruta académica,Sesión numerada en introducción al negocio en línea; falta un tema concreto para asignarle una misión específica.,AMBIGUOUS,0.23,CATALOG_REFERENCE,https://www.beglobalpro.org/cursos/contenido/92412f83-6ec0-4c63-843f-1d0bd8729bbb/531
Certificación SEP en eCommerce Manager,533,Sesión 2,Orientación y ruta académica,Segunda sesión introductoria sin asunto declarado; no puede inferirse su contenido ni una continuidad pedagógica precisa.,AMBIGUOUS,0.23,CATALOG_REFERENCE,https://www.beglobalpro.org/cursos/contenido/92412f83-6ec0-4c63-843f-1d0bd8729bbb/533
Certificación SEP en eCommerce Manager,537,MercadoLibre,Tienda y catálogo,"Podría orientar al miembro hacia el canal Mercado Libre, aunque faltan funciones concretas para preparar un checklist operativo.",INFERRED,0.65,CATALOG_REFERENCE,https://www.beglobalpro.org/cursos/contenido/92412f83-6ec0-4c63-843f-1d0bd8729bbb/537
Certificación SEP en eCommerce Manager,538,Amazon,Tienda y catálogo,"Podría ubicar formación general de Amazon como marketplace, sin derivar requisitos de cuenta o prácticas específicas del título.",INFERRED,0.64,CATALOG_REFERENCE,https://www.beglobalpro.org/cursos/contenido/92412f83-6ec0-4c63-843f-1d0bd8729bbb/538
Certificación SEP en eCommerce Manager,539,Shopify I,Tienda y catálogo,"Podría orientar una primera consulta sobre Shopify, pendiente de conocer qué componentes de tienda aborda la sesión.",INFERRED,0.64,CATALOG_REFERENCE,https://www.beglobalpro.org/cursos/contenido/92412f83-6ec0-4c63-843f-1d0bd8729bbb/539
Certificación SEP en eCommerce Manager,541,Shopify II,Tienda y catálogo,"Podría ubicar una continuación formativa de Shopify, sin asumir herramientas ni pasos adicionales respecto de la primera parte.",INFERRED,0.64,CATALOG_REFERENCE,https://www.beglobalpro.org/cursos/contenido/92412f83-6ec0-4c63-843f-1d0bd8729bbb/541
Certificación SEP en eCommerce Manager,547,Mercado Libre,Tienda y catálogo,"Podría señalar otra referencia sobre Mercado Libre, sin distinguir su profundidad ni aplicaciones concretas desde el índice.",INFERRED,0.64,CATALOG_REFERENCE,https://www.beglobalpro.org/cursos/contenido/92412f83-6ec0-4c63-843f-1d0bd8729bbb/547
Certificación SEP en eCommerce Manager,543,Publicidad en Redes Sociales I,Publicidad y experimentos,"Podría orientar un brief publicitario inicial para redes sociales, pendiente de verificar plataformas y objetivos realmente abordados.",INFERRED,0.74,CATALOG_REFERENCE,https://www.beglobalpro.org/cursos/contenido/92412f83-6ec0-4c63-843f-1d0bd8729bbb/543
Certificación SEP en eCommerce Manager,546,Publicidad en Redes Sociales II,Publicidad y experimentos,"Podría apoyar una ruta de profundización publicitaria en redes, sin atribuir técnicas avanzadas por ser segunda parte.",INFERRED,0.72,CATALOG_REFERENCE,https://www.beglobalpro.org/cursos/contenido/92412f83-6ec0-4c63-843f-1d0bd8729bbb/546
Certificación SEP en eCommerce Manager,549,Estrategias de Contenido,Contenido y creatividad,"Podría orientar un plan de piezas según objetivo comercial, pendiente de conocer criterios estratégicos del material.",INFERRED,0.77,CATALOG_REFERENCE,https://www.beglobalpro.org/cursos/contenido/92412f83-6ec0-4c63-843f-1d0bd8729bbb/549
Certificación SEP en eCommerce Manager,550,Fundamentos Contables,Costos y rentabilidad,"Podría ayudar a organizar conceptos y evidencia contable del negocio para revisión profesional, sin resolver obligaciones fiscales.",INFERRED,0.77,CATALOG_REFERENCE,https://www.beglobalpro.org/cursos/contenido/92412f83-6ec0-4c63-843f-1d0bd8729bbb/550
Certificación SEP en eCommerce Manager,552,Gestion Financiera,Costos y rentabilidad,"Podría orientar una tabla de ingresos, costos y supuestos para revisar decisiones del negocio, sin asesoría financiera definitiva.",INFERRED,0.75,CATALOG_REFERENCE,https://www.beglobalpro.org/cursos/contenido/92412f83-6ec0-4c63-843f-1d0bd8729bbb/552
Certificación SEP en eCommerce Manager,553,Construcción de relaciones con clientes en línea,Atención y posventa,"Podría apoyar un plan de comunicación útil y respetuosa con clientes digitales, sin contactar terceros por cuenta propia.",INFERRED,0.79,CATALOG_REFERENCE,https://www.beglobalpro.org/cursos/contenido/92412f83-6ec0-4c63-843f-1d0bd8729bbb/553
Certificación SEP en eCommerce Manager,555,Atención al cliente y Resolución de problemas,Atención y posventa,"Podría orientar un borrador de respuesta a incidencias y criterios de escalamiento, sin autorizar reembolsos ni garantías.",INFERRED,0.8,CATALOG_REFERENCE,https://www.beglobalpro.org/cursos/contenido/92412f83-6ec0-4c63-843f-1d0bd8729bbb/555
Certificación SEP en eCommerce Manager,559,Estrategias de Expansión y Crecimiento en Linea,Productividad y ejecución,"Podría apoyar una revisión de preparación para crecer con capacidades y riesgos explícitos, sin garantizar expansión comercial.",INFERRED,0.73,CATALOG_REFERENCE,https://www.beglobalpro.org/cursos/contenido/92412f83-6ec0-4c63-843f-1d0bd8729bbb/559
Certificación SEP en eCommerce Manager,560,Optimización de Procesos y Escalabilidad,Productividad y ejecución,"Podría orientar un mapa de procesos y cuellos de botella antes de proponer cambios, sin automatizar operaciones sensibles.",INFERRED,0.77,CATALOG_REFERENCE,https://www.beglobalpro.org/cursos/contenido/92412f83-6ec0-4c63-843f-1d0bd8729bbb/560
Gestión de Tiempo: Organización Personal de tu Negocio,702,Bienvenida,Orientación y ruta académica,Bienvenida sin asunto práctico descrito; se requiere más contexto para vincular esta sesión con una tarea concreta.,AMBIGUOUS,0.17,CATALOG_REFERENCE,https://www.beglobalpro.org/cursos/contenido/e735fdb8-acd9-4b84-8e42-d7b0d6e21a06/702
Gestión de Tiempo: Organización Personal de tu Negocio,703,La importancia de la organización,Productividad y ejecución,Podría orientar una conversación sobre costos de desorganización y elección de una tarea prioritaria del negocio.,INFERRED,0.74,CATALOG_REFERENCE,https://www.beglobalpro.org/cursos/contenido/e735fdb8-acd9-4b84-8e42-d7b0d6e21a06/703
Gestión de Tiempo: Organización Personal de tu Negocio,704,Como optimizar tu tiempo,Productividad y ejecución,"Podría apoyar una revisión de tiempo disponible y compromisos realistas, sin prometer rendimiento ni atribuir técnicas no consultadas.",INFERRED,0.77,CATALOG_REFERENCE,https://www.beglobalpro.org/cursos/contenido/e735fdb8-acd9-4b84-8e42-d7b0d6e21a06/704
Gestión de Tiempo: Organización Personal de tu Negocio,705,controla las interrupciones,Productividad y ejecución,Podría orientar un registro de interrupciones y una prueba pequeña para proteger tiempo de trabajo del miembro.,INFERRED,0.78,CATALOG_REFERENCE,https://www.beglobalpro.org/cursos/contenido/e735fdb8-acd9-4b84-8e42-d7b0d6e21a06/705
Gestión de Tiempo: Organización Personal de tu Negocio,706,Tipos de Robatiempos,Productividad y ejecución,"Podría ayudar a identificar actividades que consumen tiempo sin aportar al objetivo, usando ejemplos del propio miembro.",INFERRED,0.77,CATALOG_REFERENCE,https://www.beglobalpro.org/cursos/contenido/e735fdb8-acd9-4b84-8e42-d7b0d6e21a06/706
Gestión de Tiempo: Organización Personal de tu Negocio,707,Procesos en tu negocio,Productividad y ejecución,Podría apoyar un mapa sencillo de pasos recurrentes del negocio para detectar dependencias y tareas sin responsable.,INFERRED,0.75,CATALOG_REFERENCE,https://www.beglobalpro.org/cursos/contenido/e735fdb8-acd9-4b84-8e42-d7b0d6e21a06/707
Gestión de Tiempo: Organización Personal de tu Negocio,708,Planeación y Organización,Productividad y ejecución,"Podría orientar un plan corto con prioridades, responsables y revisión de evidencia según capacidad real del miembro.",INFERRED,0.77,CATALOG_REFERENCE,https://www.beglobalpro.org/cursos/contenido/e735fdb8-acd9-4b84-8e42-d7b0d6e21a06/708
Gestión de Tiempo: Organización Personal de tu Negocio,709,Herramientas Digitales,Productividad y ejecución,"Podría ubicar herramientas para organización personal por contexto del curso, pero faltan nombres y funcionalidades para recomendarlas.",INFERRED,0.62,CATALOG_REFERENCE,https://www.beglobalpro.org/cursos/contenido/e735fdb8-acd9-4b84-8e42-d7b0d6e21a06/709
Gestión de Tiempo: Organización Personal de tu Negocio,710,Google Calendar,Productividad y ejecución,"Podría orientar un borrador de bloques de trabajo en calendario, sin modificar eventos ni asumir funciones actuales.",INFERRED,0.72,CATALOG_REFERENCE,https://www.beglobalpro.org/cursos/contenido/e735fdb8-acd9-4b84-8e42-d7b0d6e21a06/710
Gestión de Tiempo: Organización Personal de tu Negocio,711,Supera la procrastinación,Productividad y ejecución,"Podría apoyar la división de una tarea postergada en un primer paso pequeño, sin diagnosticar causas psicológicas.",INFERRED,0.73,CATALOG_REFERENCE,https://www.beglobalpro.org/cursos/contenido/e735fdb8-acd9-4b84-8e42-d7b0d6e21a06/711
Gestión de Tiempo: Organización Personal de tu Negocio,712,El estrés y la Organización,Productividad y ejecución,"Podría orientar una revisión de carga y organización percibida, sin ofrecer tratamiento del estrés ni sustituir ayuda profesional.",INFERRED,0.72,CATALOG_REFERENCE,https://www.beglobalpro.org/cursos/contenido/e735fdb8-acd9-4b84-8e42-d7b0d6e21a06/712
Gestión de Tiempo: Organización Personal de tu Negocio,713,Despedida,Orientación y ruta académica,Despedida sin contenido temático específico; no permite atribuir recursos adicionales ni una metodología de seguimiento al curso.,AMBIGUOUS,0.17,CATALOG_REFERENCE,https://www.beglobalpro.org/cursos/contenido/e735fdb8-acd9-4b84-8e42-d7b0d6e21a06/713
Contenido UGC,943,Bienvenida,Orientación y ruta académica,Bienvenida sin objetivo de aprendizaje específico; falta descripción para asignar una tarea de contenido a esta sesión.,AMBIGUOUS,0.17,CATALOG_REFERENCE,https://www.beglobalpro.org/cursos/contenido/cad1a423-8b43-47c3-90ea-227fde2f806e/943
Contenido UGC,944,Que es User Generated Content,Contenido y creatividad,"Podría orientar al miembro para distinguir contenido generado por usuarios de otras piezas, pendiente de consultar definiciones del material.",INFERRED,0.79,CATALOG_REFERENCE,https://www.beglobalpro.org/cursos/contenido/cad1a423-8b43-47c3-90ea-227fde2f806e/944
Contenido UGC,945,Importancia del UGC en la estrategia de redes sociales,Contenido y creatividad,"Podría apoyar una hipótesis del papel de UGC en redes sociales, sin tratar su relevancia como rendimiento garantizado.",INFERRED,0.78,CATALOG_REFERENCE,https://www.beglobalpro.org/cursos/contenido/cad1a423-8b43-47c3-90ea-227fde2f806e/945
Contenido UGC,946,Beneficios de Incorporar UGC,Contenido y creatividad,"Podría orientar una comparación de beneficios esperados y riesgos de UGC, pendientes de evidencia propia antes de adoptarlos.",INFERRED,0.74,CATALOG_REFERENCE,https://www.beglobalpro.org/cursos/contenido/cad1a423-8b43-47c3-90ea-227fde2f806e/946
Contenido UGC,947,Estrategia UGC vs Estrategia Influencers,Contenido y creatividad,Podría ayudar a comparar objetivos de UGC y colaboración con influencers para elegir una ruta creativa pertinente.,INFERRED,0.8,CATALOG_REFERENCE,https://www.beglobalpro.org/cursos/contenido/cad1a423-8b43-47c3-90ea-227fde2f806e/947
Contenido UGC,948,Identificación de la Audiencia y sus intereses,Contenido y creatividad,"Podría orientar preguntas sobre audiencia e intereses para preparar un brief UGC, sin inventar preferencias de consumidores.",INFERRED,0.78,CATALOG_REFERENCE,https://www.beglobalpro.org/cursos/contenido/cad1a423-8b43-47c3-90ea-227fde2f806e/948
Contenido UGC,949,Tipos de contenido que generan mas participación,Contenido y creatividad,"Podría apoyar hipótesis de formatos participativos y criterios de prueba, sin asumir que generen mayor interacción en cualquier negocio.",INFERRED,0.76,CATALOG_REFERENCE,https://www.beglobalpro.org/cursos/contenido/cad1a423-8b43-47c3-90ea-227fde2f806e/949
Contenido UGC,950,Plataformas adecuadas para contratar creadores UGC,Servicios y especialización,"Podría orientar criterios para evaluar contratación de creadores, sin recomendar plataformas no verificadas ni comprometer acuerdos con terceros.",INFERRED,0.78,CATALOG_REFERENCE,https://www.beglobalpro.org/cursos/contenido/cad1a423-8b43-47c3-90ea-227fde2f806e/950
Contenido UGC,951,Estructura de un video UGC,Contenido y creatividad,"Podría apoyar un esquema de video UGC con producto y mensaje verificables, sin inventar experiencias de uso.",INFERRED,0.8,CATALOG_REFERENCE,https://www.beglobalpro.org/cursos/contenido/cad1a423-8b43-47c3-90ea-227fde2f806e/951
Contenido UGC,952,Planificación de la implementación UGC en la estrategia de redes sociales,Contenido y creatividad,"Podría orientar un plan inicial de piezas UGC, responsabilidades y revisión, sin publicar contenido ni asumir permisos concedidos.",INFERRED,0.79,CATALOG_REFERENCE,https://www.beglobalpro.org/cursos/contenido/cad1a423-8b43-47c3-90ea-227fde2f806e/952
Contenido UGC,953,Estudio de casos de Marcas que han implementado UGC con Exito,Medición y diagnóstico,"Podría ubicar casos para comparar evidencia y contexto de UGC, sin afirmar resultados de marcas no consultadas.",INFERRED,0.74,CATALOG_REFERENCE,https://www.beglobalpro.org/cursos/contenido/cad1a423-8b43-47c3-90ea-227fde2f806e/953
eCommerce desde Cero: Tu Primer Negocio Digital Paso a Paso,169,Fórmula del crecimiento,Medición y diagnóstico,"Podría orientar preguntas sobre variables de crecimiento del negocio, sin inventar la fórmula ni asumir relaciones causales.",INFERRED,0.64,CATALOG_REFERENCE,https://www.beglobalpro.org/cursos/contenido/fd926280-53d0-4f09-8210-b29a8fc1f9ec/169
eCommerce desde Cero: Tu Primer Negocio Digital Paso a Paso,170,Como tener un eCommerce de 8 cifras,Costos y rentabilidad,"Podría servir para revisar expectativas de escala y supuestos financieros, sin presentar ocho cifras como objetivo viable garantizado.",INFERRED,0.61,CATALOG_REFERENCE,https://www.beglobalpro.org/cursos/contenido/fd926280-53d0-4f09-8210-b29a8fc1f9ec/170
eCommerce desde Cero: Tu Primer Negocio Digital Paso a Paso,171,Producto estrella,Producto y validación,"Podría orientar criterios para priorizar un producto del catálogo, sin asumir que exista un ganador ni demanda demostrada.",INFERRED,0.72,CATALOG_REFERENCE,https://www.beglobalpro.org/cursos/contenido/fd926280-53d0-4f09-8210-b29a8fc1f9ec/171
eCommerce desde Cero: Tu Primer Negocio Digital Paso a Paso,172,"Upsell, cross-Sell, downsell",Conversación y conversión,"Podría apoyar borradores de ofertas complementarias o alternativas pertinentes, verificando precios y utilidad para el comprador.",INFERRED,0.8,CATALOG_REFERENCE,https://www.beglobalpro.org/cursos/contenido/fd926280-53d0-4f09-8210-b29a8fc1f9ec/172
eCommerce desde Cero: Tu Primer Negocio Digital Paso a Paso,173,Elementos que debes tener en tu página de ventas,Tienda y catálogo,"Podría orientar un checklist de información de página de ventas, pendiente de conocer elementos concretos propuestos por el material.",INFERRED,0.8,CATALOG_REFERENCE,https://www.beglobalpro.org/cursos/contenido/fd926280-53d0-4f09-8210-b29a8fc1f9ec/173
eCommerce desde Cero: Tu Primer Negocio Digital Paso a Paso,174,Websites Vs Embudos,Conversación y conversión,"Podría ayudar a comparar sitio y recorrido de conversión según objetivo, sin asumir una opción universalmente superior.",INFERRED,0.78,CATALOG_REFERENCE,https://www.beglobalpro.org/cursos/contenido/fd926280-53d0-4f09-8210-b29a8fc1f9ec/174
eCommerce desde Cero: Tu Primer Negocio Digital Paso a Paso,175,Proyecciones para tu eCommerce,Costos y rentabilidad,"Podría apoyar escenarios de ingresos y costos con supuestos explícitos, distinguiendo proyección de resultados observados del negocio.",INFERRED,0.79,CATALOG_REFERENCE,https://www.beglobalpro.org/cursos/contenido/fd926280-53d0-4f09-8210-b29a8fc1f9ec/175
eCommerce desde Cero: Tu Primer Negocio Digital Paso a Paso,176,Shopify Vs Woocommerce,Tienda y catálogo,"Podría orientar criterios para comparar plataformas de tienda según necesidades del miembro, verificando costos y funciones actuales aparte.",INFERRED,0.8,CATALOG_REFERENCE,https://www.beglobalpro.org/cursos/contenido/fd926280-53d0-4f09-8210-b29a8fc1f9ec/176
eCommerce desde Cero: Tu Primer Negocio Digital Paso a Paso,177,Diferencias entre Amazon y Shopify,Tienda y catálogo,"Podría apoyar una comparación entre marketplace y tienda propia para ordenar necesidades, sin atribuir reglas vigentes desde el índice.",INFERRED,0.8,CATALOG_REFERENCE,https://www.beglobalpro.org/cursos/contenido/fd926280-53d0-4f09-8210-b29a8fc1f9ec/177
Facebook Ads Teórico: La Base para una Publicidad Rentable,5,Vamos a plantar una semilla,Orientación y ruta académica,Plantar una semilla es una metáfora sin contenido publicitario concreto; falta descripción para relacionarla con una misión.,AMBIGUOUS,0.16,CATALOG_REFERENCE,https://www.beglobalpro.org/cursos/contenido/cb5c586c-b7ea-482e-b7e3-d7a662f896e7/5
Facebook Ads Teórico: La Base para una Publicidad Rentable,6,Sabias que…?,Orientación y ruta académica,La pregunta incompleta no permite conocer el tema ni aportar una referencia útil sin descripción adicional.,AMBIGUOUS,0.13,CATALOG_REFERENCE,https://www.beglobalpro.org/cursos/contenido/cb5c586c-b7ea-482e-b7e3-d7a662f896e7/6
Facebook Ads Teórico: La Base para una Publicidad Rentable,7,Qué es la publicidad online y cómo se mide,Medición y diagnóstico,"Podría orientar una primera tabla de objetivos e indicadores publicitarios, evitando atribuir métricas específicas no observadas.",INFERRED,0.8,CATALOG_REFERENCE,https://www.beglobalpro.org/cursos/contenido/cb5c586c-b7ea-482e-b7e3-d7a662f896e7/7
Facebook Ads Teórico: La Base para una Publicidad Rentable,8,"Lo que necesitas para hacer publicidad online, tus insumos",Publicidad y experimentos,"Podría apoyar un inventario de materiales y datos previos a anunciar, pendiente de validar los insumos requeridos.",INFERRED,0.79,CATALOG_REFERENCE,https://www.beglobalpro.org/cursos/contenido/cb5c586c-b7ea-482e-b7e3-d7a662f896e7/8
Facebook Ads Teórico: La Base para una Publicidad Rentable,9,Introducción y conceptos básicos del Business Manager,Publicidad y experimentos,Podría orientar el vocabulario inicial del administrador comercial para preparar preguntas al responsable sin solicitar accesos.,INFERRED,0.77,CATALOG_REFERENCE,https://www.beglobalpro.org/cursos/contenido/cb5c586c-b7ea-482e-b7e3-d7a662f896e7/9
Facebook Ads Teórico: La Base para una Publicidad Rentable,11,Explorando el Business Manager,Publicidad y experimentos,"Podría ubicar una guía de navegación del administrador comercial, sujeto a cambios de interfaz y permisos del miembro.",INFERRED,0.73,CATALOG_REFERENCE,https://www.beglobalpro.org/cursos/contenido/cb5c586c-b7ea-482e-b7e3-d7a662f896e7/11
Facebook Ads Teórico: La Base para una Publicidad Rentable,14,Configuración de Negocio en el Business Manager,Publicidad y experimentos,"Podría apoyar un checklist de preparación de negocio en el administrador, sin modificar activos ni permisos de cuentas.",INFERRED,0.78,CATALOG_REFERENCE,https://www.beglobalpro.org/cursos/contenido/cb5c586c-b7ea-482e-b7e3-d7a662f896e7/14
Facebook Ads Teórico: La Base para una Publicidad Rentable,650,Crea tu primera campaña por Facebook,Publicidad y experimentos,"Podría orientar un brief de primera campaña Facebook con revisión previa, sin activar anuncios ni prometer rentabilidad.",INFERRED,0.79,CATALOG_REFERENCE,https://www.beglobalpro.org/cursos/contenido/cb5c586c-b7ea-482e-b7e3-d7a662f896e7/650
Teoría sobre Como Crear Embudos de Venta de Alta Conversión,365,Bienvenida,Orientación y ruta académica,Bienvenida sin tema operativo concreto; requiere descripción adicional para asignar un aporte específico sobre embudos al agente.,AMBIGUOUS,0.17,CATALOG_REFERENCE,https://www.beglobalpro.org/cursos/contenido/5d3a1b0c-701a-452e-857d-7a94c7c9b349/365
Teoría sobre Como Crear Embudos de Venta de Alta Conversión,366,Introducción al tema,Orientación y ruta académica,Introducción al tema no revela concepto ni práctica diferenciada; falta contenido antes de recomendar una misión particular.,AMBIGUOUS,0.21,CATALOG_REFERENCE,https://www.beglobalpro.org/cursos/contenido/5d3a1b0c-701a-452e-857d-7a94c7c9b349/366
Teoría sobre Como Crear Embudos de Venta de Alta Conversión,367,Beneficios de un embudo,Conversación y conversión,"Podría orientar una evaluación de la utilidad esperada de un embudo, sin dar por probados sus beneficios comerciales.",INFERRED,0.75,CATALOG_REFERENCE,https://www.beglobalpro.org/cursos/contenido/5d3a1b0c-701a-452e-857d-7a94c7c9b349/367
Teoría sobre Como Crear Embudos de Venta de Alta Conversión,368,Fases de un embudo de ventas,Conversación y conversión,"Podría apoyar una representación de fases del recorrido de compra, pendiente de conocer la clasificación propuesta por el curso.",INFERRED,0.79,CATALOG_REFERENCE,https://www.beglobalpro.org/cursos/contenido/5d3a1b0c-701a-452e-857d-7a94c7c9b349/368
Teoría sobre Como Crear Embudos de Venta de Alta Conversión,369,Diagrama del funnel de ventas,Conversación y conversión,"Podría orientar un mapa visual del embudo del miembro, sin afirmar que exista un diagrama adjunto accesible.",INFERRED,0.8,CATALOG_REFERENCE,https://www.beglobalpro.org/cursos/contenido/5d3a1b0c-701a-452e-857d-7a94c7c9b349/369
Teoría sobre Como Crear Embudos de Venta de Alta Conversión,370,Etapas del embudo de ventas,Conversación y conversión,"Podría ayudar a ubicar dónde se atasca un prospecto, sin atribuir nombres de etapas no consultados al material.",INFERRED,0.79,CATALOG_REFERENCE,https://www.beglobalpro.org/cursos/contenido/5d3a1b0c-701a-452e-857d-7a94c7c9b349/370
Teoría sobre Como Crear Embudos de Venta de Alta Conversión,371,Trucos,Orientación y ruta académica,Trucos no especifica tema ni alcance de recomendaciones; necesita descripción antes de usarse para proponer una acción.,AMBIGUOUS,0.22,CATALOG_REFERENCE,https://www.beglobalpro.org/cursos/contenido/5d3a1b0c-701a-452e-857d-7a94c7c9b349/371
Importando desde China: Aprende a Importar y Amplía tus Oportunidades de Negocio Experto,467,Diferencias y términos básicos de importación,Proveedores e importación,"Podría apoyar un glosario de dudas de importación para consultar al profesional, sin sustituir definiciones legales vigentes.",INFERRED,0.78,CATALOG_REFERENCE,https://www.beglobalpro.org/cursos/contenido/0056c257-0a84-4c9e-9251-34abadc5649a/467
Importando desde China: Aprende a Importar y Amplía tus Oportunidades de Negocio Experto,468,Importación Inteligente con AliExpress,Proveedores e importación,"Podría orientar preguntas sobre compras mediante AliExpress y condiciones a verificar, sin avalar proveedores ni seguridad de importación.",INFERRED,0.76,CATALOG_REFERENCE,https://www.beglobalpro.org/cursos/contenido/0056c257-0a84-4c9e-9251-34abadc5649a/468
Importando desde China: Aprende a Importar y Amplía tus Oportunidades de Negocio Experto,469,Importación Inteligente con Alibaba,Proveedores e importación,"Podría apoyar una revisión preliminar de compra por Alibaba, dejando pagos, contrato y aduana bajo responsabilidad humana profesional.",INFERRED,0.76,CATALOG_REFERENCE,https://www.beglobalpro.org/cursos/contenido/0056c257-0a84-4c9e-9251-34abadc5649a/469
Importando desde China: Aprende a Importar y Amplía tus Oportunidades de Negocio Experto,470,Beneficios y Retos de Importar desde China,Proveedores e importación,"Podría orientar una lista comparativa de oportunidades y riesgos de abastecimiento chino, sin confirmar viabilidad de operaciones concretas.",INFERRED,0.79,CATALOG_REFERENCE,https://www.beglobalpro.org/cursos/contenido/0056c257-0a84-4c9e-9251-34abadc5649a/470
Importando desde China: Aprende a Importar y Amplía tus Oportunidades de Negocio Experto,448,Como importar de China sin tanto Rollo,Proveedores e importación,"Podría ubicar una referencia introductoria para preparar preguntas de importación, sin asumir trámites simples ni requisitos resueltos.",INFERRED,0.7,CATALOG_REFERENCE,https://www.beglobalpro.org/cursos/contenido/0056c257-0a84-4c9e-9251-34abadc5649a/448
Importando desde China: Aprende a Importar y Amplía tus Oportunidades de Negocio Experto,483,Explorando el comercio con China: Sesión interactiva de preguntas y respuestas EN VIVO,Proveedores e importación,"Podría orientar una agenda de preguntas sobre comercio con China, sin atribuir respuestas específicas no consultadas a la sesión.",INFERRED,0.7,CATALOG_REFERENCE,https://www.beglobalpro.org/cursos/contenido/0056c257-0a84-4c9e-9251-34abadc5649a/483
"Caso Práctico: Vendiendo con Funnel de Ventas ""Colágeno Hidrolizado""",684,Investigación de Mercado,Producto y validación,"Podría orientar preguntas de demanda y público para un producto, sin asumir validez comercial o clínica del caso de colágeno.",INFERRED,0.77,CATALOG_REFERENCE,https://www.beglobalpro.org/cursos/contenido/627f58d8-ad64-4795-b0a8-a8f818ce5808/684
"Caso Práctico: Vendiendo con Funnel de Ventas ""Colágeno Hidrolizado""",685,Creación de Página de Ventas,Tienda y catálogo,"Podría apoyar el borrador de una página de ventas con atributos verificables, evitando afirmaciones de salud no sustentadas.",INFERRED,0.79,CATALOG_REFERENCE,https://www.beglobalpro.org/cursos/contenido/627f58d8-ad64-4795-b0a8-a8f818ce5808/685
"Caso Práctico: Vendiendo con Funnel de Ventas ""Colágeno Hidrolizado""",686,Creación de Textos Persuasivos,Contenido y creatividad,"Podría orientar una revisión de textos comerciales del caso, sin reproducir beneficios clínicos ni testimonios no comprobados.",INFERRED,0.79,CATALOG_REFERENCE,https://www.beglobalpro.org/cursos/contenido/627f58d8-ad64-4795-b0a8-a8f818ce5808/686
"Caso Práctico: Vendiendo con Funnel de Ventas ""Colágeno Hidrolizado""",687,Lanzando Campaña,Publicidad y experimentos,"Podría apoyar un checklist de preparación de campaña para revisión humana, sin lanzar anuncios ni avalar promociones del producto.",INFERRED,0.76,CATALOG_REFERENCE,https://www.beglobalpro.org/cursos/contenido/627f58d8-ad64-4795-b0a8-a8f818ce5808/687
"Caso Práctico: Vendiendo con Funnel de Ventas ""Colágeno Hidrolizado""",695,Actualización Campaña 7 días,Medición y diagnóstico,"Podría orientar una revisión de evidencia tras una semana de campaña, sin inferir resultados desde la fecha del seguimiento.",INFERRED,0.76,CATALOG_REFERENCE,https://www.beglobalpro.org/cursos/contenido/627f58d8-ad64-4795-b0a8-a8f818ce5808/695
Fotografía de Producto,690,Fundamentos parte 1,Orientación y ruta académica,Fundamentos parte uno no enumera conceptos fotográficos; hace falta descripción para asociarlo con una tarea de imagen específica.,AMBIGUOUS,0.27,CATALOG_REFERENCE,https://www.beglobalpro.org/cursos/contenido/307e5413-800f-44c8-bcf6-08b56c602bbf/690
Fotografía de Producto,691,Fundamentos parte 2,Orientación y ruta académica,Fundamentos parte dos solo indica continuidad; no permite conocer qué aspecto fotográfico podría mejorar el miembro.,AMBIGUOUS,0.27,CATALOG_REFERENCE,https://www.beglobalpro.org/cursos/contenido/307e5413-800f-44c8-bcf6-08b56c602bbf/691
Fotografía de Producto,692,Práctica,Orientación y ruta académica,"Práctica no identifica el ejercicio ni su objetivo; falta contenido para recomendar tomas, iluminación o equipo concreto.",AMBIGUOUS,0.25,CATALOG_REFERENCE,https://www.beglobalpro.org/cursos/contenido/307e5413-800f-44c8-bcf6-08b56c602bbf/692
Fotografía de Producto,693,Edición de fotos,Contenido y creatividad,"Podría apoyar una revisión de edición de fotos de producto, cuidando fidelidad visual sin inventar herramientas utilizadas.",INFERRED,0.79,CATALOG_REFERENCE,https://www.beglobalpro.org/cursos/contenido/307e5413-800f-44c8-bcf6-08b56c602bbf/693
Aprende a impulsar tu negocio con Instagram,428,"Facebook vs Instagram, estrategias de cada red social",Contenido y creatividad,"Podría orientar una comparación de enfoques de contenido entre redes, adaptada al público y objetivo del miembro.",INFERRED,0.78,CATALOG_REFERENCE,https://www.beglobalpro.org/cursos/contenido/7f6e3015-9ed3-4b54-b9bb-75fe8829ec89/428
Aprende a impulsar tu negocio con Instagram,482,Instagram para emprendedores: descubre las funciones y herramientas clave para impulsar tu negocio,Contenido y creatividad,"Podría apoyar preguntas sobre herramientas de Instagram para presentar el negocio, sin asumir disponibilidad actual ni operar cuentas.",INFERRED,0.75,CATALOG_REFERENCE,https://www.beglobalpro.org/cursos/contenido/7f6e3015-9ed3-4b54-b9bb-75fe8829ec89/482
Aprende a impulsar tu negocio con Instagram,495,Estrategias pro para hacer que tu marca Brille en Instagram,Marca y propuesta de valor,"Podría orientar una revisión de identidad y mensajes en Instagram, sin prometer visibilidad ni atribuir técnicas no observadas.",INFERRED,0.76,CATALOG_REFERENCE,https://www.beglobalpro.org/cursos/contenido/7f6e3015-9ed3-4b54-b9bb-75fe8829ec89/495
Atención al cliente en un eCommerce,446,Claves de la atención y Servicio al cliente,Atención y posventa,"Podría orientar un checklist de calidad de respuesta y escucha, con revisión de políticas antes de prometer soluciones.",INFERRED,0.79,CATALOG_REFERENCE,https://www.beglobalpro.org/cursos/contenido/80ed0c11-6be5-4571-a677-0c4b6780c230/446
Atención al cliente en un eCommerce,457,Atención al cliente en un eCommerce,Atención y posventa,"Podría apoyar un borrador de atención contextualizado al pedido del cliente, escalando pagos, garantías y conflictos al equipo.",INFERRED,0.77,CATALOG_REFERENCE,https://www.beglobalpro.org/cursos/contenido/80ed0c11-6be5-4571-a677-0c4b6780c230/457
CapCut conviértete en un experto,421,Trucos para diseñar en CANVA y CapCut,Contenido y creatividad,"Podría apoyar una ruta de diseño con Canva y CapCut, sin atribuir trucos específicos ni funciones actuales no verificadas.",INFERRED,0.76,CATALOG_REFERENCE,https://www.beglobalpro.org/cursos/contenido/1b76a0b1-13ad-4884-81b3-fa9b1acc4a22/421
CapCut conviértete en un experto,429,Edición de videos para tus Reels y TikToks,Contenido y creatividad,"Podría orientar una lista de edición para videos cortos según mensaje y canal, sin prometer rendimiento ni viralidad.",INFERRED,0.8,CATALOG_REFERENCE,https://www.beglobalpro.org/cursos/contenido/1b76a0b1-13ad-4884-81b3-fa9b1acc4a22/429
Aprende a registrar tu marca,521,Paso a paso para realizar mi registro de marca,Revisión legal y fiscal,"Podría apoyar un listado de documentos y preguntas para revisión profesional de marca, sin tramitar registros ni afirmar requisitos vigentes.",INFERRED,0.79,CATALOG_REFERENCE,https://www.beglobalpro.org/cursos/contenido/3cd31c5a-543e-48a0-b170-14e3134a5eb6/521
Cursos de Actualización en Vivo: Maximiza tu Conocimiento en Todos los Cursos,1269,Canales de venta,Conversación y conversión,"Podría ayudar a comparar dónde cerrar una compra según producto, audiencia y recursos disponibles del miembro.",INFERRED,0.76,CATALOG_REFERENCE,https://www.beglobalpro.org/cursos/contenido/d7d44101-5358-4ef0-ae55-920b6c7c840a/1269
Cursos de Actualización en Vivo: Maximiza tu Conocimiento en Todos los Cursos,1276,Crea imágenes con IA,IA aplicada al negocio,"Podría orientar un brief para imágenes generadas, sujeto a revisión humana de fidelidad del producto y derechos visuales.",INFERRED,0.79,CATALOG_REFERENCE,https://www.beglobalpro.org/cursos/contenido/d7d44101-5358-4ef0-ae55-920b6c7c840a/1276
Cursos de Actualización en Vivo: Maximiza tu Conocimiento en Todos los Cursos,1294,"Como vender por mensajes (WhatsApp, instagram, Facebook)",Conversación y conversión,"Podría apoyar borradores de conversación comercial adaptados a WhatsApp, Instagram o Facebook, sin enviar mensajes a terceros.",INFERRED,0.8,CATALOG_REFERENCE,https://www.beglobalpro.org/cursos/contenido/d7d44101-5358-4ef0-ae55-920b6c7c840a/1294
Cursos de Actualización en Vivo: Maximiza tu Conocimiento en Todos los Cursos,1273,Academia de Exito - Allan Gerardo,Orientación y ruta académica,"Identifica una sesión con Allan Gerardo, pero falta una descripción temática para recomendar una misión concreta al miembro.",AMBIGUOUS,0.18,CATALOG_REFERENCE,https://www.beglobalpro.org/cursos/contenido/d7d44101-5358-4ef0-ae55-920b6c7c840a/1273
Cursos de Actualización en Vivo: Maximiza tu Conocimiento en Todos los Cursos,1272,Como usar Canva,Contenido y creatividad,"Podría orientar la selección de una tarea visual sencilla en Canva, sin asumir funciones o materiales disponibles actualmente.",INFERRED,0.72,CATALOG_REFERENCE,https://www.beglobalpro.org/cursos/contenido/d7d44101-5358-4ef0-ae55-920b6c7c840a/1272
Cursos de Actualización en Vivo: Maximiza tu Conocimiento en Todos los Cursos,1293,Canales de Trafico,Publicidad y experimentos,Podría aportar una referencia para distinguir fuentes de visitantes y preparar hipótesis de adquisición antes de invertir.,INFERRED,0.74,CATALOG_REFERENCE,https://www.beglobalpro.org/cursos/contenido/d7d44101-5358-4ef0-ae55-920b6c7c840a/1293
Cursos de Actualización en Vivo: Maximiza tu Conocimiento en Todos los Cursos,1304,Mentoria,Orientación y ruta académica,Referencia a acompañamiento sin tema explícito; requiere descripción o transcripción para asociarla con el bloqueo del miembro.,AMBIGUOUS,0.15,CATALOG_REFERENCE,https://www.beglobalpro.org/cursos/contenido/d7d44101-5358-4ef0-ae55-920b6c7c840a/1304
Cursos de Actualización en Vivo: Maximiza tu Conocimiento en Todos los Cursos,1306,Análisis de Productos,Producto y validación,Podría apoyar una ficha comparativa de productos que registre evidencia disponible y preguntas pendientes antes de elegir.,INFERRED,0.77,CATALOG_REFERENCE,https://www.beglobalpro.org/cursos/contenido/d7d44101-5358-4ef0-ae55-920b6c7c840a/1306
Cursos de Actualización en Vivo: Maximiza tu Conocimiento en Todos los Cursos,1308,Como hacer videos sin salir tu,Contenido y creatividad,Podría orientar guiones y listas de tomas centradas en producto para miembros que prefieren no aparecer en cámara.,INFERRED,0.78,CATALOG_REFERENCE,https://www.beglobalpro.org/cursos/contenido/d7d44101-5358-4ef0-ae55-920b6c7c840a/1308
Cursos de Actualización en Vivo: Maximiza tu Conocimiento en Todos los Cursos,1310,Crea una Campaña en Facebook,Publicidad y experimentos,"Podría servir como referencia para preparar objetivo, audiencia y piezas de una campaña, sin activarla ni gastar presupuesto.",INFERRED,0.79,CATALOG_REFERENCE,https://www.beglobalpro.org/cursos/contenido/d7d44101-5358-4ef0-ae55-920b6c7c840a/1310
Cursos de Actualización en Vivo: Maximiza tu Conocimiento en Todos los Cursos,1320,Aumentar el ticket de compra,Conversación y conversión,"Podría orientar hipótesis de ofertas complementarias y revisión del valor del pedido, sin prometer aumentos del ticket.",INFERRED,0.77,CATALOG_REFERENCE,https://www.beglobalpro.org/cursos/contenido/d7d44101-5358-4ef0-ae55-920b6c7c840a/1320
Cursos de Actualización en Vivo: Maximiza tu Conocimiento en Todos los Cursos,1348,Contabilidad en tu ecommerce,Revisión legal y fiscal,"Podría ayudar a reunir registros del ecommerce y preguntas para el contador, sin determinar obligaciones fiscales vigentes.",INFERRED,0.76,CATALOG_REFERENCE,https://www.beglobalpro.org/cursos/contenido/d7d44101-5358-4ef0-ae55-920b6c7c840a/1348
Cursos de Actualización en Vivo: Maximiza tu Conocimiento en Todos los Cursos,1357,Academia de Exito Dulce Jaqueline,Orientación y ruta académica,"El nombre identifica a Dulce Jaqueline, pero no aporta un tema verificable para asignar una tarea educativa específica.",AMBIGUOUS,0.18,CATALOG_REFERENCE,https://www.beglobalpro.org/cursos/contenido/d7d44101-5358-4ef0-ae55-920b6c7c840a/1357
Cursos de Actualización en Vivo: Maximiza tu Conocimiento en Todos los Cursos,1360,Configura tus redes para vender,Tienda y catálogo,"Podría apoyar un checklist de perfiles comerciales y datos visibles, dejando cualquier cambio de configuración al miembro.",INFERRED,0.75,CATALOG_REFERENCE,https://www.beglobalpro.org/cursos/contenido/d7d44101-5358-4ef0-ae55-920b6c7c840a/1360
Cursos de Actualización en Vivo: Maximiza tu Conocimiento en Todos los Cursos,1363,Crea imágenes como un experto,Contenido y creatividad,Podría orientar un brief visual y criterios de revisión de imágenes; el título no acredita calidad profesional obtenida.,INFERRED,0.7,CATALOG_REFERENCE,https://www.beglobalpro.org/cursos/contenido/d7d44101-5358-4ef0-ae55-920b6c7c840a/1363
Cursos de Actualización en Vivo: Maximiza tu Conocimiento en Todos los Cursos,1366,Creación de contenido: que si y que no,Contenido y creatividad,Podría apoyar una revisión de decisiones creativas y dudas del miembro antes de producir nuevas piezas de contenido.,INFERRED,0.75,CATALOG_REFERENCE,https://www.beglobalpro.org/cursos/contenido/d7d44101-5358-4ef0-ae55-920b6c7c840a/1366
Cursos de Actualización en Vivo: Maximiza tu Conocimiento en Todos los Cursos,1367,Todo lo que debes de corregir antes de invertir en publicidad.,Publicidad y experimentos,"Podría orientar un diagnóstico previo de oferta, tienda y evidencia disponible antes de plantear una prueba publicitaria.",INFERRED,0.78,CATALOG_REFERENCE,https://www.beglobalpro.org/cursos/contenido/d7d44101-5358-4ef0-ae55-920b6c7c840a/1367
Cursos de Actualización en Vivo: Maximiza tu Conocimiento en Todos los Cursos,1368,Academia de Exito - Mariel,Orientación y ruta académica,Sesión asociada a Mariel sin materia explícita; hace falta descripción para vincularla con una misión del agente.,AMBIGUOUS,0.18,CATALOG_REFERENCE,https://www.beglobalpro.org/cursos/contenido/d7d44101-5358-4ef0-ae55-920b6c7c840a/1368
Cursos de Actualización en Vivo: Maximiza tu Conocimiento en Todos los Cursos,1369,Construye la narrativa de tu marca para vender,Marca y propuesta de valor,"Podría apoyar un borrador de relato de marca basado en identidad y diferencias verificables, sin fabricar testimonios.",INFERRED,0.8,CATALOG_REFERENCE,https://www.beglobalpro.org/cursos/contenido/d7d44101-5358-4ef0-ae55-920b6c7c840a/1369
Cursos de Actualización en Vivo: Maximiza tu Conocimiento en Todos los Cursos,1370,Mentoria,Orientación y ruta académica,"La referencia indica mentoría, pero no permite saber qué problema aborda ni qué entregable sería pertinente solicitar.",AMBIGUOUS,0.15,CATALOG_REFERENCE,https://www.beglobalpro.org/cursos/contenido/d7d44101-5358-4ef0-ae55-920b6c7c840a/1370
Cursos de Actualización en Vivo: Maximiza tu Conocimiento en Todos los Cursos,1371,"Empieza con Dirección, No con dudas",Productividad y ejecución,Podría orientar una conversación de prioridades y siguiente paso; el título motivacional no permite conocer una metodología concreta.,INFERRED,0.62,CATALOG_REFERENCE,https://www.beglobalpro.org/cursos/contenido/d7d44101-5358-4ef0-ae55-920b6c7c840a/1371
Cursos de Actualización en Vivo: Maximiza tu Conocimiento en Todos los Cursos,1393,Diseño de pagina,Tienda y catálogo,Podría apoyar un esquema de página y revisión de elementos visibles según el producto y objetivo del miembro.,INFERRED,0.74,CATALOG_REFERENCE,https://www.beglobalpro.org/cursos/contenido/d7d44101-5358-4ef0-ae55-920b6c7c840a/1393
Cursos de Actualización en Vivo: Maximiza tu Conocimiento en Todos los Cursos,1372,Selección de Productos,Producto y validación,Podría orientar criterios de comparación y una hipótesis inicial de producto que requiera validación con evidencia propia.,INFERRED,0.78,CATALOG_REFERENCE,https://www.beglobalpro.org/cursos/contenido/d7d44101-5358-4ef0-ae55-920b6c7c840a/1372
Cursos de Actualización en Vivo: Maximiza tu Conocimiento en Todos los Cursos,1373,Como Poner el precio correcto a tu producto,Costos y rentabilidad,"Podría apoyar una estimación de precio con costos y supuestos del miembro, sin establecer un precio universalmente correcto.",INFERRED,0.79,CATALOG_REFERENCE,https://www.beglobalpro.org/cursos/contenido/d7d44101-5358-4ef0-ae55-920b6c7c840a/1373
Cursos de Actualización en Vivo: Maximiza tu Conocimiento en Todos los Cursos,1377,Contenido para ADS,Contenido y creatividad,"Podría orientar guiones y piezas para experimentos publicitarios, usando características comprobadas del producto y evitando promesas no sustentadas.",INFERRED,0.77,CATALOG_REFERENCE,https://www.beglobalpro.org/cursos/contenido/d7d44101-5358-4ef0-ae55-920b6c7c840a/1377
Cursos de Actualización en Vivo: Maximiza tu Conocimiento en Todos los Cursos,1376,Diseña el logo de tu negocio sin experiencia,Marca y propuesta de valor,Podría ayudar a preparar opciones de identidad visual y un brief sencillo de logotipo para revisión del miembro.,INFERRED,0.78,CATALOG_REFERENCE,https://www.beglobalpro.org/cursos/contenido/d7d44101-5358-4ef0-ae55-920b6c7c840a/1376
Cursos de Actualización en Vivo: Maximiza tu Conocimiento en Todos los Cursos,1379,Ads Destino Mensajes,Publicidad y experimentos,"Podría apoyar el diseño de una prueba de anuncios hacia conversaciones, dejando activación y presupuesto bajo control humano.",INFERRED,0.76,CATALOG_REFERENCE,https://www.beglobalpro.org/cursos/contenido/d7d44101-5358-4ef0-ae55-920b6c7c840a/1379
Cursos de Actualización en Vivo: Maximiza tu Conocimiento en Todos los Cursos,1380,Por donde llegan tus clientes y donde compran?,Medición y diagnóstico,"Podría orientar una revisión del recorrido entre adquisición y compra usando datos disponibles, sin atribuir ventas sin evidencia.",INFERRED,0.77,CATALOG_REFERENCE,https://www.beglobalpro.org/cursos/contenido/d7d44101-5358-4ef0-ae55-920b6c7c840a/1380
Cursos de Actualización en Vivo: Maximiza tu Conocimiento en Todos los Cursos,1383,Mentoria,Orientación y ruta académica,La mentoría carece de materia declarada; se necesita contexto adicional antes de recomendarla para un bloqueo particular.,AMBIGUOUS,0.15,CATALOG_REFERENCE,https://www.beglobalpro.org/cursos/contenido/d7d44101-5358-4ef0-ae55-920b6c7c840a/1383
Cursos de Actualización en Vivo: Maximiza tu Conocimiento en Todos los Cursos,1386,Elementos de una tienda en linea,Tienda y catálogo,Podría apoyar un checklist de estructura de tienda para detectar información faltante y preparar una revisión previa.,INFERRED,0.8,CATALOG_REFERENCE,https://www.beglobalpro.org/cursos/contenido/d7d44101-5358-4ef0-ae55-920b6c7c840a/1386
Cursos de Actualización en Vivo: Maximiza tu Conocimiento en Todos los Cursos,1382,Personalidades a la hora de vender,Conversación y conversión,"Podría orientar adaptación del tono comercial a preferencias expresadas, sin asignar perfiles psicológicos ni manipular al cliente.",INFERRED,0.67,CATALOG_REFERENCE,https://www.beglobalpro.org/cursos/contenido/d7d44101-5358-4ef0-ae55-920b6c7c840a/1382
Cursos de Actualización en Vivo: Maximiza tu Conocimiento en Todos los Cursos,1384,Haz que tu negocio exista en redes sociales,Marca y propuesta de valor,"Podría apoyar una revisión de presencia e identidad del negocio en redes, con acciones propuestas que apruebe el miembro.",INFERRED,0.73,CATALOG_REFERENCE,https://www.beglobalpro.org/cursos/contenido/d7d44101-5358-4ef0-ae55-920b6c7c840a/1384
Cursos de Actualización en Vivo: Maximiza tu Conocimiento en Todos los Cursos,1387,Contabilidad en tu ecommerce,Revisión legal y fiscal,"Podría orientar la organización de movimientos del negocio para consultar a un contador, sin resolver impuestos mediante el índice.",INFERRED,0.76,CATALOG_REFERENCE,https://www.beglobalpro.org/cursos/contenido/d7d44101-5358-4ef0-ae55-920b6c7c840a/1387
Cursos de Actualización en Vivo: Maximiza tu Conocimiento en Todos los Cursos,1389,Shopify: como funciona?,Tienda y catálogo,Podría aportar una referencia introductoria para ubicar necesidades de tienda en Shopify sin administrar la cuenta del miembro.,INFERRED,0.76,CATALOG_REFERENCE,https://www.beglobalpro.org/cursos/contenido/d7d44101-5358-4ef0-ae55-920b6c7c840a/1389
Cursos de Actualización en Vivo: Maximiza tu Conocimiento en Todos los Cursos,1390,ADS para tiendas online,Publicidad y experimentos,"Podría apoyar un brief de adquisición para una tienda existente, conectando objetivo comercial y evidencia antes de proponer inversión.",INFERRED,0.78,CATALOG_REFERENCE,https://www.beglobalpro.org/cursos/contenido/d7d44101-5358-4ef0-ae55-920b6c7c840a/1390
Cursos de Actualización en Vivo: Maximiza tu Conocimiento en Todos los Cursos,1391,Búsqueda de contenido en redes sociales.,Contenido y creatividad,"Podría orientar una búsqueda de referencias creativas y su comparación, respetando autoría y evitando copiar piezas ajenas.",INFERRED,0.77,CATALOG_REFERENCE,https://www.beglobalpro.org/cursos/contenido/d7d44101-5358-4ef0-ae55-920b6c7c840a/1391
Cursos de Actualización en Vivo: Maximiza tu Conocimiento en Todos los Cursos,1392,Contenido Organico,Contenido y creatividad,"Podría ayudar a planear piezas no pagadas según audiencia y recursos del miembro, sin garantizar alcance orgánico.",INFERRED,0.74,CATALOG_REFERENCE,https://www.beglobalpro.org/cursos/contenido/d7d44101-5358-4ef0-ae55-920b6c7c840a/1392
Cursos de Actualización en Vivo: Maximiza tu Conocimiento en Todos los Cursos,1394,Sesión de Ayuda - Preguntale al experto,Orientación y ruta académica,La sesión de ayuda no declara preguntas ni respuestas; requiere descripción antes de vincularse a una necesidad concreta.,AMBIGUOUS,0.16,CATALOG_REFERENCE,https://www.beglobalpro.org/cursos/contenido/d7d44101-5358-4ef0-ae55-920b6c7c840a/1394
Cursos de Actualización en Vivo: Maximiza tu Conocimiento en Todos los Cursos,1395,Herramientas básicas para tu negocio digital,Productividad y ejecución,"Podría orientar un inventario de herramientas necesarias para la siguiente tarea, sin inferir qué aplicaciones recomienda la sesión.",INFERRED,0.64,CATALOG_REFERENCE,https://www.beglobalpro.org/cursos/contenido/d7d44101-5358-4ef0-ae55-920b6c7c840a/1395
Cursos de Actualización en Vivo: Maximiza tu Conocimiento en Todos los Cursos,1396,como funciona un negocio digital,Orientación y ruta académica,Podría apoyar una explicación inicial del recorrido de negocio digital y ubicar la fase declarada por el miembro.,INFERRED,0.67,CATALOG_REFERENCE,https://www.beglobalpro.org/cursos/contenido/d7d44101-5358-4ef0-ae55-920b6c7c840a/1396
Cursos de Actualización en Vivo: Maximiza tu Conocimiento en Todos los Cursos,1397,Canva para emprendedores,Contenido y creatividad,Podría orientar una pieza visual inicial en Canva adaptada al negocio y revisar la información que debe incluir.,INFERRED,0.74,CATALOG_REFERENCE,https://www.beglobalpro.org/cursos/contenido/d7d44101-5358-4ef0-ae55-920b6c7c840a/1397
Cursos de Actualización en Vivo: Maximiza tu Conocimiento en Todos los Cursos,1398,Taller de arranque - Dulce Jaqueline,Orientación y ruta académica,"El taller sugiere arranque, pero no identifica tareas o contenidos; falta descripción para elegir una misión específica.",AMBIGUOUS,0.25,CATALOG_REFERENCE,https://www.beglobalpro.org/cursos/contenido/d7d44101-5358-4ef0-ae55-920b6c7c840a/1398
Cursos de Actualización en Vivo: Maximiza tu Conocimiento en Todos los Cursos,1399,Diseña una Marca que se vea profesional,Marca y propuesta de valor,"Podría apoyar un checklist de coherencia visual y mensajes de marca, sin certificar profesionalidad por la apariencia.",INFERRED,0.78,CATALOG_REFERENCE,https://www.beglobalpro.org/cursos/contenido/d7d44101-5358-4ef0-ae55-920b6c7c840a/1399
Cursos de Actualización en Vivo: Maximiza tu Conocimiento en Todos los Cursos,1406,Capcut desde cero,Contenido y creatividad,Podría orientar una ruta inicial de edición de videos en CapCut según la pieza que necesite preparar el miembro.,INFERRED,0.75,CATALOG_REFERENCE,https://www.beglobalpro.org/cursos/contenido/d7d44101-5358-4ef0-ae55-920b6c7c840a/1406
Cursos de Actualización en Vivo: Maximiza tu Conocimiento en Todos los Cursos,1407,Sesión de ayuda- Preguntale al experto,Orientación y ruta académica,Referencia genérica de consulta al experto; no identifica tema ni evidencia suficiente para recomendar una tarea concreta.,AMBIGUOUS,0.16,CATALOG_REFERENCE,https://www.beglobalpro.org/cursos/contenido/d7d44101-5358-4ef0-ae55-920b6c7c840a/1407
Cursos de Actualización en Vivo: Maximiza tu Conocimiento en Todos los Cursos,1414,Taller de arranque digital- Dulce Jaqueline,Orientación y ruta académica,"Indica un taller de arranque digital con Dulce Jaqueline, pero necesita desglose temático para una recomendación específica.",AMBIGUOUS,0.26,CATALOG_REFERENCE,https://www.beglobalpro.org/cursos/contenido/d7d44101-5358-4ef0-ae55-920b6c7c840a/1414
Cursos de Actualización en Vivo: Maximiza tu Conocimiento en Todos los Cursos,1415,Todo lo que puedes hacer en Chat GPT,IA aplicada al negocio,"Podría orientar la elección de una aplicación de ChatGPT al negocio, verificando capacidades actuales y revisando las salidas.",INFERRED,0.68,CATALOG_REFERENCE,https://www.beglobalpro.org/cursos/contenido/d7d44101-5358-4ef0-ae55-920b6c7c840a/1415
Cursos de Actualización en Vivo: Maximiza tu Conocimiento en Todos los Cursos,1416,Como Subir Tus Primeras Publicaciones En Redes Sociales,Contenido y creatividad,"Podría apoyar un checklist de primeras publicaciones y su revisión previa, manteniendo publicación y accesos en manos del miembro.",INFERRED,0.79,CATALOG_REFERENCE,https://www.beglobalpro.org/cursos/contenido/d7d44101-5358-4ef0-ae55-920b6c7c840a/1416
Cursos de Actualización en Vivo: Maximiza tu Conocimiento en Todos los Cursos,1418,taller de Arranque digital - Dulce Jaqueline,Orientación y ruta académica,"El título localiza acompañamiento de arranque digital, sin detallar una materia que permita proponer un entregable verificable.",AMBIGUOUS,0.26,CATALOG_REFERENCE,https://www.beglobalpro.org/cursos/contenido/d7d44101-5358-4ef0-ae55-920b6c7c840a/1418
Cursos de Actualización en Vivo: Maximiza tu Conocimiento en Todos los Cursos,1419,Como vender por mercado libre desde cero,Tienda y catálogo,"Podría orientar una ruta inicial de catálogo en Mercado Libre, pendiente de verificar requisitos actuales y decisiones del miembro.",INFERRED,0.77,CATALOG_REFERENCE,https://www.beglobalpro.org/cursos/contenido/d7d44101-5358-4ef0-ae55-920b6c7c840a/1419
Cursos de Actualización en Vivo: Maximiza tu Conocimiento en Todos los Cursos,1420,Como subir productos de Be Global Pro en ML,Tienda y catálogo,Podría apoyar un checklist para preparar fichas de productos Be Global en Mercado Libre sin publicarlas autónomamente.,INFERRED,0.8,CATALOG_REFERENCE,https://www.beglobalpro.org/cursos/contenido/d7d44101-5358-4ef0-ae55-920b6c7c840a/1420
Cursos de Actualización en Vivo: Maximiza tu Conocimiento en Todos los Cursos,1421,Sesión de ayuda,Orientación y ruta académica,No se identifica la temática de la ayuda; hace falta descripción o transcripción para ubicar un aporte concreto.,AMBIGUOUS,0.14,CATALOG_REFERENCE,https://www.beglobalpro.org/cursos/contenido/d7d44101-5358-4ef0-ae55-920b6c7c840a/1421
Cursos de Actualización en Vivo: Maximiza tu Conocimiento en Todos los Cursos,1458,Cómo crear el pixel,Medición y diagnóstico,"Podría orientar preguntas de medición y una lista de verificaciones del píxel, sin conectar cuentas ni asumir implementación correcta.",INFERRED,0.74,CATALOG_REFERENCE,https://www.beglobalpro.org/cursos/contenido/d7d44101-5358-4ef0-ae55-920b6c7c840a/1458
Cursos de Actualización en Vivo: Maximiza tu Conocimiento en Todos los Cursos,1459,Rompe el miedo a grabarte,Contenido y creatividad,"Podría apoyar una práctica breve de grabación adaptada a la comodidad del miembro, sin interpretar el miedo clínicamente.",INFERRED,0.73,CATALOG_REFERENCE,https://www.beglobalpro.org/cursos/contenido/d7d44101-5358-4ef0-ae55-920b6c7c840a/1459
Cursos de Actualización en Vivo: Maximiza tu Conocimiento en Todos los Cursos,1460,Cómo subir productos en shopify,Tienda y catálogo,Podría orientar la preparación de una ficha de producto para Shopify y comprobar datos faltantes antes de carga manual.,INFERRED,0.8,CATALOG_REFERENCE,https://www.beglobalpro.org/cursos/contenido/d7d44101-5358-4ef0-ae55-920b6c7c840a/1460
Cursos de Actualización en Vivo: Maximiza tu Conocimiento en Todos los Cursos,1461,Los primeros pasos para tu negocio digital,Orientación y ruta académica,"Podría apoyar un diagnóstico inicial de fase y selección del siguiente paso, sin inferir una secuencia docente exacta.",INFERRED,0.68,CATALOG_REFERENCE,https://www.beglobalpro.org/cursos/contenido/d7d44101-5358-4ef0-ae55-920b6c7c840a/1461
Cursos de Actualización en Vivo: Maximiza tu Conocimiento en Todos los Cursos,1462,Campaña ADS para colágeno brilliance,Publicidad y experimentos,"Podría aportar una referencia de campaña para un producto específico, sin trasladar beneficios clínicos ni promesas no verificadas.",INFERRED,0.79,CATALOG_REFERENCE,https://www.beglobalpro.org/cursos/contenido/d7d44101-5358-4ef0-ae55-920b6c7c840a/1462
Cursos de Actualización en Vivo: Maximiza tu Conocimiento en Todos los Cursos,1463,Cómo crear un carrusel,Contenido y creatividad,Podría orientar un borrador de secuencia de láminas con mensaje central y llamada a la acción revisable.,INFERRED,0.79,CATALOG_REFERENCE,https://www.beglobalpro.org/cursos/contenido/d7d44101-5358-4ef0-ae55-920b6c7c840a/1463
Cursos de Actualización en Vivo: Maximiza tu Conocimiento en Todos los Cursos,1464,Shopify sin errores: Checklist de configuración básica,Tienda y catálogo,Podría servir como referencia de revisión básica de Shopify; el título no prueba ausencia de errores ni adjunto descargado.,INFERRED,0.8,CATALOG_REFERENCE,https://www.beglobalpro.org/cursos/contenido/d7d44101-5358-4ef0-ae55-920b6c7c840a/1464
Cursos de Actualización en Vivo: Maximiza tu Conocimiento en Todos los Cursos,1465,Tus primeras ventas en internet,Conversación y conversión,"Podría orientar una misión inicial de conversación y oferta, sin asumir que el recurso produce primeras ventas garantizadas.",INFERRED,0.66,CATALOG_REFERENCE,https://www.beglobalpro.org/cursos/contenido/d7d44101-5358-4ef0-ae55-920b6c7c840a/1465
Cursos de Actualización en Vivo: Maximiza tu Conocimiento en Todos los Cursos,1466,Maximiza tus ventas de temporada,Conversación y conversión,"Podría apoyar hipótesis de oferta estacional según demanda y disponibilidad verificadas, evitando promesas de crecimiento por temporada.",INFERRED,0.74,CATALOG_REFERENCE,https://www.beglobalpro.org/cursos/contenido/d7d44101-5358-4ef0-ae55-920b6c7c840a/1466
Cursos de Actualización en Vivo: Maximiza tu Conocimiento en Todos los Cursos,1467,Hacks para vender en redes sociales,Conversación y conversión,"Podría orientar preguntas sobre obstáculos de conversión social, sin inventar los trucos específicos ni garantizar su eficacia.",INFERRED,0.69,CATALOG_REFERENCE,https://www.beglobalpro.org/cursos/contenido/d7d44101-5358-4ef0-ae55-920b6c7c840a/1467
Cursos de Actualización en Vivo: Maximiza tu Conocimiento en Todos los Cursos,1468,Sesión de ayuda,Orientación y ruta académica,El índice solo anuncia ayuda; se necesita conocer la pregunta tratada antes de asociarla con un caso concreto.,AMBIGUOUS,0.14,CATALOG_REFERENCE,https://www.beglobalpro.org/cursos/contenido/d7d44101-5358-4ef0-ae55-920b6c7c840a/1468
Cursos de Actualización en Vivo: Maximiza tu Conocimiento en Todos los Cursos,1469,Estructura de reels y publicaciones,Contenido y creatividad,Podría apoyar un esquema de reel o publicación con componentes claros para revisar antes de producir la pieza.,INFERRED,0.8,CATALOG_REFERENCE,https://www.beglobalpro.org/cursos/contenido/d7d44101-5358-4ef0-ae55-920b6c7c840a/1469
Cursos de Actualización en Vivo: Maximiza tu Conocimiento en Todos los Cursos,1470,Utiliza la IA para tu ecommerce,IA aplicada al negocio,Podría orientar la elección de una tarea asistida por IA y una revisión humana de datos y resultados propuestos.,INFERRED,0.73,CATALOG_REFERENCE,https://www.beglobalpro.org/cursos/contenido/d7d44101-5358-4ef0-ae55-920b6c7c840a/1470
Cursos de Actualización en Vivo: Maximiza tu Conocimiento en Todos los Cursos,1485,Diseña una marca con propósito,Marca y propuesta de valor,Podría apoyar un borrador de propósito y propuesta de marca consistente con las características reales del negocio.,INFERRED,0.78,CATALOG_REFERENCE,https://www.beglobalpro.org/cursos/contenido/d7d44101-5358-4ef0-ae55-920b6c7c840a/1485
Cursos de Actualización en Vivo: Maximiza tu Conocimiento en Todos los Cursos,1487,Empresarios Digitales,Orientación y ruta académica,La denominación empresarial no describe una materia concreta; requiere detalle de la sesión para orientar una misión útil.,AMBIGUOUS,0.23,CATALOG_REFERENCE,https://www.beglobalpro.org/cursos/contenido/d7d44101-5358-4ef0-ae55-920b6c7c840a/1487
Cursos de Actualización en Vivo: Maximiza tu Conocimiento en Todos los Cursos,1488,Como combinar productos para vender,Conversación y conversión,"Podría ayudar a explorar conjuntos de productos y revisar complementariedad, costos y disponibilidad antes de proponer una oferta.",INFERRED,0.76,CATALOG_REFERENCE,https://www.beglobalpro.org/cursos/contenido/d7d44101-5358-4ef0-ae55-920b6c7c840a/1488
Cursos de Actualización en Vivo: Maximiza tu Conocimiento en Todos los Cursos,1489,Del perfil personal al negocio profesional,Marca y propuesta de valor,"Podría orientar una revisión de identidad comercial al separar presencia personal y negocio, sin modificar perfiles del miembro.",INFERRED,0.73,CATALOG_REFERENCE,https://www.beglobalpro.org/cursos/contenido/d7d44101-5358-4ef0-ae55-920b6c7c840a/1489
Cursos de Actualización en Vivo: Maximiza tu Conocimiento en Todos los Cursos,1492,Haz que tu negocio se vea real,Marca y propuesta de valor,"Podría apoyar una revisión de señales auténticas de confianza del negocio, evitando simular testimonios, trayectoria o capacidades inexistentes.",INFERRED,0.66,CATALOG_REFERENCE,https://www.beglobalpro.org/cursos/contenido/d7d44101-5358-4ef0-ae55-920b6c7c840a/1492
Cursos de Actualización en Vivo: Maximiza tu Conocimiento en Todos los Cursos,1494,"Instagram, Tiktok o Facebook ¿Cuál usar para tu negocio?",Publicidad y experimentos,"Podría ayudar a comparar canales según audiencia, formato y esfuerzo disponible, sin asumir que una red garantiza ventas.",INFERRED,0.78,CATALOG_REFERENCE,https://www.beglobalpro.org/cursos/contenido/d7d44101-5358-4ef0-ae55-920b6c7c840a/1494
Cursos de Actualización en Vivo: Maximiza tu Conocimiento en Todos los Cursos,1496,El diseño detrás de un buen anuncio,Contenido y creatividad,Podría orientar un brief de anuncio y criterios visuales de revisión ligados al producto y mensaje comprobables.,INFERRED,0.78,CATALOG_REFERENCE,https://www.beglobalpro.org/cursos/contenido/d7d44101-5358-4ef0-ae55-920b6c7c840a/1496
Cursos de Actualización en Vivo: Maximiza tu Conocimiento en Todos los Cursos,1498,Contabilidad en tu ecommerce,Revisión legal y fiscal,"Podría apoyar la preparación de registros y dudas contables para revisión profesional, sin afirmar tratamientos fiscales actuales.",INFERRED,0.76,CATALOG_REFERENCE,https://www.beglobalpro.org/cursos/contenido/d7d44101-5358-4ef0-ae55-920b6c7c840a/1498
Cursos de Actualización en Vivo: Maximiza tu Conocimiento en Todos los Cursos,1499,Ecommerce inteligente: Con que si funciona y lo que no.,Orientación y ruta académica,Podría orientar preguntas de diagnóstico general del ecommerce; falta contenido para identificar qué prácticas compara o respalda.,INFERRED,0.6,CATALOG_REFERENCE,https://www.beglobalpro.org/cursos/contenido/d7d44101-5358-4ef0-ae55-920b6c7c840a/1499
Cursos de Actualización en Vivo: Maximiza tu Conocimiento en Todos los Cursos,1501,Domina la creación de videos con IA,IA aplicada al negocio,"Podría apoyar un brief de video asistido por IA con revisión de producto, autoría y exactitud antes de usarlo.",INFERRED,0.79,CATALOG_REFERENCE,https://www.beglobalpro.org/cursos/contenido/d7d44101-5358-4ef0-ae55-920b6c7c840a/1501
Cursos de Actualización en Vivo: Maximiza tu Conocimiento en Todos los Cursos,1533,Empresarios Digitales,Orientación y ruta académica,El título no distingue contenido técnico de acompañamiento empresarial; hace falta descripción para vincularlo con un entregable.,AMBIGUOUS,0.23,CATALOG_REFERENCE,https://www.beglobalpro.org/cursos/contenido/d7d44101-5358-4ef0-ae55-920b6c7c840a/1533
Cursos de Actualización en Vivo: Maximiza tu Conocimiento en Todos los Cursos,1537,Calendario mensual de contenido,Contenido y creatividad,"Podría orientar un borrador de calendario mensual compatible con objetivos, canales y tiempo disponible del miembro.",INFERRED,0.8,CATALOG_REFERENCE,https://www.beglobalpro.org/cursos/contenido/d7d44101-5358-4ef0-ae55-920b6c7c840a/1537
Cursos de Actualización en Vivo: Maximiza tu Conocimiento en Todos los Cursos,1540,Meta Ads interpreta tus métricas,Medición y diagnóstico,"Podría apoyar una revisión de métricas de Meta Ads aportadas por el miembro, diferenciando observaciones de hipótesis.",INFERRED,0.8,CATALOG_REFERENCE,https://www.beglobalpro.org/cursos/contenido/d7d44101-5358-4ef0-ae55-920b6c7c840a/1540
Cursos de Actualización en Vivo: Maximiza tu Conocimiento en Todos los Cursos,1541,Como validar tu producto antes de invertir en ads,Producto y validación,Podría orientar criterios de validación y evidencia faltante del producto antes de considerar presupuesto para anuncios.,INFERRED,0.8,CATALOG_REFERENCE,https://www.beglobalpro.org/cursos/contenido/d7d44101-5358-4ef0-ae55-920b6c7c840a/1541
Cursos de Actualización en Vivo: Maximiza tu Conocimiento en Todos los Cursos,1542,Videos profesionales sin ser editor,Contenido y creatividad,"Podría apoyar una lista de tomas y revisión básica de video accesible, sin acreditar un resultado profesional automático.",INFERRED,0.75,CATALOG_REFERENCE,https://www.beglobalpro.org/cursos/contenido/d7d44101-5358-4ef0-ae55-920b6c7c840a/1542
Cursos de Actualización en Vivo: Maximiza tu Conocimiento en Todos los Cursos,1543,Tendencias tiktok y reels para ecommerce,Contenido y creatividad,"Podría orientar comparación de formatos de TikTok y reels para adaptarlos al producto, verificando tendencias antes de recomendarlas.",INFERRED,0.77,CATALOG_REFERENCE,https://www.beglobalpro.org/cursos/contenido/d7d44101-5358-4ef0-ae55-920b6c7c840a/1543
Cursos de Actualización en Vivo: Maximiza tu Conocimiento en Todos los Cursos,1544,Storytelling de marca: conecta con tu audiencia,Marca y propuesta de valor,Podría ayudar a redactar una historia de marca basada en hechos verificables y necesidades expresadas por su audiencia.,INFERRED,0.8,CATALOG_REFERENCE,https://www.beglobalpro.org/cursos/contenido/d7d44101-5358-4ef0-ae55-920b6c7c840a/1544
Cursos de Actualización en Vivo: Maximiza tu Conocimiento en Todos los Cursos,1545,IA para crear videos sin complicaciones,IA aplicada al negocio,"Podría orientar un borrador de producción de video con IA y revisión humana, sin asumir facilidad o herramientas incluidas.",INFERRED,0.78,CATALOG_REFERENCE,https://www.beglobalpro.org/cursos/contenido/d7d44101-5358-4ef0-ae55-920b6c7c840a/1545
Cursos de Actualización en Vivo: Maximiza tu Conocimiento en Todos los Cursos,1549,Análisis de datos en shopify,Medición y diagnóstico,"Podría apoyar un diagnóstico con reportes de Shopify proporcionados por el miembro, sin acceder a métricas corporativas.",INFERRED,0.8,CATALOG_REFERENCE,https://www.beglobalpro.org/cursos/contenido/d7d44101-5358-4ef0-ae55-920b6c7c840a/1549
Cursos de Actualización en Vivo: Maximiza tu Conocimiento en Todos los Cursos,1550,Sesión de ayuda: Preguntalé al Experto,Orientación y ruta académica,El formato de preguntas al experto no especifica asuntos tratados; se requiere descripción para una recomendación temática fiable.,AMBIGUOUS,0.16,CATALOG_REFERENCE,https://www.beglobalpro.org/cursos/contenido/d7d44101-5358-4ef0-ae55-920b6c7c840a/1550
Cursos de Actualización en Vivo: Maximiza tu Conocimiento en Todos los Cursos,1551,Guiones inteligentes para tus redes sociales,Contenido y creatividad,"Podría orientar borradores de guion ajustados a canal y objetivo, sin asumir que inteligente implica una herramienta de IA.",INFERRED,0.78,CATALOG_REFERENCE,https://www.beglobalpro.org/cursos/contenido/d7d44101-5358-4ef0-ae55-920b6c7c840a/1551
Amazon Marca Registrada,774,1. Bienvenida,Orientación y ruta académica,"La bienvenida permite ubicar el inicio del curso, pero no identifica contenidos suficientes para proponer una misión temática.",AMBIGUOUS,0.15,LOCAL_ASR,https://www.beglobalpro.org/cursos/contenido/6f8454a9-1655-4cac-832d-545af437957b/774
Amazon Marca Registrada,781,2. Ecommerce,Orientación y ruta académica,Podría aportar una referencia conceptual de comercio electrónico para contextualizar el canal Amazon en la fase del miembro.,INFERRED,0.65,LOCAL_ASR,https://www.beglobalpro.org/cursos/contenido/6f8454a9-1655-4cac-832d-545af437957b/781
Amazon Marca Registrada,775,3. Ventajas de vender en Amazon,Conversación y conversión,"Podría orientar una comparación de ventajas potenciales del canal Amazon, contrastándolas con recursos y restricciones reales del negocio.",INFERRED,0.74,LOCAL_ASR,https://www.beglobalpro.org/cursos/contenido/6f8454a9-1655-4cac-832d-545af437957b/775
Amazon Marca Registrada,780,4. 3 Modelos de negocio que existen en Amazon,Producto y validación,"Podría apoyar preguntas para comparar modelos comerciales en Amazon, sin inferir cuáles son los tres modelos mencionados.",INFERRED,0.74,LOCAL_ASR,https://www.beglobalpro.org/cursos/contenido/6f8454a9-1655-4cac-832d-545af437957b/780
Amazon Marca Registrada,779,5. Negocio Escalable dentro del ecommerce,Productividad y ejecución,"Podría orientar una revisión de capacidad operativa y prioridades de crecimiento, sin presentar la escalabilidad como resultado garantizado.",INFERRED,0.65,LOCAL_ASR,https://www.beglobalpro.org/cursos/contenido/6f8454a9-1655-4cac-832d-545af437957b/779
Amazon Marca Registrada,778,6. Consideraciones y mentalidad para vender en Amazon,Productividad y ejecución,"Podría apoyar una conversación de expectativas y preparación para vender en Amazon, sin adoptar afirmaciones psicológicas no verificadas.",INFERRED,0.69,LOCAL_ASR,https://www.beglobalpro.org/cursos/contenido/6f8454a9-1655-4cac-832d-545af437957b/778
Amazon Marca Registrada,777,7. Requisitos para Vender en Amazon USA desde otros países,Revisión legal y fiscal,"Podría orientar preguntas y documentos para un profesional sobre venta transfronteriza a Estados Unidos, verificando los requisitos vigentes.",INFERRED,0.79,LOCAL_ASR,https://www.beglobalpro.org/cursos/contenido/6f8454a9-1655-4cac-832d-545af437957b/777
Amazon Marca Registrada,776,8. Vender en Amazon Mexico,Tienda y catálogo,Podría servir como referencia inicial para ubicar necesidades de venta en Amazon México sin asumir reglas operativas actuales.,INFERRED,0.71,LOCAL_ASR,https://www.beglobalpro.org/cursos/contenido/6f8454a9-1655-4cac-832d-545af437957b/776
Amazon Marca Registrada,784,1. ¿Cuánto dinero necesito para vender por Amazon?,Costos y rentabilidad,"Podría apoyar una estimación de inversión inicial con costos declarados y supuestos explícitos, sin recomendar montos universales.",INFERRED,0.8,LOCAL_ASR,https://www.beglobalpro.org/cursos/contenido/6f8454a9-1655-4cac-832d-545af437957b/784
Amazon Marca Registrada,782,2. Buybox que es y como funciona,Conversación y conversión,"Podría orientar preguntas de diagnóstico sobre la Buy Box, sin asumir criterios actuales ni garantizar visibilidad de oferta.",INFERRED,0.77,LOCAL_ASR,https://www.beglobalpro.org/cursos/contenido/6f8454a9-1655-4cac-832d-545af437957b/782
Amazon Marca Registrada,783,3. Formas para adquirir productos para vender en amazon,Proveedores e importación,Podría ayudar a comparar alternativas de abastecimiento para Amazon y registrar evidencia faltante de cada proveedor considerado.,INFERRED,0.78,LOCAL_ASR,https://www.beglobalpro.org/cursos/contenido/6f8454a9-1655-4cac-832d-545af437957b/783
Amazon Marca Registrada,785,4. Modelos logísticos FBA y FBM,Inventario y logística,"Podría apoyar una comparación preliminar de FBA y FBM según recursos, inventario y responsabilidades confirmadas del miembro.",INFERRED,0.8,LOCAL_ASR,https://www.beglobalpro.org/cursos/contenido/6f8454a9-1655-4cac-832d-545af437957b/785
Amazon Marca Registrada,786,1. Registro y creación de cuenta de vendedor en Amazon,Tienda y catálogo,"Podría orientar un checklist de preparación de cuenta de vendedor, sin solicitar credenciales ni completar registros por el miembro.",INFERRED,0.79,LOCAL_ASR,https://www.beglobalpro.org/cursos/contenido/6f8454a9-1655-4cac-832d-545af437957b/786
Amazon Marca Registrada,787,2. Cuenta Payonner,Costos y rentabilidad,"Podría ayudar a identificar dudas sobre una cuenta de cobro internacional, sin abrirla ni manejar información bancaria sensible.",INFERRED,0.7,LOCAL_ASR,https://www.beglobalpro.org/cursos/contenido/6f8454a9-1655-4cac-832d-545af437957b/787
Amazon Marca Registrada,789,3. Registro de marca en Brand Registry,Revisión legal y fiscal,"Podría apoyar preguntas y revisión documental para Brand Registry con un profesional, sin afirmar elegibilidad ni sustituir asesoría de marcas.",INFERRED,0.8,LOCAL_ASR,https://www.beglobalpro.org/cursos/contenido/6f8454a9-1655-4cac-832d-545af437957b/789
Amazon Marca Registrada,790,4. Posibles estructuras legales para vender en México y USA,Revisión legal y fiscal,Podría orientar una lista de preguntas sobre estructuras jurídicas en México y Estados Unidos para evaluación legal y fiscal profesional.,INFERRED,0.8,LOCAL_ASR,https://www.beglobalpro.org/cursos/contenido/6f8454a9-1655-4cac-832d-545af437957b/790
Amazon Marca Registrada,791,5. Principales tarifas y comisiones de Amazon,Costos y rentabilidad,"Podría apoyar una hoja de costos de Amazon con tarifas verificadas externamente, sin tratar cifras del curso como actuales.",INFERRED,0.79,LOCAL_ASR,https://www.beglobalpro.org/cursos/contenido/6f8454a9-1655-4cac-832d-545af437957b/791
Amazon Marca Registrada,792,6. Abrir casos en el soporte de Amazon,Atención y posventa,"Podría ayudar a organizar evidencia y redactar un borrador para soporte de Amazon, dejando el envío al titular.",INFERRED,0.77,LOCAL_ASR,https://www.beglobalpro.org/cursos/contenido/6f8454a9-1655-4cac-832d-545af437957b/792
Amazon Marca Registrada,811,1. Búsqueda de proveedores en China,Proveedores e importación,"Podría orientar criterios de búsqueda y una ficha comparativa de proveedores chinos, manteniendo verificación comercial y escalamiento de riesgos.",INFERRED,0.79,LOCAL_ASR,https://www.beglobalpro.org/cursos/contenido/6f8454a9-1655-4cac-832d-545af437957b/811
Amazon Marca Registrada,812,2. Búsqueda de Proveedores en Alibaba,Proveedores e importación,"Podría apoyar preguntas de evaluación de proveedores en Alibaba sin asumir reputación, disponibilidad o condiciones comerciales no comprobadas.",INFERRED,0.8,LOCAL_ASR,https://www.beglobalpro.org/cursos/contenido/6f8454a9-1655-4cac-832d-545af437957b/812
Amazon Marca Registrada,813,3. INCOTERMS,Proveedores e importación,"Podría orientar preguntas sobre reparto de costos y responsabilidades para un especialista, sin interpretar contratos o reglas comerciales vigentes.",INFERRED,0.79,LOCAL_ASR,https://www.beglobalpro.org/cursos/contenido/6f8454a9-1655-4cac-832d-545af437957b/813
Amazon Marca Registrada,814,4. Negociación con proveedores,Proveedores e importación,"Podría apoyar un borrador de preguntas y comparación de condiciones negociables, sin contactar proveedores ni comprometer pedidos.",INFERRED,0.79,LOCAL_ASR,https://www.beglobalpro.org/cursos/contenido/6f8454a9-1655-4cac-832d-545af437957b/814
Amazon Marca Registrada,815,5. Las muestras y control de calidad,Proveedores e importación,Podría orientar un checklist de evaluación de muestras y evidencia de calidad antes de considerar un pedido mayor.,INFERRED,0.8,LOCAL_ASR,https://www.beglobalpro.org/cursos/contenido/6f8454a9-1655-4cac-832d-545af437957b/815
Amazon Marca Registrada,816,6. Certificaciones y normas de los productos,Revisión legal y fiscal,"Podría apoyar la recopilación de certificaciones y preguntas de conformidad para revisión profesional, sin certificar cumplimiento normativo.",INFERRED,0.8,LOCAL_ASR,https://www.beglobalpro.org/cursos/contenido/6f8454a9-1655-4cac-832d-545af437957b/816
Amazon Marca Registrada,817,7. Pagos a proveedores,Proveedores e importación,"Podría orientar preguntas sobre condiciones de pago y evidencia contractual, sin ejecutar transferencias ni recomendar métodos no verificados.",INFERRED,0.77,CATALOG_REFERENCE,https://www.beglobalpro.org/cursos/contenido/6f8454a9-1655-4cac-832d-545af437957b/817
Amazon Marca Registrada,818,8. Búsqueda de proveedores en Mexico,Proveedores e importación,"Podría apoyar una comparación de proveedores mexicanos con criterios de evidencia y disponibilidad, sin validar empresas desde el título.",INFERRED,0.79,LOCAL_ASR,https://www.beglobalpro.org/cursos/contenido/6f8454a9-1655-4cac-832d-545af437957b/818
Amazon Marca Registrada,819,9. Los Códigos de barras,Inventario y logística,Podría orientar una revisión de identificadores de producto y dudas de trazabilidad antes de preparar inventario para Amazon.,INFERRED,0.77,LOCAL_ASR,https://www.beglobalpro.org/cursos/contenido/6f8454a9-1655-4cac-832d-545af437957b/819
Amazon Marca Registrada,820,10. Etiquetado de tus productos,Inventario y logística,"Podría apoyar un checklist de información de etiquetado, escalando requisitos regulatorios y verificando exigencias actuales antes de imprimir.",INFERRED,0.79,LOCAL_ASR,https://www.beglobalpro.org/cursos/contenido/6f8454a9-1655-4cac-832d-545af437957b/820
Amazon Marca Registrada,821,11. El transporte para tus productos,Inventario y logística,"Podría ayudar a comparar alternativas de transporte con tiempos y costos confirmados, sin reservar envíos ni prometer entregas.",INFERRED,0.79,LOCAL_ASR,https://www.beglobalpro.org/cursos/contenido/6f8454a9-1655-4cac-832d-545af437957b/821
Amazon Marca Registrada,822,12. Envía tus productos a los almacenes de Amazon,Inventario y logística,"Podría orientar la preparación de inventario y preguntas de recepción en almacenes Amazon, sin crear envíos operativos.",INFERRED,0.8,LOCAL_ASR,https://www.beglobalpro.org/cursos/contenido/6f8454a9-1655-4cac-832d-545af437957b/822
Amazon Marca Registrada,823,1.¿Que son las palabras Clave?,Tienda y catálogo,"Podría contextualizar palabras clave como referencia para organizar información de una ficha, sin atribuir reglas específicas de posicionamiento.",INFERRED,0.76,LOCAL_ASR,https://www.beglobalpro.org/cursos/contenido/6f8454a9-1655-4cac-832d-545af437957b/823
Amazon Marca Registrada,824,2. Búsqueda de palabras clave,Tienda y catálogo,Podría apoyar un listado de términos relevantes para el producto que necesite contrastarse con datos de búsqueda reales.,INFERRED,0.78,LOCAL_ASR,https://www.beglobalpro.org/cursos/contenido/6f8454a9-1655-4cac-832d-545af437957b/824
Amazon Marca Registrada,825,"3. Estrategias de Optimización de títulos, descripciones y palabra clave",Tienda y catálogo,Podría orientar la revisión de títulos y descripciones de fichas con términos relevantes y características verificadas del producto.,INFERRED,0.8,LOCAL_ASR,https://www.beglobalpro.org/cursos/contenido/6f8454a9-1655-4cac-832d-545af437957b/825
Amazon Marca Registrada,826,4. Optimización de imágenes para listado,Contenido y creatividad,"Podría apoyar un brief fotográfico y checklist de imágenes para listado, sin asumir requisitos vigentes ni manipular características.",INFERRED,0.8,LOCAL_ASR,https://www.beglobalpro.org/cursos/contenido/6f8454a9-1655-4cac-832d-545af437957b/826
Amazon Marca Registrada,827,5. Creación de un listado de producto optimizado,Tienda y catálogo,Podría ayudar a preparar una ficha estructurada y revisar información faltante antes de que el miembro publique su producto.,INFERRED,0.8,LOCAL_ASR,https://www.beglobalpro.org/cursos/contenido/6f8454a9-1655-4cac-832d-545af437957b/827
Amazon Marca Registrada,853,6. Creación de un listado de productos con variantes,Tienda y catálogo,"Podría orientar una tabla de variantes y atributos confirmados para preparar el catálogo, sin modificar relaciones en Amazon.",INFERRED,0.8,LOCAL_ASR,https://www.beglobalpro.org/cursos/contenido/6f8454a9-1655-4cac-832d-545af437957b/853
Amazon Marca Registrada,828,7.Uso de Fiverr para vender en Amazon,Servicios y especialización,"Podría apoyar un brief para contratar servicios relacionados con Amazon, comparando alcance y evidencia sin contratar por el miembro.",INFERRED,0.76,LOCAL_ASR,https://www.beglobalpro.org/cursos/contenido/6f8454a9-1655-4cac-832d-545af437957b/828
Amazon Marca Registrada,829,8. Creación de contenido A+,Contenido y creatividad,"Podría orientar un esquema de contenido A+ con mensajes y recursos propios, sujeto a requisitos actuales y revisión humana.",INFERRED,0.79,LOCAL_ASR,https://www.beglobalpro.org/cursos/contenido/6f8454a9-1655-4cac-832d-545af437957b/829
Amazon Marca Registrada,793,1. Identificación de categorías y productos rentables,Producto y validación,"Podría apoyar criterios de exploración de categorías y productos, sin afirmar rentabilidad antes de obtener evidencia de costos y demanda.",INFERRED,0.79,LOCAL_ASR,https://www.beglobalpro.org/cursos/contenido/6f8454a9-1655-4cac-832d-545af437957b/793
Amazon Marca Registrada,794,2. Categorías NO recomendadas para iniciar a vender,Producto y validación,"Podría orientar preguntas sobre riesgos de categorías para principiantes, sin inventar una lista de exclusiones ni tomarla como vigente.",INFERRED,0.76,LOCAL_ASR,https://www.beglobalpro.org/cursos/contenido/6f8454a9-1655-4cac-832d-545af437957b/794
Amazon Marca Registrada,795,3. Política de propiedad intelectual de Amazon,Revisión legal y fiscal,Podría ayudar a identificar dudas de propiedad intelectual para revisión profesional y consulta de políticas actuales de Amazon.,INFERRED,0.8,LOCAL_ASR,https://www.beglobalpro.org/cursos/contenido/6f8454a9-1655-4cac-832d-545af437957b/795
Amazon Marca Registrada,796,4. Cómo saber si un producto tiene patente,Revisión legal y fiscal,"Podría orientar preparación de referencias y preguntas de patente para un especialista, sin concluir libertad de operación.",INFERRED,0.8,LOCAL_ASR,https://www.beglobalpro.org/cursos/contenido/6f8454a9-1655-4cac-832d-545af437957b/796
Amazon Marca Registrada,797,5. Estrategias para encontrar categorías y productos rentables sin herramientas,Producto y validación,"Podría apoyar una investigación preliminar sin herramientas pagadas, registrando hipótesis y límites sin prometer identificación de productos rentables.",INFERRED,0.78,LOCAL_ASR,https://www.beglobalpro.org/cursos/contenido/6f8454a9-1655-4cac-832d-545af437957b/797
Amazon Marca Registrada,798,6. Estrategias para encontrar categorías y productos rentables con herramientas,Producto y validación,"Podría orientar una ficha de investigación asistida por herramientas, distinguiendo estimaciones externas de evidencia propia de demanda.",INFERRED,0.78,LOCAL_ASR,https://www.beglobalpro.org/cursos/contenido/6f8454a9-1655-4cac-832d-545af437957b/798
Amazon Marca Registrada,799,7. Análisis de la demanda,Producto y validación,Podría ayudar a formular preguntas sobre demanda y datos necesarios para validar interés real antes de invertir.,INFERRED,0.8,LOCAL_ASR,https://www.beglobalpro.org/cursos/contenido/6f8454a9-1655-4cac-832d-545af437957b/799
Amazon Marca Registrada,800,8. Análisis de la Oferta,Producto y validación,Podría orientar una comparación de oferta competidora y vacíos de evidencia que condicionen la selección de un producto.,INFERRED,0.79,LOCAL_ASR,https://www.beglobalpro.org/cursos/contenido/6f8454a9-1655-4cac-832d-545af437957b/800
Amazon Marca Registrada,806,9. Check List de producto ganador,Producto y validación,Podría servir como referencia de criterios de validación; el título no prueba un checklist adjunto ni productos ganadores garantizados.,INFERRED,0.79,LOCAL_ASR,https://www.beglobalpro.org/cursos/contenido/6f8454a9-1655-4cac-832d-545af437957b/806
Amazon Marca Registrada,852,10.Extensiones de Chrome para búsqueda de productos,Producto y validación,"Podría orientar preguntas sobre datos de extensiones de investigación, verificando permisos, actualidad y limitaciones antes de utilizarlas.",INFERRED,0.77,LOCAL_ASR,https://www.beglobalpro.org/cursos/contenido/6f8454a9-1655-4cac-832d-545af437957b/852
Amazon Marca Registrada,807,11. Caso práctico búsqueda de producto con herramientas de pago,Producto y validación,"Podría aportar una referencia de investigación con herramientas pagadas, sin asumir acceso incluido ni extrapolar resultados del ejemplo.",INFERRED,0.77,LOCAL_ASR,https://www.beglobalpro.org/cursos/contenido/6f8454a9-1655-4cac-832d-545af437957b/807
Amazon Marca Registrada,808,12. Oportunity Finder Jungle Scout,Producto y validación,"Podría orientar preguntas de exploración con Jungle Scout, contrastando estimaciones y disponibilidad actual de funciones antes de recomendarlo.",INFERRED,0.78,LOCAL_ASR,https://www.beglobalpro.org/cursos/contenido/6f8454a9-1655-4cac-832d-545af437957b/808
Amazon Marca Registrada,809,13. Diferenciar tu producto,Marca y propuesta de valor,"Podría apoyar un borrador de diferenciadores fundamentados en características verificadas y necesidades del cliente, evitando ventajas inventadas.",INFERRED,0.79,LOCAL_ASR,https://www.beglobalpro.org/cursos/contenido/6f8454a9-1655-4cac-832d-545af437957b/809
Amazon Marca Registrada,810,14. Rentabilidad de Productos,Costos y rentabilidad,"Podría orientar una estimación de margen por producto con costos completos y supuestos explícitos, sin garantizar rentabilidad.",INFERRED,0.8,LOCAL_ASR,https://www.beglobalpro.org/cursos/contenido/6f8454a9-1655-4cac-832d-545af437957b/810
Amazon Marca Registrada,830,9. Creación de Brand Store,Tienda y catálogo,"Podría ayudar a bosquejar estructura de tienda de marca y activos necesarios, dejando configuración y publicación al miembro.",INFERRED,0.79,LOCAL_ASR,https://www.beglobalpro.org/cursos/contenido/6f8454a9-1655-4cac-832d-545af437957b/830
Amazon Marca Registrada,837,1. Introduccion a Amazon PPC,Publicidad y experimentos,Podría orientar conceptos iniciales para un brief publicitario en Amazon sin activar campañas ni tratar recomendaciones históricas como actuales.,INFERRED,0.78,LOCAL_ASR,https://www.beglobalpro.org/cursos/contenido/6f8454a9-1655-4cac-832d-545af437957b/837
Amazon Marca Registrada,838,"2. Estrategias de publicidad: Sponsored Products, Sponsored Brands y Sponsored Display",Publicidad y experimentos,"Podría apoyar una comparación de formatos Sponsored Products, Brands y Display según objetivo, sujeta a disponibilidad y requisitos vigentes.",INFERRED,0.8,LOCAL_ASR,https://www.beglobalpro.org/cursos/contenido/6f8454a9-1655-4cac-832d-545af437957b/838
Amazon Marca Registrada,839,3. Estructura de Campañas,Publicidad y experimentos,Podría orientar un borrador de organización de campañas con objetivos y criterios de medición antes de cualquier activación.,INFERRED,0.79,LOCAL_ASR,https://www.beglobalpro.org/cursos/contenido/6f8454a9-1655-4cac-832d-545af437957b/839
Amazon Marca Registrada,840,4. Principales Métricas en Amazon PPC,Medición y diagnóstico,"Podría ayudar a preparar una revisión de indicadores PPC con datos aportados, separando resultados observados y decisiones pendientes.",INFERRED,0.8,LOCAL_ASR,https://www.beglobalpro.org/cursos/contenido/6f8454a9-1655-4cac-832d-545af437957b/840
Amazon Marca Registrada,841,5. Estrategia básica de campañas publicitarias en lanzamiento,Publicidad y experimentos,"Podría orientar hipótesis de prueba publicitaria para un lanzamiento, sin inferir presupuestos, secuencias o resultados garantizados.",INFERRED,0.79,LOCAL_ASR,https://www.beglobalpro.org/cursos/contenido/6f8454a9-1655-4cac-832d-545af437957b/841
Amazon Marca Registrada,842,6. Campaña Automatica,Publicidad y experimentos,"Podría apoyar preguntas sobre campañas automáticas y sus criterios de revisión, sin crear campañas ni asignar gasto.",INFERRED,0.78,LOCAL_ASR,https://www.beglobalpro.org/cursos/contenido/6f8454a9-1655-4cac-832d-545af437957b/842
Amazon Marca Registrada,843,7. Análisis y selección de palabras claves para campañas publicitarias,Publicidad y experimentos,"Podría ayudar a preparar una selección preliminar de términos para probar, contrastándola con producto y datos publicitarios disponibles.",INFERRED,0.8,LOCAL_ASR,https://www.beglobalpro.org/cursos/contenido/6f8454a9-1655-4cac-832d-545af437957b/843
Amazon Marca Registrada,844,8. Coincidencias de palabras clave,Publicidad y experimentos,"Podría orientar una comparación de tipos de coincidencia para un experimento, sin asumir definiciones o comportamientos vigentes.",INFERRED,0.79,LOCAL_ASR,https://www.beglobalpro.org/cursos/contenido/6f8454a9-1655-4cac-832d-545af437957b/844
Amazon Marca Registrada,845,9. Crear una campaña manual de palabras clave,Publicidad y experimentos,"Podría apoyar un borrador de campaña manual por palabras clave, manteniendo aprobación, presupuesto y activación bajo control humano.",INFERRED,0.8,LOCAL_ASR,https://www.beglobalpro.org/cursos/contenido/6f8454a9-1655-4cac-832d-545af437957b/845
Amazon Marca Registrada,854,10. Como crear una campaña manual de categorías y ASINs,Publicidad y experimentos,"Podría orientar una hipótesis de segmentación por categorías y ASINs, con verificación de pertinencia antes de plantear pruebas.",INFERRED,0.8,LOCAL_ASR,https://www.beglobalpro.org/cursos/contenido/6f8454a9-1655-4cac-832d-545af437957b/854
Amazon Marca Registrada,846,11. Creación de Campañas de Sponsored Brands,Publicidad y experimentos,Podría ayudar a preparar objetivos y activos para una propuesta de Sponsored Brands sin operar la cuenta publicitaria.,INFERRED,0.8,LOCAL_ASR,https://www.beglobalpro.org/cursos/contenido/6f8454a9-1655-4cac-832d-545af437957b/846
Amazon Marca Registrada,847,12. Creación de campañas de Sponsored Display,Publicidad y experimentos,"Podría apoyar un brief de Sponsored Display y criterios de evaluación, sujeto a requisitos actuales y aprobación del miembro.",INFERRED,0.8,LOCAL_ASR,https://www.beglobalpro.org/cursos/contenido/6f8454a9-1655-4cac-832d-545af437957b/847
Amazon Marca Registrada,848,13. Optimización manual de campañas publicitarias,Medición y diagnóstico,"Podría orientar una revisión de campañas manuales con evidencia de rendimiento, proponiendo hipótesis sin cambiar pujas ni presupuestos.",INFERRED,0.78,LOCAL_ASR,https://www.beglobalpro.org/cursos/contenido/6f8454a9-1655-4cac-832d-545af437957b/848
Amazon Marca Registrada,849,14. Optimización de campañas automaticas,Medición y diagnóstico,"Podría ayudar a organizar hallazgos de campañas automáticas para revisión humana, sin aplicar reglas de optimización no verificadas.",INFERRED,0.78,LOCAL_ASR,https://www.beglobalpro.org/cursos/contenido/6f8454a9-1655-4cac-832d-545af437957b/849
Amazon Marca Registrada,850,15. Optimización de campañas publicitarias con reporte publicitario,Medición y diagnóstico,"Podría apoyar un diagnóstico basado en reportes publicitarios aportados, documentando datos faltantes y decisiones sujetas a validación.",INFERRED,0.8,LOCAL_ASR,https://www.beglobalpro.org/cursos/contenido/6f8454a9-1655-4cac-832d-545af437957b/850
Amazon Marca Registrada,832,1. Etapa Honey Moon,Orientación y ruta académica,La expresión Honey Moon no define un mecanismo verificable; se requiere contexto para vincularla responsablemente con el lanzamiento.,AMBIGUOUS,0.28,LOCAL_ASR,https://www.beglobalpro.org/cursos/contenido/6f8454a9-1655-4cac-832d-545af437957b/832
Amazon Marca Registrada,833,2. Estrategia de Lanzamiento,Conversación y conversión,"Podría orientar un borrador de preparación del lanzamiento con oferta y evidencia requeridas, sin asumir una secuencia específica.",INFERRED,0.76,LOCAL_ASR,https://www.beglobalpro.org/cursos/contenido/6f8454a9-1655-4cac-832d-545af437957b/833
Amazon Marca Registrada,834,3. Creación de cupones y ofertas,Conversación y conversión,"Podría apoyar hipótesis de cupones y ofertas revisando condiciones y costos, sin publicarlos ni prometer conversión adicional.",INFERRED,0.79,LOCAL_ASR,https://www.beglobalpro.org/cursos/contenido/6f8454a9-1655-4cac-832d-545af437957b/834
Amazon Marca Registrada,835,4. Estrategia del Breakeven,Costos y rentabilidad,"Podría ayudar a estimar punto de equilibrio con datos del miembro y supuestos explícitos, sin recomendar inversión definitiva.",INFERRED,0.79,LOCAL_ASR,https://www.beglobalpro.org/cursos/contenido/6f8454a9-1655-4cac-832d-545af437957b/835
Amazon Marca Registrada,836,5. Estrategia de Rentabilidad,Costos y rentabilidad,"Podría orientar escenarios de margen y preguntas de sostenibilidad económica, sin tratar la rentabilidad como un resultado asegurado.",INFERRED,0.76,LOCAL_ASR,https://www.beglobalpro.org/cursos/contenido/6f8454a9-1655-4cac-832d-545af437957b/836
Dropshipping Manager,860,Bienvenida a Be Global Pro.,Orientación y ruta académica,"La bienvenida identifica el punto inicial del recorrido, pero no describe una materia suficiente para proponer una tarea específica.",AMBIGUOUS,0.15,CATALOG_REFERENCE,https://www.beglobalpro.org/cursos/contenido/128f0057-9f5f-4a23-87ba-d92bedc46936/860
Dropshipping Manager,726,¿Que es be global pro y como nace?,Orientación y ruta académica,"Podría aportar una referencia sobre identidad y origen de Be Global Pro, sin inferir hitos o afirmaciones institucionales.",INFERRED,0.68,CATALOG_REFERENCE,https://www.beglobalpro.org/cursos/contenido/128f0057-9f5f-4a23-87ba-d92bedc46936/726
Dropshipping Manager,728,Valores y forma de trabajo de la empresa,Orientación y ruta académica,"Podría orientar preguntas sobre valores y dinámica de trabajo, pendientes de contrastar con documentación corporativa aprobada.",INFERRED,0.74,CATALOG_REFERENCE,https://www.beglobalpro.org/cursos/contenido/128f0057-9f5f-4a23-87ba-d92bedc46936/728
Dropshipping Manager,729,¿Como funciona la plataforma de be global pro?,Orientación y ruta académica,"Podría ayudar a ubicar recursos y preguntas de navegación en Be Global Pro, sin acceso administrativo del agente.",INFERRED,0.76,CATALOG_REFERENCE,https://www.beglobalpro.org/cursos/contenido/128f0057-9f5f-4a23-87ba-d92bedc46936/729
Dropshipping Manager,730,Envíos y Garantías,Atención y posventa,"Podría apoyar una lista de dudas de entrega y garantías para el equipo, sin inventar políticas ni resolver reclamaciones.",INFERRED,0.77,CATALOG_REFERENCE,https://www.beglobalpro.org/cursos/contenido/128f0057-9f5f-4a23-87ba-d92bedc46936/730
Dropshipping Manager,731,Propósito del curso dropshipping manager,Orientación y ruta académica,"Podría orientar la elección del curso según objetivo del miembro, sin asumir competencias o certificaciones obtenidas al finalizar.",INFERRED,0.67,CATALOG_REFERENCE,https://www.beglobalpro.org/cursos/contenido/128f0057-9f5f-4a23-87ba-d92bedc46936/731
Dropshipping Manager,732,"1.-¿Que es el ecommerce, dropshipping y como funciona?",Orientación y ruta académica,"Podría ayudar a contextualizar ecommerce y dropshipping antes de elegir una misión, diferenciando modelo comercial y tareas pendientes.",INFERRED,0.76,CATALOG_REFERENCE,https://www.beglobalpro.org/cursos/contenido/128f0057-9f5f-4a23-87ba-d92bedc46936/732
Dropshipping Manager,733,2.-Ventajas y desventajas del modelo de negocio,Producto y validación,"Podría orientar una comparación de beneficios y riesgos del dropshipping según recursos reales, sin afirmar viabilidad para todos.",INFERRED,0.74,CATALOG_REFERENCE,https://www.beglobalpro.org/cursos/contenido/128f0057-9f5f-4a23-87ba-d92bedc46936/733
Dropshipping Manager,734,3.- Canales de trafico en el ecommerce y como funcionan,Publicidad y experimentos,Podría ayudar a distinguir fuentes de visitantes y formular una hipótesis de adquisición acorde al tiempo disponible.,INFERRED,0.78,CATALOG_REFERENCE,https://www.beglobalpro.org/cursos/contenido/128f0057-9f5f-4a23-87ba-d92bedc46936/734
Dropshipping Manager,735,4.- Canales de venta en el ecommerce y como funcionan,Conversación y conversión,Podría apoyar una comparación de canales para cerrar compras según producto y preferencias verificadas de los clientes.,INFERRED,0.78,CATALOG_REFERENCE,https://www.beglobalpro.org/cursos/contenido/128f0057-9f5f-4a23-87ba-d92bedc46936/735
Dropshipping Manager,736,5.- Fórmula del crecimiento para tu negocio digital,Medición y diagnóstico,"Podría orientar preguntas sobre variables de crecimiento del negocio, sin inventar la fórmula ni prometer resultados al aplicarla.",INFERRED,0.66,CATALOG_REFERENCE,https://www.beglobalpro.org/cursos/contenido/128f0057-9f5f-4a23-87ba-d92bedc46936/736
Dropshipping Manager,737,1.- Identificación del publico objetivo y nicho de mercado,Producto y validación,Podría apoyar una hipótesis de público y nicho acompañada de preguntas de validación antes de seleccionar productos.,INFERRED,0.8,CATALOG_REFERENCE,https://www.beglobalpro.org/cursos/contenido/128f0057-9f5f-4a23-87ba-d92bedc46936/737
Dropshipping Manager,738,2.- Producto Estrella,Producto y validación,"Podría orientar criterios para priorizar un producto principal, sin asumir que la etiqueta estrella acredita demanda o ganancias.",INFERRED,0.69,CATALOG_REFERENCE,https://www.beglobalpro.org/cursos/contenido/128f0057-9f5f-4a23-87ba-d92bedc46936/738
Dropshipping Manager,739,3.- Selección de productos para tu tienda en linea,Producto y validación,"Podría ayudar a construir una selección inicial de catálogo basada en audiencia, abastecimiento y evidencia de interés.",INFERRED,0.79,CATALOG_REFERENCE,https://www.beglobalpro.org/cursos/contenido/128f0057-9f5f-4a23-87ba-d92bedc46936/739
Dropshipping Manager,740,4.- Como definir los costos de los productos que elegiste,Costos y rentabilidad,Podría apoyar una hoja de costos por producto con información del miembro y supuestos visibles antes de fijar precios.,INFERRED,0.8,CATALOG_REFERENCE,https://www.beglobalpro.org/cursos/contenido/128f0057-9f5f-4a23-87ba-d92bedc46936/740
Dropshipping Manager,741,5.- Factores a considerar para elegir un nombre,Marca y propuesta de valor,"Podría orientar criterios para comparar nombres del negocio según identidad y claridad, pendientes de revisión legal y disponibilidad.",INFERRED,0.78,CATALOG_REFERENCE,https://www.beglobalpro.org/cursos/contenido/128f0057-9f5f-4a23-87ba-d92bedc46936/741
Dropshipping Manager,742,6.- Técnicas de generación de ideas para nombres,Marca y propuesta de valor,"Podría apoyar un borrador de alternativas de nombre para revisar con el miembro, sin atribuir técnicas concretas al docente.",INFERRED,0.79,CATALOG_REFERENCE,https://www.beglobalpro.org/cursos/contenido/128f0057-9f5f-4a23-87ba-d92bedc46936/742
Dropshipping Manager,743,"7.- Revisar disponibilidad del nombre en redes sociales, dominio e IMPI",Revisión legal y fiscal,"Podría organizar búsquedas y preguntas sobre disponibilidad de nombre, dominio e IMPI, sin concluir registrabilidad ni ausencia de conflictos.",INFERRED,0.8,CATALOG_REFERENCE,https://www.beglobalpro.org/cursos/contenido/128f0057-9f5f-4a23-87ba-d92bedc46936/743
Dropshipping Manager,744,8.- Relación entre nombre y diseño de logotipo,Marca y propuesta de valor,Podría ayudar a revisar coherencia entre nombre e identidad visual para preparar un brief de marca consistente.,INFERRED,0.78,CATALOG_REFERENCE,https://www.beglobalpro.org/cursos/contenido/128f0057-9f5f-4a23-87ba-d92bedc46936/744
Dropshipping Manager,745,9.- Contratación de diseñadores vs uso de herramientas,Servicios y especialización,"Podría orientar una comparación de alcance, costo y capacidad entre apoyo profesional y herramientas, sin contratar servicios automáticamente.",INFERRED,0.78,CATALOG_REFERENCE,https://www.beglobalpro.org/cursos/contenido/128f0057-9f5f-4a23-87ba-d92bedc46936/745
Dropshipping Manager,746,"10.- Coherencia visual entre nombre, logotipo y colores",Marca y propuesta de valor,"Podría apoyar un checklist de consistencia entre nombre, logotipo y paleta de color para piezas del negocio.",INFERRED,0.8,CATALOG_REFERENCE,https://www.beglobalpro.org/cursos/contenido/128f0057-9f5f-4a23-87ba-d92bedc46936/746
Dropshipping Manager,747,11.- Creación express de tu primer logo en canva,Marca y propuesta de valor,"Podría orientar un brief de primer logotipo en Canva sin garantizar originalidad, registrabilidad ni acceso a plantillas específicas.",INFERRED,0.79,CATALOG_REFERENCE,https://www.beglobalpro.org/cursos/contenido/128f0057-9f5f-4a23-87ba-d92bedc46936/747
Dropshipping Manager,887,Creación y configuración de Fanpage,Tienda y catálogo,"Podría apoyar la preparación de información para una Fanpage, dejando creación y configuración en manos del miembro.",INFERRED,0.79,CATALOG_REFERENCE,https://www.beglobalpro.org/cursos/contenido/128f0057-9f5f-4a23-87ba-d92bedc46936/887
Dropshipping Manager,753,Introducción a business Facebook,Publicidad y experimentos,Podría ayudar a ubicar necesidades iniciales de administración publicitaria en Facebook sin acceder a cuentas o activos.,INFERRED,0.73,CATALOG_REFERENCE,https://www.beglobalpro.org/cursos/contenido/128f0057-9f5f-4a23-87ba-d92bedc46936/753
Dropshipping Manager,754,Verificaciones necesarias de Facebook,Publicidad y experimentos,"Podría orientar un listado de preguntas de verificación de cuenta, contrastando requisitos actuales sin solicitar documentos sensibles.",INFERRED,0.75,CATALOG_REFERENCE,https://www.beglobalpro.org/cursos/contenido/128f0057-9f5f-4a23-87ba-d92bedc46936/754
Dropshipping Manager,752,Creación y enlace del pixel a shopify,Medición y diagnóstico,"Podría apoyar un checklist de medición entre píxel y Shopify, sin instalar integraciones ni tratar conexiones como verificadas.",INFERRED,0.8,CATALOG_REFERENCE,https://www.beglobalpro.org/cursos/contenido/128f0057-9f5f-4a23-87ba-d92bedc46936/752
Dropshipping Manager,755,Desarrollo de los diseños para tu primera campaña de trafico,Contenido y creatividad,"Podría orientar un brief de piezas para atraer visitas a la tienda, usando mensaje y características comprobadas.",INFERRED,0.8,CATALOG_REFERENCE,https://www.beglobalpro.org/cursos/contenido/128f0057-9f5f-4a23-87ba-d92bedc46936/755
Dropshipping Manager,756,Creación de tu primer campaña publicitaria de trafico a la tienda online con pixel,Publicidad y experimentos,"Podría apoyar una hipótesis de campaña de tráfico con plan de medición, sin activar anuncios ni configurar el píxel.",INFERRED,0.8,CATALOG_REFERENCE,https://www.beglobalpro.org/cursos/contenido/128f0057-9f5f-4a23-87ba-d92bedc46936/756
Dropshipping Manager,757,Desarrollo de los diseños para tu campaña de Venta,Contenido y creatividad,"Podría ayudar a preparar variantes creativas de venta para revisión humana, sin trasladar promesas comerciales no verificadas.",INFERRED,0.79,CATALOG_REFERENCE,https://www.beglobalpro.org/cursos/contenido/128f0057-9f5f-4a23-87ba-d92bedc46936/757
Dropshipping Manager,758,Creación de campaña publicitaria de conversiones a ala tienda online con pixel,Publicidad y experimentos,"Podría orientar un brief de campaña de conversiones condicionado a medición comprobada, presupuesto aprobado y operación por el miembro.",INFERRED,0.8,CATALOG_REFERENCE,https://www.beglobalpro.org/cursos/contenido/128f0057-9f5f-4a23-87ba-d92bedc46936/758
Dropshipping Manager,759,Como revisar las estadísticas de las campañas publicitarias y optimizarlas,Medición y diagnóstico,Podría apoyar una revisión de estadísticas publicitarias aportadas por el miembro y formular hipótesis antes de modificar campañas.,INFERRED,0.8,CATALOG_REFERENCE,https://www.beglobalpro.org/cursos/contenido/128f0057-9f5f-4a23-87ba-d92bedc46936/759
Dropshipping Manager,1237,Errores del Ecommerce: que si y que no hacer,Orientación y ruta académica,"Podría orientar una revisión general de obstáculos del ecommerce, sin inferir la lista de errores discutidos en la sesión.",INFERRED,0.64,CATALOG_REFERENCE,https://www.beglobalpro.org/cursos/contenido/128f0057-9f5f-4a23-87ba-d92bedc46936/1237
Dropshipping Manager,995,"Que es shopify, creación de cuenta, elección de plan y Compra de Dominio",Tienda y catálogo,"Podría ayudar a comparar necesidades de tienda, plan y dominio, dejando compras y apertura de cuenta al miembro.",INFERRED,0.79,CATALOG_REFERENCE,https://www.beglobalpro.org/cursos/contenido/128f0057-9f5f-4a23-87ba-d92bedc46936/995
Dropshipping Manager,761,"Configuración de la moneda, idioma y zona horaria",Tienda y catálogo,"Podría apoyar un checklist de moneda, idioma y zona horaria según operación declarada, sin cambiar la configuración.",INFERRED,0.8,CATALOG_REFERENCE,https://www.beglobalpro.org/cursos/contenido/128f0057-9f5f-4a23-87ba-d92bedc46936/761
Dropshipping Manager,858,Tour rápido por el panel administrativo de Shopify,Tienda y catálogo,"Podría aportar una referencia de navegación administrativa de Shopify para orientar preguntas, sin acceder al panel del miembro.",INFERRED,0.77,CATALOG_REFERENCE,https://www.beglobalpro.org/cursos/contenido/128f0057-9f5f-4a23-87ba-d92bedc46936/858
Dropshipping Manager,859,"Configuración de la información básica de la tienda: nombre, logo, descripción + cerrar tienda con contraseña",Tienda y catálogo,"Podría orientar la preparación de información básica y estado de visibilidad de tienda, sin solicitar contraseñas ni alterar accesos.",INFERRED,0.8,CATALOG_REFERENCE,https://www.beglobalpro.org/cursos/contenido/128f0057-9f5f-4a23-87ba-d92bedc46936/859
Dropshipping Manager,748,Enlace de la app de be global pro con tu tienda de shopify,Automatización guiada,"Podría apoyar preguntas y requisitos de conexión entre Be Global Pro y Shopify, sin instalar aplicaciones ni autorizar permisos.",INFERRED,0.79,CATALOG_REFERENCE,https://www.beglobalpro.org/cursos/contenido/128f0057-9f5f-4a23-87ba-d92bedc46936/748
Dropshipping Manager,749,Importación de los productos a tu catálogo,Tienda y catálogo,"Podría orientar un checklist de datos de productos antes de importación manual al catálogo, sin ejecutar cargas.",INFERRED,0.79,CATALOG_REFERENCE,https://www.beglobalpro.org/cursos/contenido/128f0057-9f5f-4a23-87ba-d92bedc46936/749
Dropshipping Manager,805,Creación de colecciones para una navegación fácil,Tienda y catálogo,Podría ayudar a bosquejar colecciones y agrupaciones de productos para revisar claridad de navegación sin modificar la tienda.,INFERRED,0.8,CATALOG_REFERENCE,https://www.beglobalpro.org/cursos/contenido/128f0057-9f5f-4a23-87ba-d92bedc46936/805
Dropshipping Manager,865,Como mejorar la descripción del producto apalancándote de la IA,IA aplicada al negocio,Podría apoyar un prompt para descripciones de producto con datos verificados y revisión humana antes de cualquier publicación.,INFERRED,0.8,CATALOG_REFERENCE,https://www.beglobalpro.org/cursos/contenido/128f0057-9f5f-4a23-87ba-d92bedc46936/865
Dropshipping Manager,804,Configuración de envíos,Inventario y logística,"Podría orientar una tabla de opciones de envío con datos confirmados, sin inventar tarifas ni configurar operaciones.",INFERRED,0.79,CATALOG_REFERENCE,https://www.beglobalpro.org/cursos/contenido/128f0057-9f5f-4a23-87ba-d92bedc46936/804
Dropshipping Manager,1203,Abriendo Mercado Pago,Costos y rentabilidad,"Podría ayudar a preparar preguntas de apertura de Mercado Pago, dejando identificación, aceptación contractual y acceso al titular.",INFERRED,0.76,CATALOG_REFERENCE,https://www.beglobalpro.org/cursos/contenido/128f0057-9f5f-4a23-87ba-d92bedc46936/1203
Dropshipping Manager,1204,Como funciona la plataforma de mercado pago,Costos y rentabilidad,Podría orientar dudas iniciales sobre cobros en Mercado Pago sin operar transacciones ni interpretar condiciones actuales desde el índice.,INFERRED,0.75,CATALOG_REFERENCE,https://www.beglobalpro.org/cursos/contenido/128f0057-9f5f-4a23-87ba-d92bedc46936/1204
Dropshipping Manager,1205,Seguridad de tu cuenta Mercado Pago,Costos y rentabilidad,"Podría apoyar preguntas de protección de la cuenta de cobro, sin solicitar credenciales, tarjetas ni códigos de autenticación.",INFERRED,0.76,CATALOG_REFERENCE,https://www.beglobalpro.org/cursos/contenido/128f0057-9f5f-4a23-87ba-d92bedc46936/1205
Dropshipping Manager,1206,Abriendo tu cuenta de PayPal,Costos y rentabilidad,"Podría orientar un checklist de preguntas para abrir PayPal, manteniendo registro, datos sensibles y decisiones financieras con el miembro.",INFERRED,0.76,CATALOG_REFERENCE,https://www.beglobalpro.org/cursos/contenido/128f0057-9f5f-4a23-87ba-d92bedc46936/1206
Dropshipping Manager,1207,Configurar métodos de pago,Tienda y catálogo,Podría ayudar a comparar necesidades de métodos de pago y preparación de tienda sin conectar procesadores ni manejar cobros.,INFERRED,0.78,CATALOG_REFERENCE,https://www.beglobalpro.org/cursos/contenido/128f0057-9f5f-4a23-87ba-d92bedc46936/1207
Dropshipping Manager,857,"Añadir paginas importantes: ""Términos y Condiciones""",Revisión legal y fiscal,"Podría orientar documentos y preguntas para revisión profesional de términos de tienda, sin redactarlos como asesoría legal definitiva.",INFERRED,0.8,CATALOG_REFERENCE,https://www.beglobalpro.org/cursos/contenido/128f0057-9f5f-4a23-87ba-d92bedc46936/857
Dropshipping Manager,863,Personalización del diseño de la tienda con temas,Tienda y catálogo,"Podría apoyar un brief de apariencia y estructura con temas de Shopify, dejando selección y cambios al miembro.",INFERRED,0.79,CATALOG_REFERENCE,https://www.beglobalpro.org/cursos/contenido/128f0057-9f5f-4a23-87ba-d92bedc46936/863
Dropshipping Manager,864,Hacer Publica la tienda (quitar contraseña),Tienda y catálogo,"Podría orientar una revisión previa a hacer visible la tienda, sin quitar protecciones ni publicar por cuenta del miembro.",INFERRED,0.79,CATALOG_REFERENCE,https://www.beglobalpro.org/cursos/contenido/128f0057-9f5f-4a23-87ba-d92bedc46936/864
Dropshipping Manager,751,Como gestionar las ordenes con be global pro,Inventario y logística,"Podría ayudar a organizar un checklist de seguimiento de órdenes en Be Global Pro, sin crear ni modificar pedidos.",INFERRED,0.8,CATALOG_REFERENCE,https://www.beglobalpro.org/cursos/contenido/128f0057-9f5f-4a23-87ba-d92bedc46936/751
Dropshipping Manager,772,1.- Importancia de la creación de contenido para vender por redes sociales,Contenido y creatividad,"Podría orientar una conversación sobre objetivos del contenido social y su relación hipotética con ventas, sin garantizar conversiones.",INFERRED,0.77,CATALOG_REFERENCE,https://www.beglobalpro.org/cursos/contenido/128f0057-9f5f-4a23-87ba-d92bedc46936/772
Dropshipping Manager,763,2.- Como desarrollar una estrategia de contenido para tus negocios de ecommerce,Contenido y creatividad,"Podría apoyar un borrador de estrategia editorial ligado a producto, audiencia y capacidad de producción del miembro.",INFERRED,0.8,CATALOG_REFERENCE,https://www.beglobalpro.org/cursos/contenido/128f0057-9f5f-4a23-87ba-d92bedc46936/763
Dropshipping Manager,764,3.- Practico: desarrollo de 30 días de contenido para tu ecommerce,Contenido y creatividad,"Podría orientar un calendario de treinta días ajustado al tiempo disponible, sin asumir una plantilla adjunta ni resultados comerciales.",INFERRED,0.8,CATALOG_REFERENCE,https://www.beglobalpro.org/cursos/contenido/128f0057-9f5f-4a23-87ba-d92bedc46936/764
Dropshipping Manager,765,4.- Como publicar correctamente en redes sociales y frecuencias,Contenido y creatividad,"Podría ayudar a preparar un plan de publicación revisable, sin inferir frecuencias universales ni publicar automáticamente en redes.",INFERRED,0.79,CATALOG_REFERENCE,https://www.beglobalpro.org/cursos/contenido/128f0057-9f5f-4a23-87ba-d92bedc46936/765
Conviértete en Manager de Contenido,591,¿Cómo crear un proyecto?,Contenido y creatividad,Podría orientar la preparación inicial de un proyecto de video en Premiere según materiales y pieza deseada del miembro.,INFERRED,0.77,CATALOG_REFERENCE,https://www.beglobalpro.org/cursos/contenido/1b1cd42b-bc1f-4a83-96ba-289be4629834/591
Conviértete en Manager de Contenido,592,Configuración de Teclado,Productividad y ejecución,"Podría apoyar una revisión de preferencias de teclado para edición, sin inventar atajos específicos ni cambiar ajustes locales.",INFERRED,0.74,CATALOG_REFERENCE,https://www.beglobalpro.org/cursos/contenido/1b1cd42b-bc1f-4a83-96ba-289be4629834/592
Conviértete en Manager de Contenido,593,Descargar Presets y Extensiones,Contenido y creatividad,"Podría orientar preguntas sobre presets y extensiones para edición, sin afirmar archivos disponibles ni recomendar descargas sin verificación.",INFERRED,0.76,CATALOG_REFERENCE,https://www.beglobalpro.org/cursos/contenido/1b1cd42b-bc1f-4a83-96ba-289be4629834/593
Conviértete en Manager de Contenido,594,Proxys,Contenido y creatividad,"Podría aportar una referencia sobre preparación de medios de edición mediante proxies, pendiente de conocer el procedimiento concreto.",INFERRED,0.7,CATALOG_REFERENCE,https://www.beglobalpro.org/cursos/contenido/1b1cd42b-bc1f-4a83-96ba-289be4629834/594
Conviértete en Manager de Contenido,595,Efectos,Contenido y creatividad,Podría apoyar la selección de una intención visual para efectos de video sin inferir cuáles utiliza la lección.,INFERRED,0.72,CATALOG_REFERENCE,https://www.beglobalpro.org/cursos/contenido/1b1cd42b-bc1f-4a83-96ba-289be4629834/595
Conviértete en Manager de Contenido,596,Filtros,Contenido y creatividad,"Podría orientar una revisión del estilo visual mediante filtros, evitando alterar de forma engañosa la apariencia del producto.",INFERRED,0.72,CATALOG_REFERENCE,https://www.beglobalpro.org/cursos/contenido/1b1cd42b-bc1f-4a83-96ba-289be4629834/596
Conviértete en Manager de Contenido,597,Quitar Pantalla Verde,Contenido y creatividad,"Podría ayudar a preparar una tarea de sustitución de fondo en video, con revisión de bordes y fidelidad visual.",INFERRED,0.8,CATALOG_REFERENCE,https://www.beglobalpro.org/cursos/contenido/1b1cd42b-bc1f-4a83-96ba-289be4629834/597
Conviértete en Manager de Contenido,598,¿Cómo editar más rápido?,Productividad y ejecución,"Podría orientar una revisión del flujo de edición y obstáculos de tiempo, sin prometer reducción de esfuerzo no comprobada.",INFERRED,0.74,CATALOG_REFERENCE,https://www.beglobalpro.org/cursos/contenido/1b1cd42b-bc1f-4a83-96ba-289be4629834/598
Conviértete en Manager de Contenido,599,¿Cómo moverse en la línea?,Contenido y creatividad,Podría servir como referencia de navegación en la línea de edición de Premiere para ubicar una tarea concreta.,INFERRED,0.72,CATALOG_REFERENCE,https://www.beglobalpro.org/cursos/contenido/1b1cd42b-bc1f-4a83-96ba-289be4629834/599
Conviértete en Manager de Contenido,600,Recortar línea,Contenido y creatividad,"Podría apoyar una lista de cortes deseados en la secuencia de video, sin atribuir comandos exactos al curso.",INFERRED,0.74,CATALOG_REFERENCE,https://www.beglobalpro.org/cursos/contenido/1b1cd42b-bc1f-4a83-96ba-289be4629834/600
Conviértete en Manager de Contenido,601,Agregar subtítulos,Contenido y creatividad,"Podría orientar un borrador de subtítulos y criterios de legibilidad, revisando nombres y afirmaciones antes de incorporarlos.",INFERRED,0.8,CATALOG_REFERENCE,https://www.beglobalpro.org/cursos/contenido/1b1cd42b-bc1f-4a83-96ba-289be4629834/601
Conviértete en Manager de Contenido,602,Transiciones,Contenido y creatividad,Podría apoyar la revisión de continuidad entre tomas y necesidades de transición según el mensaje de la pieza.,INFERRED,0.76,CATALOG_REFERENCE,https://www.beglobalpro.org/cursos/contenido/1b1cd42b-bc1f-4a83-96ba-289be4629834/602
Conviértete en Manager de Contenido,604,Repaso,Orientación y ruta académica,El repaso no especifica qué operaciones de Premiere retoma; necesita descripción para orientar una dificultad concreta de edición.,AMBIGUOUS,0.23,CATALOG_REFERENCE,https://www.beglobalpro.org/cursos/contenido/1b1cd42b-bc1f-4a83-96ba-289be4629834/604
Conviértete en Manager de Contenido,605,Mejorando la Calidad del Audio y Agregando Redes Sociales,Contenido y creatividad,Podría orientar un checklist de claridad de audio e identificación de redes sociales antes de revisar el video final.,INFERRED,0.8,CATALOG_REFERENCE,https://www.beglobalpro.org/cursos/contenido/1b1cd42b-bc1f-4a83-96ba-289be4629834/605
Conviértete en Manager de Contenido,606,Organización de Archivo y Paleta de Colores en el Diseño,Contenido y creatividad,Podría apoyar una revisión de orden de archivos y coherencia de color para mantener consistencia en piezas visuales.,INFERRED,0.79,CATALOG_REFERENCE,https://www.beglobalpro.org/cursos/contenido/1b1cd42b-bc1f-4a83-96ba-289be4629834/606
Conviértete en Manager de Contenido,580,Atajos de teclado,Productividad y ejecución,"Podría orientar una lista de operaciones frecuentes de CapCut para buscar atajos vigentes, sin inventar combinaciones específicas.",INFERRED,0.77,CATALOG_REFERENCE,https://www.beglobalpro.org/cursos/contenido/1b1cd42b-bc1f-4a83-96ba-289be4629834/580
Conviértete en Manager de Contenido,581,Configuración de Rendimiento,Productividad y ejecución,"Podría apoyar preguntas sobre rendimiento durante edición según equipo y material, sin prescribir configuraciones no conocidas del curso.",INFERRED,0.75,CATALOG_REFERENCE,https://www.beglobalpro.org/cursos/contenido/1b1cd42b-bc1f-4a83-96ba-289be4629834/581
Conviértete en Manager de Contenido,582,Funciones: Sección Agregar,Contenido y creatividad,"Podría orientar la exploración de funciones para añadir elementos en CapCut, pendiente de conocer los elementos abordados.",INFERRED,0.69,CATALOG_REFERENCE,https://www.beglobalpro.org/cursos/contenido/1b1cd42b-bc1f-4a83-96ba-289be4629834/582
Conviértete en Manager de Contenido,583,Funciones: Sección Editar,Contenido y creatividad,"Podría aportar una referencia de herramientas de edición en CapCut para ubicar una necesidad, sin detallar funciones no vistas.",INFERRED,0.7,CATALOG_REFERENCE,https://www.beglobalpro.org/cursos/contenido/1b1cd42b-bc1f-4a83-96ba-289be4629834/583
Conviértete en Manager de Contenido,584,Proceso de Edición: Paso 1,Orientación y ruta académica,El primer paso no describe una operación de edición; requiere contenido adicional para convertirlo en una misión precisa.,AMBIGUOUS,0.27,CATALOG_REFERENCE,https://www.beglobalpro.org/cursos/contenido/1b1cd42b-bc1f-4a83-96ba-289be4629834/584
Conviértete en Manager de Contenido,585,Proceso de Edición: Paso 2,Orientación y ruta académica,La segunda parte del proceso no identifica acciones concretas; falta descripción antes de recomendarla para una dificultad de edición.,AMBIGUOUS,0.27,CATALOG_REFERENCE,https://www.beglobalpro.org/cursos/contenido/1b1cd42b-bc1f-4a83-96ba-289be4629834/585
Conviértete en Manager de Contenido,586,Proceso de Edición: Paso 3,Orientación y ruta académica,"El tercer paso solo establece secuencia; no permite inferir herramientas, decisiones o entregables sin revisar el contenido.",AMBIGUOUS,0.27,CATALOG_REFERENCE,https://www.beglobalpro.org/cursos/contenido/1b1cd42b-bc1f-4a83-96ba-289be4629834/586
Conviértete en Manager de Contenido,587,Agregar Subtítulos,Contenido y creatividad,Podría apoyar un borrador de subtítulos para CapCut y revisión de correspondencia con el audio y legibilidad.,INFERRED,0.8,CATALOG_REFERENCE,https://www.beglobalpro.org/cursos/contenido/1b1cd42b-bc1f-4a83-96ba-289be4629834/587
Conviértete en Manager de Contenido,588,Keyframes,Contenido y creatividad,"Podría orientar una intención de movimiento mediante fotogramas clave, sin inventar valores ni procedimientos específicos de la clase.",INFERRED,0.77,CATALOG_REFERENCE,https://www.beglobalpro.org/cursos/contenido/1b1cd42b-bc1f-4a83-96ba-289be4629834/588
Conviértete en Manager de Contenido,589,Animaciones,Contenido y creatividad,"Podría ayudar a definir necesidades de animación para una pieza breve, revisando pertinencia respecto al mensaje y producto.",INFERRED,0.76,CATALOG_REFERENCE,https://www.beglobalpro.org/cursos/contenido/1b1cd42b-bc1f-4a83-96ba-289be4629834/589
Conviértete en Manager de Contenido,590,Exportar,Contenido y creatividad,"Podría orientar un checklist de entrega del video según canal, verificando formatos actuales sin inferir ajustes de exportación.",INFERRED,0.76,CATALOG_REFERENCE,https://www.beglobalpro.org/cursos/contenido/1b1cd42b-bc1f-4a83-96ba-289be4629834/590
Conviértete en Manager de Contenido,641,El principio de las redes sociales,Contenido y creatividad,"Podría contextualizar decisiones de guion para redes sociales, pero falta contenido para conocer el principio específico aludido.",INFERRED,0.65,CATALOG_REFERENCE,https://www.beglobalpro.org/cursos/contenido/1b1cd42b-bc1f-4a83-96ba-289be4629834/641
Conviértete en Manager de Contenido,638,Storytelling,Contenido y creatividad,Podría apoyar un borrador narrativo para video corto basado en hechos reales del producto o experiencia del miembro.,INFERRED,0.77,CATALOG_REFERENCE,https://www.beglobalpro.org/cursos/contenido/1b1cd42b-bc1f-4a83-96ba-289be4629834/638
Conviértete en Manager de Contenido,640,Narrativa visual,Contenido y creatividad,Podría orientar una lista de tomas que apoyen el relato del video sin depender exclusivamente del texto hablado.,INFERRED,0.79,CATALOG_REFERENCE,https://www.beglobalpro.org/cursos/contenido/1b1cd42b-bc1f-4a83-96ba-289be4629834/640
Conviértete en Manager de Contenido,639,Paso a paso para crear un guión,Contenido y creatividad,"Podría ayudar a organizar un primer guion y sus elementos pendientes, sin atribuir una secuencia exacta a la lección.",INFERRED,0.8,CATALOG_REFERENCE,https://www.beglobalpro.org/cursos/contenido/1b1cd42b-bc1f-4a83-96ba-289be4629834/639
Conviértete en Manager de Contenido,642,¿Por qué los guiones son importantes?,Contenido y creatividad,Podría orientar una revisión de propósito del guion y claridad del mensaje antes de dedicar tiempo a grabar.,INFERRED,0.76,CATALOG_REFERENCE,https://www.beglobalpro.org/cursos/contenido/1b1cd42b-bc1f-4a83-96ba-289be4629834/642
Conviértete en Manager de Contenido,643,Estructura de guión,Contenido y creatividad,"Podría apoyar un esquema de guion con partes identificables para revisión del miembro, sin inventar la estructura docente.",INFERRED,0.8,CATALOG_REFERENCE,https://www.beglobalpro.org/cursos/contenido/1b1cd42b-bc1f-4a83-96ba-289be4629834/643
Conviértete en Manager de Contenido,607,Introducción,Orientación y ruta académica,La introducción a portadas no concreta técnicas ni tareas; se necesita descripción para asignar una misión visual específica.,AMBIGUOUS,0.23,CATALOG_REFERENCE,https://www.beglobalpro.org/cursos/contenido/1b1cd42b-bc1f-4a83-96ba-289be4629834/607
Conviértete en Manager de Contenido,608,¿Cómo crear un Server y agregar Bots?,Automatización guiada,"Podría orientar preguntas sobre un flujo de servidor y bots para portadas, sin crear cuentas ni conceder permisos.",INFERRED,0.74,CATALOG_REFERENCE,https://www.beglobalpro.org/cursos/contenido/1b1cd42b-bc1f-4a83-96ba-289be4629834/608
Conviértete en Manager de Contenido,609,¿Cómo crear comando en chat gpt y cómo crear imágenes?,IA aplicada al negocio,Podría apoyar borradores de prompts para imágenes de portada con revisión de exactitud visual y derechos de uso.,INFERRED,0.8,CATALOG_REFERENCE,https://www.beglobalpro.org/cursos/contenido/1b1cd42b-bc1f-4a83-96ba-289be4629834/609
Conviértete en Manager de Contenido,610,Photoshop,Contenido y creatividad,"Podría ubicar Photoshop como referencia de creación de portadas, aunque el título no detalla operaciones ni materiales concretos.",INFERRED,0.67,CATALOG_REFERENCE,https://www.beglobalpro.org/cursos/contenido/1b1cd42b-bc1f-4a83-96ba-289be4629834/610
SpeakUp: Storytelling para Vender Más,141,Introducción,Orientación y ruta académica,La introducción al módulo de comunicación no especifica un tema concreto; hace falta descripción para recomendar un ejercicio preciso.,AMBIGUOUS,0.22,CATALOG_REFERENCE,https://www.beglobalpro.org/cursos/contenido/10b78afd-7881-443f-8113-32c3434e8984/141
SpeakUp: Storytelling para Vender Más,142,La comunicación busca un cambio.,Contenido y creatividad,"Podría orientar la definición del cambio o respuesta deseada de una pieza, sin asumir que la comunicación lo producirá.",INFERRED,0.71,CATALOG_REFERENCE,https://www.beglobalpro.org/cursos/contenido/10b78afd-7881-443f-8113-32c3434e8984/142
SpeakUp: Storytelling para Vender Más,143,Los algoritmos y cómo cambian nuestra comunicación,Contenido y creatividad,"Podría apoyar preguntas sobre adaptación del mensaje a plataformas, sin afirmar reglas actuales o efectos determinados de sus algoritmos.",INFERRED,0.75,CATALOG_REFERENCE,https://www.beglobalpro.org/cursos/contenido/10b78afd-7881-443f-8113-32c3434e8984/143
SpeakUp: Storytelling para Vender Más,144,Elementos de la persuasión,Conversación y conversión,"Podría orientar la revisión de claridad y argumentos de una oferta, sin inferir componentes concretos de persuasión del curso.",INFERRED,0.76,CATALOG_REFERENCE,https://www.beglobalpro.org/cursos/contenido/10b78afd-7881-443f-8113-32c3434e8984/144
SpeakUp: Storytelling para Vender Más,145,Dolor,Conversación y conversión,"Podría ayudar a formular preguntas respetuosas sobre problemas del cliente, sin explotar vulnerabilidades ni atribuir estados emocionales.",INFERRED,0.66,CATALOG_REFERENCE,https://www.beglobalpro.org/cursos/contenido/10b78afd-7881-443f-8113-32c3434e8984/145
SpeakUp: Storytelling para Vender Más,146,Emoción,Conversación y conversión,"Podría orientar una revisión del tono emocional de mensajes comerciales, sin manipular a la audiencia ni afirmar mecanismos psicológicos.",INFERRED,0.66,CATALOG_REFERENCE,https://www.beglobalpro.org/cursos/contenido/10b78afd-7881-443f-8113-32c3434e8984/146
SpeakUp: Storytelling para Vender Más,147,Solución,Conversación y conversión,"Podría apoyar un borrador que relacione necesidades expresadas y beneficios comprobables del producto, evitando soluciones o garantías inventadas.",INFERRED,0.69,CATALOG_REFERENCE,https://www.beglobalpro.org/cursos/contenido/10b78afd-7881-443f-8113-32c3434e8984/147
SpeakUp: Storytelling para Vender Más,151,El origen del Storytelling: Yuval Noah Harari,Contenido y creatividad,"Podría aportar una referencia cultural para contextualizar relatos, sin atribuir tesis concretas a Harari ni sustituir sus obras.",INFERRED,0.74,CATALOG_REFERENCE,https://www.beglobalpro.org/cursos/contenido/10b78afd-7881-443f-8113-32c3434e8984/151
SpeakUp: Storytelling para Vender Más,152,Cómo funciona la mente cuando escucha historias: Uri Hasson,Contenido y creatividad,Podría orientar preguntas sobre recepción de historias; la mención a Uri Hasson no verifica afirmaciones científicas sobre la mente.,INFERRED,0.72,CATALOG_REFERENCE,https://www.beglobalpro.org/cursos/contenido/10b78afd-7881-443f-8113-32c3434e8984/152
SpeakUp: Storytelling para Vender Más,153,Principios del Storytelling: qué sí y qué no es contar historias,Contenido y creatividad,"Podría apoyar una revisión de qué convierte un mensaje en relato, sin inferir la lista de principios expuestos.",INFERRED,0.8,CATALOG_REFERENCE,https://www.beglobalpro.org/cursos/contenido/10b78afd-7881-443f-8113-32c3434e8984/153
SpeakUp: Storytelling para Vender Más,154,Qué es el viaje del héroe,Contenido y creatividad,Podría ubicar el viaje del héroe como referencia narrativa para organizar una historia basada en experiencias verificables.,INFERRED,0.78,CATALOG_REFERENCE,https://www.beglobalpro.org/cursos/contenido/10b78afd-7881-443f-8113-32c3434e8984/154
SpeakUp: Storytelling para Vender Más,155,Cómo funciona el viaje del héroe,Contenido y creatividad,"Podría orientar un borrador narrativo inspirado en el viaje del héroe, sin inventar etapas específicas de la clase.",INFERRED,0.78,CATALOG_REFERENCE,https://www.beglobalpro.org/cursos/contenido/10b78afd-7881-443f-8113-32c3434e8984/155
SpeakUp: Storytelling para Vender Más,263,La meta trama de Christopher Booker,Contenido y creatividad,"Podría aportar una referencia de estructura narrativa asociada a Christopher Booker, sin reproducir ni atribuir contenidos no consultados.",INFERRED,0.75,CATALOG_REFERENCE,https://www.beglobalpro.org/cursos/contenido/10b78afd-7881-443f-8113-32c3434e8984/263
SpeakUp: Storytelling para Vender Más,264,Las 7 tramas básicas,Contenido y creatividad,"Podría ayudar a comparar enfoques de relato para una pieza, sin inferir cuáles son las siete tramas del recurso.",INFERRED,0.76,CATALOG_REFERENCE,https://www.beglobalpro.org/cursos/contenido/10b78afd-7881-443f-8113-32c3434e8984/264
SpeakUp: Storytelling para Vender Más,156,Qué es la estructura,Contenido y creatividad,"Podría orientar una revisión del orden del mensaje dentro de storytelling, sin asumir una definición específica de estructura.",INFERRED,0.67,CATALOG_REFERENCE,https://www.beglobalpro.org/cursos/contenido/10b78afd-7881-443f-8113-32c3434e8984/156
SpeakUp: Storytelling para Vender Más,157,La estructura básica,Contenido y creatividad,"Podría apoyar un esquema inicial para ordenar una presentación o video, sin inventar los componentes básicos del curso.",INFERRED,0.68,CATALOG_REFERENCE,https://www.beglobalpro.org/cursos/contenido/10b78afd-7881-443f-8113-32c3434e8984/157
SpeakUp: Storytelling para Vender Más,158,Hook / Una historia,Contenido y creatividad,"Podría orientar un inicio narrativo para captar interés con una historia auténtica, evitando fabricar experiencias o testimonios.",INFERRED,0.79,CATALOG_REFERENCE,https://www.beglobalpro.org/cursos/contenido/10b78afd-7881-443f-8113-32c3434e8984/158
SpeakUp: Storytelling para Vender Más,159,Hook / Preguntas,Contenido y creatividad,"Podría apoyar preguntas iniciales de un guion vinculadas a necesidades de la audiencia, sin suponer respuestas ni presionarla.",INFERRED,0.79,CATALOG_REFERENCE,https://www.beglobalpro.org/cursos/contenido/10b78afd-7881-443f-8113-32c3434e8984/159
SpeakUp: Storytelling para Vender Más,160,Hook / Estadística,Contenido y creatividad,"Podría orientar un inicio basado en datos verificables y fuentes citables, sin inventar estadísticas para aumentar persuasión.",INFERRED,0.79,CATALOG_REFERENCE,https://www.beglobalpro.org/cursos/contenido/10b78afd-7881-443f-8113-32c3434e8984/160
SpeakUp: Storytelling para Vender Más,161,Hook / La afirmación imposible,Contenido y creatividad,"Podría apoyar la revisión crítica de un gancho sorprendente, descartando afirmaciones imposibles que resulten falsas o engañosas.",INFERRED,0.76,CATALOG_REFERENCE,https://www.beglobalpro.org/cursos/contenido/10b78afd-7881-443f-8113-32c3434e8984/161
SpeakUp: Storytelling para Vender Más,162,Cierre,Contenido y creatividad,"Podría orientar el cierre de una historia o presentación con un siguiente paso claro, sin atribuir fórmulas específicas.",INFERRED,0.71,CATALOG_REFERENCE,https://www.beglobalpro.org/cursos/contenido/10b78afd-7881-443f-8113-32c3434e8984/162
SpeakUp: Storytelling para Vender Más,163,Columna principal,Contenido y creatividad,Podría sugerir una revisión del hilo central del relato; falta descripción para conocer el significado preciso de columna principal.,INFERRED,0.63,CATALOG_REFERENCE,https://www.beglobalpro.org/cursos/contenido/10b78afd-7881-443f-8113-32c3434e8984/163
SpeakUp: Storytelling para Vender Más,164,Sparkline,Orientación y ruta académica,"Sparkline aparece dentro de estructura narrativa, pero necesita explicación del término para recomendar una técnica o entregable específico.",AMBIGUOUS,0.29,CATALOG_REFERENCE,https://www.beglobalpro.org/cursos/contenido/10b78afd-7881-443f-8113-32c3434e8984/164
SpeakUp: Storytelling para Vender Más,168,¡Empieza a contar historias y a vender mejor!,Contenido y creatividad,"Podría orientar una práctica final de relato comercial y revisión humana, sin convertir vender mejor en un resultado garantizado.",INFERRED,0.66,CATALOG_REFERENCE,https://www.beglobalpro.org/cursos/contenido/10b78afd-7881-443f-8113-32c3434e8984/168
SpeakUp: Storytelling para Vender Más,148,Qué es TED y cómo cambió la forma de comunicar para siempre,Contenido y creatividad,"Podría aportar una referencia del formato TED para comparar estilos de presentación, sin dar por probadas sus afirmaciones históricas.",INFERRED,0.75,CATALOG_REFERENCE,https://www.beglobalpro.org/cursos/contenido/10b78afd-7881-443f-8113-32c3434e8984/148
SpeakUp: Storytelling para Vender Más,149,Qué es una idea,Contenido y creatividad,"Podría orientar una conversación sobre el mensaje central de una presentación, sin asumir la definición de idea utilizada.",INFERRED,0.65,CATALOG_REFERENCE,https://www.beglobalpro.org/cursos/contenido/10b78afd-7881-443f-8113-32c3434e8984/149
SpeakUp: Storytelling para Vender Más,150,Cómo trasladar tu idea a la mente de tu audiencia,Contenido y creatividad,"Podría ayudar a reformular una idea con claridad para una audiencia concreta, sin afirmar transferencia mental ni persuasión asegurada.",INFERRED,0.74,CATALOG_REFERENCE,https://www.beglobalpro.org/cursos/contenido/10b78afd-7881-443f-8113-32c3434e8984/150
SpeakUp: Storytelling para Vender Más,165,La historia que cuentas en redes sociales,Contenido y creatividad,"Podría apoyar una revisión del relato que proyectan las publicaciones del miembro, usando hechos y mensajes observables.",INFERRED,0.79,CATALOG_REFERENCE,https://www.beglobalpro.org/cursos/contenido/10b78afd-7881-443f-8113-32c3434e8984/165
SpeakUp: Storytelling para Vender Más,166,Diseña tus arcos narrativos,Contenido y creatividad,"Podría orientar un borrador de continuidad narrativa entre piezas digitales, sin inventar experiencias que sostengan el arco.",INFERRED,0.8,CATALOG_REFERENCE,https://www.beglobalpro.org/cursos/contenido/10b78afd-7881-443f-8113-32c3434e8984/166
SpeakUp: Storytelling para Vender Más,167,Cómo planear un contenido,Contenido y creatividad,"Podría ayudar a preparar objetivo, audiencia y materiales de una pieza antes de escribir el guion o grabar.",INFERRED,0.79,CATALOG_REFERENCE,https://www.beglobalpro.org/cursos/contenido/10b78afd-7881-443f-8113-32c3434e8984/167
Onboarding Empresarial,1482,Lunes 25 de Mayo 2026 - Allan G,Orientación y ruta académica,Localiza una sesión de mayo con Allan G; la fecha no aporta tema para recomendar una misión específica.,AMBIGUOUS,0.18,LOCAL_ASR,https://www.beglobalpro.org/cursos/contenido/ed377937-8d14-4c08-8b03-617297cf0ac2/1482
Onboarding Empresarial,1495,Martes 16 de Junio - Mariel,Orientación y ruta académica,"La referencia de junio con Mariel permite ubicar una sesión, pero requiere contenido para conocer su aporte al miembro.",AMBIGUOUS,0.18,LOCAL_ASR,https://www.beglobalpro.org/cursos/contenido/ed377937-8d14-4c08-8b03-617297cf0ac2/1495
Onboarding Empresarial,1486,Martes 02 de Junio 2026 - Mariel C,Orientación y ruta académica,"Identifica la sesión del dos de junio con Mariel C, sin describir qué problema o tarea aborda.",AMBIGUOUS,0.18,LOCAL_ASR,https://www.beglobalpro.org/cursos/contenido/ed377937-8d14-4c08-8b03-617297cf0ac2/1486
Onboarding Empresarial,1490,Jueves 04 de Junio 2026 - Mariel,Orientación y ruta académica,La fecha del cuatro de junio no delimita una materia; debe consultarse evidencia separada antes de recomendar una misión.,AMBIGUOUS,0.18,LOCAL_ASR,https://www.beglobalpro.org/cursos/contenido/ed377937-8d14-4c08-8b03-617297cf0ac2/1490
Onboarding Empresarial,1491,Martes 09 de Junio 2026 - Mariel,Orientación y ruta académica,La sesión del nueve de junio con Mariel carece de tema en el índice; hace falta descripción o transcripción.,AMBIGUOUS,0.18,LOCAL_ASR,https://www.beglobalpro.org/cursos/contenido/ed377937-8d14-4c08-8b03-617297cf0ac2/1491
Onboarding Empresarial,1493,Jueves 11 de Junio 2026 - Mariel,Orientación y ruta académica,"Permite localizar el encuentro del once de junio, pero no inferir aprendizajes ni tareas concretas desde su título.",AMBIGUOUS,0.18,LOCAL_ASR,https://www.beglobalpro.org/cursos/contenido/ed377937-8d14-4c08-8b03-617297cf0ac2/1493
Onboarding Empresarial,1497,Jueves 18 de Junio - Allan Gerardo,Orientación y ruta académica,"El nombre de Allan Gerardo y la fecha identifican acompañamiento, sin información temática suficiente para un entregable específico.",AMBIGUOUS,0.18,LOCAL_ASR,https://www.beglobalpro.org/cursos/contenido/ed377937-8d14-4c08-8b03-617297cf0ac2/1497
Onboarding Empresarial,1527,Jueves 09 de Julio 2026,Orientación y ruta académica,La sesión del nueve de julio solo aporta fecha; necesita descripción para asociarse con un bloqueo del miembro.,AMBIGUOUS,0.16,LOCAL_ASR,https://www.beglobalpro.org/cursos/contenido/ed377937-8d14-4c08-8b03-617297cf0ac2/1527
Onboarding Empresarial,1500,Martes 23 de Junio - Mariel,Orientación y ruta académica,La referencia del veintitrés de junio con Mariel no identifica materia; requiere evidencia adicional antes de recomendar acciones.,AMBIGUOUS,0.18,LOCAL_ASR,https://www.beglobalpro.org/cursos/contenido/ed377937-8d14-4c08-8b03-617297cf0ac2/1500
Onboarding Empresarial,1506,Jueves 02 de Julio 2026 - Mariel,Orientación y ruta académica,"Ubica un encuentro del dos de julio con Mariel, pero no detalla contenidos que justifiquen una misión concreta.",AMBIGUOUS,0.18,LOCAL_ASR,https://www.beglobalpro.org/cursos/contenido/ed377937-8d14-4c08-8b03-617297cf0ac2/1506
Onboarding Empresarial,1508,Martes 07 de Julio 2026 - Mariel,Orientación y ruta académica,El título fechado del siete de julio no permite conocer el asunto tratado ni atribuirle un procedimiento empresarial.,AMBIGUOUS,0.18,LOCAL_ASR,https://www.beglobalpro.org/cursos/contenido/ed377937-8d14-4c08-8b03-617297cf0ac2/1508
Onboarding Empresarial,1505,Jueves 25 de Junio 2026 - Mariel,Orientación y ruta académica,"Identifica una sesión con Mariel del veinticinco de junio, sin descripción suficiente para conectar un aporte temático específico.",AMBIGUOUS,0.18,LOCAL_ASR,https://www.beglobalpro.org/cursos/contenido/ed377937-8d14-4c08-8b03-617297cf0ac2/1505
Onboarding Empresarial,1507,Martes 30 de Junio 2026 - Mariel,Orientación y ruta académica,"La fecha del treinta de junio permite búsqueda cronológica, pero no inferir qué misión educativa podría apoyar.",AMBIGUOUS,0.18,LOCAL_ASR,https://www.beglobalpro.org/cursos/contenido/ed377937-8d14-4c08-8b03-617297cf0ac2/1507
Onboarding Empresarial,1528,Martes 21 de Julio 2026,Orientación y ruta académica,El encuentro del veintiuno de julio no declara tema ni responsable; necesita contenido adicional para orientar al miembro.,AMBIGUOUS,0.16,LOCAL_ASR,https://www.beglobalpro.org/cursos/contenido/ed377937-8d14-4c08-8b03-617297cf0ac2/1528
Onboarding Empresarial,1538,Martes 28 de Julio 2026.,Orientación y ruta académica,"La referencia del veintiocho de julio ofrece ubicación temporal, sin materia suficiente para recomendar una tarea empresarial específica.",AMBIGUOUS,0.16,LOCAL_ASR,https://www.beglobalpro.org/cursos/contenido/ed377937-8d14-4c08-8b03-617297cf0ac2/1538
Onboarding Empresarial,1529,Jueves 23 de Julio 2026,Orientación y ruta académica,Solo se identifica la fecha del veintitrés de julio; falta descripción para relacionarla con una necesidad concreta.,AMBIGUOUS,0.16,LOCAL_ASR,https://www.beglobalpro.org/cursos/contenido/ed377937-8d14-4c08-8b03-617297cf0ac2/1529
Onboarding Empresarial,1539,Jueves 06 de Agosto 2026,Orientación y ruta académica,"El encuentro del seis de agosto puede localizarse cronológicamente, pero no aporta por título un contenido temático verificable.",AMBIGUOUS,0.16,LOCAL_ASR,https://www.beglobalpro.org/cursos/contenido/ed377937-8d14-4c08-8b03-617297cf0ac2/1539
Onboarding Empresarial,1547,Martes 11 de Agosto,Orientación y ruta académica,La referencia al once de agosto omite tema y año explícito; debe consultarse contexto antes de recomendarla específicamente.,AMBIGUOUS,0.15,LOCAL_ASR,https://www.beglobalpro.org/cursos/contenido/ed377937-8d14-4c08-8b03-617297cf0ac2/1547
Onboarding Empresarial,1548,Jueves 20 de Agosto - Mariel,Orientación y ruta académica,La mención de Mariel y del veinte de agosto no describe materias; requiere evidencia separada para proponer acciones.,AMBIGUOUS,0.17,LOCAL_ASR,https://www.beglobalpro.org/cursos/contenido/ed377937-8d14-4c08-8b03-617297cf0ac2/1548
Onboarding Empresarial,1546,Martes 25 de Agosto - Mariel C,Orientación y ruta académica,"Ubica una sesión del veinticinco de agosto con Mariel C, sin definir un problema o entregable abordado.",AMBIGUOUS,0.17,LOCAL_ASR,https://www.beglobalpro.org/cursos/contenido/ed377937-8d14-4c08-8b03-617297cf0ac2/1546
Onboarding Empresarial,1553,Jueves 03 de Septiembre 2026,Orientación y ruta académica,El encuentro del tres de septiembre solo presenta fecha; necesita descripción o transcripción para orientar una misión concreta.,AMBIGUOUS,0.16,LOCAL_ASR,https://www.beglobalpro.org/cursos/contenido/ed377937-8d14-4c08-8b03-617297cf0ac2/1553
Método Dulce Jaqueline®️ – Ventas Masivas por WhatsApp,941,Introducción al Personal Shopper,Servicios y especialización,"Podría ayudar a explorar el alcance de un servicio de personal shopper según capacidades del miembro, sin certificar competencia.",INFERRED,0.74,CATALOG_REFERENCE,https://www.beglobalpro.org/cursos/contenido/02745512-5704-4b32-b4da-80122e9ad896/941
Método Dulce Jaqueline®️ – Ventas Masivas por WhatsApp,942,"Estrategias de Venta Efectiva: Uso de grupos de WhatsApp, ventas personalizadas y sitios web.",Conversación y conversión,"Podría orientar comparación de venta personalizada, grupos y sitio web para preparar una conversación comercial sin contactar terceros.",INFERRED,0.8,CATALOG_REFERENCE,https://www.beglobalpro.org/cursos/contenido/02745512-5704-4b32-b4da-80122e9ad896/942
Método Dulce Jaqueline®️ – Ventas Masivas por WhatsApp,954,"La más sencilla: sitio web, vincular productos, app BGP",Tienda y catálogo,"Podría apoyar un checklist de relación entre sitio, productos y aplicación BGP, sin conectar plataformas ni asumir facilidad operativa.",INFERRED,0.78,CATALOG_REFERENCE,https://www.beglobalpro.org/cursos/contenido/02745512-5704-4b32-b4da-80122e9ad896/954
Método Dulce Jaqueline®️ – Ventas Masivas por WhatsApp,955,"Intermedia: ventas personalizadas, paso a paso para personalizados, sitios web usa y servicio de buzón BGP",Servicios y especialización,"Podría orientar preguntas sobre alcance de compras personalizadas y servicio de buzón, sin asumir condiciones ni contratar por el miembro.",INFERRED,0.77,CATALOG_REFERENCE,https://www.beglobalpro.org/cursos/contenido/02745512-5704-4b32-b4da-80122e9ad896/955
Método Dulce Jaqueline®️ – Ventas Masivas por WhatsApp,956,Avanzada: grupos de WhatsApp,Conversación y conversión,"Podría apoyar un esquema de conversación comercial para grupos de WhatsApp, respetando consentimiento y sin enviar mensajes.",INFERRED,0.74,CATALOG_REFERENCE,https://www.beglobalpro.org/cursos/contenido/02745512-5704-4b32-b4da-80122e9ad896/956
Método Dulce Jaqueline®️ – Ventas Masivas por WhatsApp,959,Abrir LINKTREE con toda la información del negocio.,Tienda y catálogo,"Podría ayudar a organizar enlaces e información del negocio en un borrador de página central, sin abrir cuentas.",INFERRED,0.79,CATALOG_REFERENCE,https://www.beglobalpro.org/cursos/contenido/02745512-5704-4b32-b4da-80122e9ad896/959
Método Dulce Jaqueline®️ – Ventas Masivas por WhatsApp,957,Definiendo reglas de compra venta,Revisión legal y fiscal,"Podría orientar preguntas y condiciones de compra para revisión profesional, sin establecer términos vinculantes ni resolver disputas comerciales.",INFERRED,0.77,CATALOG_REFERENCE,https://www.beglobalpro.org/cursos/contenido/02745512-5704-4b32-b4da-80122e9ad896/957
Método Dulce Jaqueline®️ – Ventas Masivas por WhatsApp,958,Crear documento informativo en Canva,Contenido y creatividad,"Podría apoyar un borrador de documento informativo para Canva con datos confirmados, sin afirmar que exista una plantilla adjunta.",INFERRED,0.79,CATALOG_REFERENCE,https://www.beglobalpro.org/cursos/contenido/02745512-5704-4b32-b4da-80122e9ad896/958
Método Dulce Jaqueline®️ – Ventas Masivas por WhatsApp,961,Cómo configurar un nuevo grupo de WhatsApp,Conversación y conversión,"Podría orientar un checklist de preparación de grupo comercial en WhatsApp, dejando configuración y gestión de participantes al miembro.",INFERRED,0.78,CATALOG_REFERENCE,https://www.beglobalpro.org/cursos/contenido/02745512-5704-4b32-b4da-80122e9ad896/961
Método Dulce Jaqueline®️ – Ventas Masivas por WhatsApp,962,Descripción grupo de WhatsApp correcta.,Conversación y conversión,"Podría ayudar a redactar una descripción clara del grupo con propósito y reglas confirmadas, sin publicar cambios automáticamente.",INFERRED,0.8,CATALOG_REFERENCE,https://www.beglobalpro.org/cursos/contenido/02745512-5704-4b32-b4da-80122e9ad896/962
Método Dulce Jaqueline®️ – Ventas Masivas por WhatsApp,960,Cómo cortar links con bittly,Conversación y conversión,"Podría orientar preguntas sobre presentación de enlaces comerciales abreviados, preservando transparencia del destino y sin operar servicios externos.",INFERRED,0.75,CATALOG_REFERENCE,https://www.beglobalpro.org/cursos/contenido/02745512-5704-4b32-b4da-80122e9ad896/960
Método Dulce Jaqueline®️ – Ventas Masivas por WhatsApp,963,Drive de asignaciones excel,Inventario y logística,"Podría apuntar a organización de asignaciones en Excel, pero no acredita archivo accesible, columnas disponibles ni procedimiento de uso.",INFERRED,0.66,CATALOG_REFERENCE,https://www.beglobalpro.org/cursos/contenido/02745512-5704-4b32-b4da-80122e9ad896/963
Método Dulce Jaqueline®️ – Ventas Masivas por WhatsApp,964,Drive de asignaciones fotos,Inventario y logística,"Podría referir apoyo fotográfico para organizar asignaciones, sin probar acceso al Drive ni qué información contienen sus imágenes.",INFERRED,0.64,CATALOG_REFERENCE,https://www.beglobalpro.org/cursos/contenido/02745512-5704-4b32-b4da-80122e9ad896/964
Método Dulce Jaqueline®️ – Ventas Masivas por WhatsApp,966,Simulando una venta en vivo,Conversación y conversión,"Podría orientar un ejercicio de conversación comercial simulada para revisar objeciones y datos faltantes, sin tratarlo como venta real.",INFERRED,0.78,CATALOG_REFERENCE,https://www.beglobalpro.org/cursos/contenido/02745512-5704-4b32-b4da-80122e9ad896/966
Método Dulce Jaqueline®️ – Ventas Masivas por WhatsApp,965,Filtración de clientes en grupos de WhatsApp,Conversación y conversión,"Podría apoyar criterios transparentes de organización de interesados en grupos, sin inferir datos privados ni excluir mediante perfiles sensibles.",INFERRED,0.72,CATALOG_REFERENCE,https://www.beglobalpro.org/cursos/contenido/02745512-5704-4b32-b4da-80122e9ad896/965
Método Dulce Jaqueline®️ – Ventas Masivas por WhatsApp,967,Meter la orden de compra en tu perfil de BGP,Inventario y logística,"Podría orientar una revisión de datos necesarios para una orden en BGP, sin crear pedidos ni comprometer compras.",INFERRED,0.8,CATALOG_REFERENCE,https://www.beglobalpro.org/cursos/contenido/02745512-5704-4b32-b4da-80122e9ad896/967
Método Dulce Jaqueline®️ – Ventas Masivas por WhatsApp,968,Cómo promover tu negocio en redes sociales / tipos de contenido,Contenido y creatividad,"Podría ayudar a preparar ideas de contenido para presentar el servicio en redes, usando condiciones y capacidades verificadas.",INFERRED,0.79,CATALOG_REFERENCE,https://www.beglobalpro.org/cursos/contenido/02745512-5704-4b32-b4da-80122e9ad896/968
Método Dulce Jaqueline®️ – Ventas Masivas por WhatsApp,969,Campaña publicitaria para aumentar clientes,Publicidad y experimentos,"Podría apoyar un brief de captación de interesados y plan de medición, sin activar campañas ni garantizar clientes nuevos.",INFERRED,0.78,CATALOG_REFERENCE,https://www.beglobalpro.org/cursos/contenido/02745512-5704-4b32-b4da-80122e9ad896/969
Cómo Vender en Amazon: De Principiante a Emprendedor Digital,192,Pre Introducción a Amazon,Orientación y ruta académica,"La preintroducción ubica el inicio del curso de Amazon, pero no delimita una materia para una misión concreta.",AMBIGUOUS,0.24,CATALOG_REFERENCE,https://www.beglobalpro.org/cursos/contenido/0ce29f4e-19b1-4c66-a0f3-fd327b1a7c55/192
Cómo Vender en Amazon: De Principiante a Emprendedor Digital,193,Modelo de negocio,Orientación y ruta académica,"Podría contextualizar la elección de Amazon como negocio, aunque el título no especifica qué modelo comercial propone.",INFERRED,0.64,CATALOG_REFERENCE,https://www.beglobalpro.org/cursos/contenido/0ce29f4e-19b1-4c66-a0f3-fd327b1a7c55/193
Cómo Vender en Amazon: De Principiante a Emprendedor Digital,194,Abrir cuenta Seller México,Tienda y catálogo,"Podría apoyar un checklist de preparación para cuenta Seller México, sin abrirla ni solicitar identificación o credenciales.",INFERRED,0.8,CATALOG_REFERENCE,https://www.beglobalpro.org/cursos/contenido/0ce29f4e-19b1-4c66-a0f3-fd327b1a7c55/194
Cómo Vender en Amazon: De Principiante a Emprendedor Digital,195,Búsqueda de productos parte 1,Producto y validación,"Podría orientar una primera ficha de exploración de productos, sin inferir los criterios concretos de esta parte.",INFERRED,0.75,CATALOG_REFERENCE,https://www.beglobalpro.org/cursos/contenido/0ce29f4e-19b1-4c66-a0f3-fd327b1a7c55/195
Cómo Vender en Amazon: De Principiante a Emprendedor Digital,196,Búsqueda de productos parte 2,Producto y validación,"Podría complementar una investigación de opciones de producto, pendiente de conocer qué añade respecto a la primera parte.",INFERRED,0.75,CATALOG_REFERENCE,https://www.beglobalpro.org/cursos/contenido/0ce29f4e-19b1-4c66-a0f3-fd327b1a7c55/196
Cómo Vender en Amazon: De Principiante a Emprendedor Digital,197,Tipos de restricciones,Revisión legal y fiscal,"Podría orientar preguntas sobre restricciones de venta para revisión especializada, sin inventar categorías ni asumir políticas vigentes.",INFERRED,0.72,CATALOG_REFERENCE,https://www.beglobalpro.org/cursos/contenido/0ce29f4e-19b1-4c66-a0f3-fd327b1a7c55/197
Cómo Vender en Amazon: De Principiante a Emprendedor Digital,198,Análisis de productos,Producto y validación,Podría ayudar a comparar evidencia de productos candidatos y registrar incertidumbre antes de seleccionar una opción comercial.,INFERRED,0.78,CATALOG_REFERENCE,https://www.beglobalpro.org/cursos/contenido/0ce29f4e-19b1-4c66-a0f3-fd327b1a7c55/198
Cómo Vender en Amazon: De Principiante a Emprendedor Digital,199,Introducción compra y logística de envío,Inventario y logística,"Podría orientar una lista de preguntas sobre compra y envío, escalando decisiones de importación y sin ejecutar pedidos.",INFERRED,0.77,CATALOG_REFERENCE,https://www.beglobalpro.org/cursos/contenido/0ce29f4e-19b1-4c66-a0f3-fd327b1a7c55/199
Cómo Vender en Amazon: De Principiante a Emprendedor Digital,200,Logística Part1 (en proceso de Actualización),Inventario y logística,Podría servir de referencia logística histórica; el aviso de actualización obliga a verificar contenido y vigencia antes de orientar operaciones.,INFERRED,0.61,CATALOG_REFERENCE,https://www.beglobalpro.org/cursos/contenido/0ce29f4e-19b1-4c66-a0f3-fd327b1a7c55/200
Cómo Vender en Amazon: De Principiante a Emprendedor Digital,202,Logística Part2 (en proceso de Actualización),Inventario y logística,"Podría complementar preguntas logísticas, pero la segunda parte está señalada en actualización y no acredita procedimientos vigentes.",INFERRED,0.61,CATALOG_REFERENCE,https://www.beglobalpro.org/cursos/contenido/0ce29f4e-19b1-4c66-a0f3-fd327b1a7c55/202
Cómo Vender en Amazon: De Principiante a Emprendedor Digital,203,Dropshipping con Amazon,Inventario y logística,"Podría orientar preguntas sobre responsabilidades del dropshipping en Amazon, sujetas a políticas actuales y sin asumir que está permitido siempre.",INFERRED,0.76,CATALOG_REFERENCE,https://www.beglobalpro.org/cursos/contenido/0ce29f4e-19b1-4c66-a0f3-fd327b1a7c55/203
Cómo Vender en Amazon: De Principiante a Emprendedor Digital,204,Sube un producto nuevo a la plataforma de Amazon pt.,Tienda y catálogo,"Podría apoyar un checklist de preparación de ficha nueva en Amazon, aunque el título truncado no permite conocer el alcance completo.",INFERRED,0.78,CATALOG_REFERENCE,https://www.beglobalpro.org/cursos/contenido/0ce29f4e-19b1-4c66-a0f3-fd327b1a7c55/204
Cómo Vender en Amazon: De Principiante a Emprendedor Digital,205,Ejemplo de como subir un producto.,Tienda y catálogo,"Podría aportar una referencia de preparación de listado para revisión del miembro, sin publicar ni extrapolar datos del ejemplo.",INFERRED,0.78,CATALOG_REFERENCE,https://www.beglobalpro.org/cursos/contenido/0ce29f4e-19b1-4c66-a0f3-fd327b1a7c55/205
Cómo Vender en Amazon: De Principiante a Emprendedor Digital,206,Palabras clave para producto nuevo.,Tienda y catálogo,"Podría orientar una lista de términos relevantes para una ficha nueva, contrastándolos con características reales y evidencia de búsqueda.",INFERRED,0.79,CATALOG_REFERENCE,https://www.beglobalpro.org/cursos/contenido/0ce29f4e-19b1-4c66-a0f3-fd327b1a7c55/206
Cómo Vender en Amazon: De Principiante a Emprendedor Digital,207,Imágenes del producto nuevo.,Contenido y creatividad,"Podría apoyar un brief de imágenes para producto nuevo, cuidando fidelidad visual y requisitos actuales del marketplace.",INFERRED,0.79,CATALOG_REFERENCE,https://www.beglobalpro.org/cursos/contenido/0ce29f4e-19b1-4c66-a0f3-fd327b1a7c55/207
Cómo Vender en Amazon: De Principiante a Emprendedor Digital,554,Sesiones en Vivo,Orientación y ruta académica,La referencia a sesiones en vivo no identifica materias ni fechas concretas; hace falta descripción para recomendar una misión.,AMBIGUOUS,0.18,CATALOG_REFERENCE,https://www.beglobalpro.org/cursos/contenido/0ce29f4e-19b1-4c66-a0f3-fd327b1a7c55/554
CANVA desde Cero,356,Bienvenida,Orientación y ruta académica,"La bienvenida permite localizar el inicio del curso, pero no identifica herramientas ni tareas concretas para recomendar al miembro.",AMBIGUOUS,0.15,CATALOG_REFERENCE,https://www.beglobalpro.org/cursos/contenido/3a511cdc-b85b-4b71-ae94-638bab32fef3/356
CANVA desde Cero,357,Inspiración y tendencias,Contenido y creatividad,"Podría orientar una comparación de referencias visuales para una pieza propia, verificando actualidad y respetando autoría de diseños.",INFERRED,0.72,CATALOG_REFERENCE,https://www.beglobalpro.org/cursos/contenido/3a511cdc-b85b-4b71-ae94-638bab32fef3/357
CANVA desde Cero,355,Abrir cuenta Premium,Contenido y creatividad,"Podría ayudar a identificar dudas sobre acceso Premium de Canva, sin asumir suscripción incluida ni realizar compras.",INFERRED,0.72,CATALOG_REFERENCE,https://www.beglobalpro.org/cursos/contenido/3a511cdc-b85b-4b71-ae94-638bab32fef3/355
CANVA desde Cero,358,Herramientas principales,Contenido y creatividad,"Podría orientar una exploración inicial de funciones de diseño en Canva, sin inferir cuáles presenta la lección.",INFERRED,0.69,CATALOG_REFERENCE,https://www.beglobalpro.org/cursos/contenido/3a511cdc-b85b-4b71-ae94-638bab32fef3/358
CANVA desde Cero,359,Kit de marca y como usarlo,Marca y propuesta de valor,"Podría apoyar la organización de colores, tipografías y elementos de identidad para un brief coherente, sin configurar cuentas.",INFERRED,0.8,CATALOG_REFERENCE,https://www.beglobalpro.org/cursos/contenido/3a511cdc-b85b-4b71-ae94-638bab32fef3/359
CANVA desde Cero,360,Crea tus diseños con herramientas,Contenido y creatividad,"Podría ayudar a preparar una pieza inicial con herramientas de Canva, pendiente de definir formato y datos del miembro.",INFERRED,0.72,CATALOG_REFERENCE,https://www.beglobalpro.org/cursos/contenido/3a511cdc-b85b-4b71-ae94-638bab32fef3/360
CANVA desde Cero,361,Crea tu logo con y sin plantilla,Marca y propuesta de valor,"Podría orientar alternativas de logotipo y revisión de identidad, sin acreditar originalidad ni disponibilidad de plantillas para uso comercial.",INFERRED,0.79,CATALOG_REFERENCE,https://www.beglobalpro.org/cursos/contenido/3a511cdc-b85b-4b71-ae94-638bab32fef3/361
CANVA desde Cero,362,Redimensiona y anima tu diseño,Contenido y creatividad,"Podría apoyar un checklist para adaptar tamaños y movimiento de una pieza a distintos canales, verificando formatos actuales.",INFERRED,0.8,CATALOG_REFERENCE,https://www.beglobalpro.org/cursos/contenido/3a511cdc-b85b-4b71-ae94-638bab32fef3/362
CANVA desde Cero,363,Hacks de diseño en CANVA,Contenido y creatividad,"Podría orientar preguntas de mejora visual en Canva, sin inventar los trucos del recurso ni garantizar resultados profesionales.",INFERRED,0.66,CATALOG_REFERENCE,https://www.beglobalpro.org/cursos/contenido/3a511cdc-b85b-4b71-ae94-638bab32fef3/363
CANVA desde Cero,423,Creación de contenido para tus redes sociales,Contenido y creatividad,Podría ayudar a preparar un brief de publicaciones sociales que mantenga consistencia visual y datos comerciales verificables.,INFERRED,0.79,CATALOG_REFERENCE,https://www.beglobalpro.org/cursos/contenido/3a511cdc-b85b-4b71-ae94-638bab32fef3/423
CANVA desde Cero,424,Diseño gráfico para tu eCommerce con CANVA,Contenido y creatividad,"Podría orientar una lista de piezas gráficas necesarias para el ecommerce según producto, canal y recursos disponibles.",INFERRED,0.78,CATALOG_REFERENCE,https://www.beglobalpro.org/cursos/contenido/3a511cdc-b85b-4b71-ae94-638bab32fef3/424
CANVA desde Cero,536,Creación de Catálogos en CANVA,Tienda y catálogo,"Podría apoyar un esquema de catálogo en Canva con información confirmada de productos, sin asumir plantilla ni archivo descargado.",INFERRED,0.8,CATALOG_REFERENCE,https://www.beglobalpro.org/cursos/contenido/3a511cdc-b85b-4b71-ae94-638bab32fef3/536
Inducción a la Inteligencia Artificial para emprendedores,458,¿Qué es ChatGPT?,IA aplicada al negocio,"Podría aportar una referencia introductoria para elegir una tarea asistida por ChatGPT, verificando sus capacidades actuales antes de recomendarla.",INFERRED,0.76,CATALOG_REFERENCE,https://www.beglobalpro.org/cursos/contenido/0d132907-770b-4c67-92e1-e755a92c3762/458
Inducción a la Inteligencia Artificial para emprendedores,459,ChatGPT y sus limitaciones,IA aplicada al negocio,"Podría orientar preguntas de verificación y límites de uso de ChatGPT, sin inferir qué limitaciones concretas presenta la clase.",INFERRED,0.8,CATALOG_REFERENCE,https://www.beglobalpro.org/cursos/contenido/0d132907-770b-4c67-92e1-e755a92c3762/459
Inducción a la Inteligencia Artificial para emprendedores,460,Consideraciones importantes al utilizar ChatGPT,IA aplicada al negocio,"Podría apoyar un checklist de uso responsable y revisión humana, sin asumir el listado de consideraciones expuesto en el recurso.",INFERRED,0.75,CATALOG_REFERENCE,https://www.beglobalpro.org/cursos/contenido/0d132907-770b-4c67-92e1-e755a92c3762/460
Inducción a la Inteligencia Artificial para emprendedores,461,Cómo escribir mejores Prompts para ChatGPT,IA aplicada al negocio,"Podría orientar un borrador de prompt con objetivo y contexto del miembro, sin tratar la respuesta generada como evidencia verificada.",INFERRED,0.8,CATALOG_REFERENCE,https://www.beglobalpro.org/cursos/contenido/0d132907-770b-4c67-92e1-e755a92c3762/461
Inducción a la Inteligencia Artificial para emprendedores,462,El uso de ChatGPT en la gestión del negocio,IA aplicada al negocio,"Podría ayudar a identificar una tarea administrativa apta para un borrador asistido, sin delegar decisiones ni acceder a datos sensibles.",INFERRED,0.78,CATALOG_REFERENCE,https://www.beglobalpro.org/cursos/contenido/0d132907-770b-4c67-92e1-e755a92c3762/462
Inducción a la Inteligencia Artificial para emprendedores,463,La planificación con ChatGPT,IA aplicada al negocio,"Podría apoyar un prompt de planificación ajustado a tiempo y objetivo, revisando supuestos antes de convertirlo en compromisos.",INFERRED,0.79,CATALOG_REFERENCE,https://www.beglobalpro.org/cursos/contenido/0d132907-770b-4c67-92e1-e755a92c3762/463
Inducción a la Inteligencia Artificial para emprendedores,464,La planeación estratégica por IA,IA aplicada al negocio,"Podría orientar escenarios estratégicos preliminares con IA, separando hipótesis generadas de evidencia real y decisiones que requieren aprobación.",INFERRED,0.79,CATALOG_REFERENCE,https://www.beglobalpro.org/cursos/contenido/0d132907-770b-4c67-92e1-e755a92c3762/464
Inducción a la Inteligencia Artificial para emprendedores,465,Materiales publicitarios con ChatGPT,IA aplicada al negocio,"Podría ayudar a preparar variantes de mensajes publicitarios con datos comprobados, sujetas a revisión humana antes de usarse.",INFERRED,0.8,CATALOG_REFERENCE,https://www.beglobalpro.org/cursos/contenido/0d132907-770b-4c67-92e1-e755a92c3762/465
Inducción a la Inteligencia Artificial para emprendedores,473,Contenido digital con ChatGpt,IA aplicada al negocio,"Podría apoyar un prompt para guiones o piezas digitales, comprobando datos y evitando publicar automáticamente el contenido generado.",INFERRED,0.79,CATALOG_REFERENCE,https://www.beglobalpro.org/cursos/contenido/0d132907-770b-4c67-92e1-e755a92c3762/473
Inducción a la Inteligencia Artificial para emprendedores,524,Inteligencia Artificial para tu Contenido Digital,IA aplicada al negocio,"Podría orientar una tarea creativa asistida por IA según el canal del miembro, sin asumir herramientas o materiales incluidos.",INFERRED,0.76,CATALOG_REFERENCE,https://www.beglobalpro.org/cursos/contenido/0d132907-770b-4c67-92e1-e755a92c3762/524
TikTok Shop: Impulsa tus ventas,1082,Introducción TTS Mexico,Tienda y catálogo,"Podría contextualizar TikTok Shop México como canal para el miembro, aunque la introducción no detalla un procedimiento concreto.",INFERRED,0.7,CATALOG_REFERENCE,https://www.beglobalpro.org/cursos/contenido/6d5eb58c-2d2d-4cd2-9065-c56de64b60ef/1082
TikTok Shop: Impulsa tus ventas,1083,Registro a Tiktokshop y estrategias de precios,Tienda y catálogo,"Podría apoyar un checklist de registro y datos de precio para TikTok Shop, dejando apertura y decisiones económicas al miembro.",INFERRED,0.79,CATALOG_REFERENCE,https://www.beglobalpro.org/cursos/contenido/6d5eb58c-2d2d-4cd2-9065-c56de64b60ef/1083
TikTok Shop: Impulsa tus ventas,1084,Estrategia de precios con creadores,Costos y rentabilidad,"Podría orientar una estimación de precio que explicite costos de colaboración con creadores, sin inventar comisiones ni garantizar margen.",INFERRED,0.8,CATALOG_REFERENCE,https://www.beglobalpro.org/cursos/contenido/6d5eb58c-2d2d-4cd2-9065-c56de64b60ef/1084
TikTok Shop: Impulsa tus ventas,1085,Navegando TTS Seller central,Tienda y catálogo,"Podría servir como referencia de navegación en Seller Central para ubicar dudas operativas, sin acceder al panel del miembro.",INFERRED,0.78,CATALOG_REFERENCE,https://www.beglobalpro.org/cursos/contenido/6d5eb58c-2d2d-4cd2-9065-c56de64b60ef/1085
TikTok Shop: Impulsa tus ventas,1086,Análisis de métricas y optimización,Medición y diagnóstico,Podría apoyar una revisión de indicadores aportados por el miembro y separar cambios observados de hipótesis de optimización.,INFERRED,0.8,CATALOG_REFERENCE,https://www.beglobalpro.org/cursos/contenido/6d5eb58c-2d2d-4cd2-9065-c56de64b60ef/1086
TikTok Shop: Impulsa tus ventas,1087,Políticas y Roll de el creador en TTS,Revisión legal y fiscal,"Podría orientar preguntas sobre responsabilidades y políticas para creadores, verificando reglas actuales y escalando dudas contractuales al equipo.",INFERRED,0.77,CATALOG_REFERENCE,https://www.beglobalpro.org/cursos/contenido/6d5eb58c-2d2d-4cd2-9065-c56de64b60ef/1087
TikTok Shop: Impulsa tus ventas,1088,Creación de contenido atractivo,Contenido y creatividad,"Podría ayudar a preparar un brief de video de producto para TikTok Shop, sin asumir atractivo o conversión garantizados.",INFERRED,0.77,CATALOG_REFERENCE,https://www.beglobalpro.org/cursos/contenido/6d5eb58c-2d2d-4cd2-9065-c56de64b60ef/1088
TikTok Shop: Impulsa tus ventas,1089,Optimización de contenido para TikTok Shop,Contenido y creatividad,"Podría orientar una revisión de claridad y pertinencia de piezas para TikTok Shop con evidencia, sin prometer mejoras automáticas.",INFERRED,0.8,CATALOG_REFERENCE,https://www.beglobalpro.org/cursos/contenido/6d5eb58c-2d2d-4cd2-9065-c56de64b60ef/1089
TikTok Shop: Impulsa tus ventas,1090,Análisis y crecimiento como creador,Medición y diagnóstico,"Podría apoyar preguntas sobre evolución del desempeño como creador, usando datos reales sin tratar crecimiento como resultado asegurado.",INFERRED,0.77,CATALOG_REFERENCE,https://www.beglobalpro.org/cursos/contenido/6d5eb58c-2d2d-4cd2-9065-c56de64b60ef/1090
Taller de Ecommerce con Allan Gerardo.,1422,Martes 03 de Marzo 2026,Orientación y ruta académica,"La fecha del tres de marzo de dos mil veintiséis identifica una sesión, sin tema suficiente para recomendar una tarea.",AMBIGUOUS,0.16,CATALOG_REFERENCE,https://www.beglobalpro.org/cursos/contenido/8f4b5eb9-2f0c-4e4f-8035-0c4ce3bc797c/1422
Taller de Ecommerce con Allan Gerardo.,1424,Jueves 05 de Marzo,Orientación y ruta académica,"La referencia del cinco de marzo permite localizar el encuentro, pero no describe qué necesidad de ecommerce aborda.",AMBIGUOUS,0.15,CATALOG_REFERENCE,https://www.beglobalpro.org/cursos/contenido/8f4b5eb9-2f0c-4e4f-8035-0c4ce3bc797c/1424
Taller de Ecommerce con Allan Gerardo.,1426,Martes 10 de Marzo 2026,Orientación y ruta académica,La sesión del diez de marzo carece de título temático; necesita descripción antes de asignarle un aporte específico.,AMBIGUOUS,0.16,CATALOG_REFERENCE,https://www.beglobalpro.org/cursos/contenido/8f4b5eb9-2f0c-4e4f-8035-0c4ce3bc797c/1426
Taller de Ecommerce con Allan Gerardo.,1443,Jueves 12 de Marzo,Orientación y ruta académica,"El encuentro del doce de marzo solo aporta fecha, sin información suficiente para proponer una misión al miembro.",AMBIGUOUS,0.15,CATALOG_REFERENCE,https://www.beglobalpro.org/cursos/contenido/8f4b5eb9-2f0c-4e4f-8035-0c4ce3bc797c/1443
Taller de Ecommerce con Allan Gerardo.,1446,Martes 17 de Marzo 2026,Orientación y ruta académica,"La referencia del diecisiete de marzo identifica una sesión del taller, pero requiere contenido para conocer sus temas.",AMBIGUOUS,0.16,CATALOG_REFERENCE,https://www.beglobalpro.org/cursos/contenido/8f4b5eb9-2f0c-4e4f-8035-0c4ce3bc797c/1446
Taller de Ecommerce con Allan Gerardo.,1452,Martes 24 de Marzo 2026,Orientación y ruta académica,El título del veinticuatro de marzo no delimita materias ni tareas; falta evidencia adicional para una recomendación concreta.,AMBIGUOUS,0.16,CATALOG_REFERENCE,https://www.beglobalpro.org/cursos/contenido/8f4b5eb9-2f0c-4e4f-8035-0c4ce3bc797c/1452
Taller de Ecommerce con Allan Gerardo.,1454,Jueves 26 de Marzo 2026,Orientación y ruta académica,"La sesión del veintiséis de marzo puede localizarse por fecha, sin inferir procedimientos de ecommerce a partir del índice.",AMBIGUOUS,0.16,CATALOG_REFERENCE,https://www.beglobalpro.org/cursos/contenido/8f4b5eb9-2f0c-4e4f-8035-0c4ce3bc797c/1454
Taller de Ecommerce con Allan Gerardo.,1457,Martes 31 de Marzo 2026,Orientación y ruta académica,"La fecha del treinta y uno de marzo cierra este listado, pero no demuestra un tema o entregable final.",AMBIGUOUS,0.16,CATALOG_REFERENCE,https://www.beglobalpro.org/cursos/contenido/8f4b5eb9-2f0c-4e4f-8035-0c4ce3bc797c/1457
